datetime,wl_NH15 Crossing Dhansirighat,wl_NH15 Crossing Fakirpara Tangni,wl_NH17 Crossing Boko,rf_NH15 Crossing Dhansirighat,rf_NH15 Crossing Fakirpara Tangni,rf_NH17 Crossing Boko
2022-02-25 00:00:00,0.296,0.502,4.241,0.0,0.0,2.4956105341072465
2022-02-25 01:00:00,0.296,0.502,4.241,0.0,0.0,0.0
2022-02-25 02:00:00,0.296,0.502,4.241,0.0,0.0,0.0
2022-02-25 03:00:00,0.296,0.502,4.241,0.0,0.0,0.0
2022-02-25 04:00:00,0.296,0.502,4.241,0.0,0.0,0.0
2022-02-25 05:00:00,0.296,0.502,4.241,0.0,0.0,0.0
2022-02-25 06:00:00,0.296,0.502,4.241,0.0,0.0,0.0
2022-02-25 07:00:00,0.296,0.502,4.241,0.0,0.0,0.0
2022-02-25 08:00:00,0.296,0.502,4.241,0.0,0.0,0.0
2022-02-25 09:00:00,0.296,0.502,4.241,0.0,0.0,0.0
2022-02-25 10:00:00,0.296,0.502,4.241,0.0,3.1927901121557527,0.0
2022-02-25 11:00:00,0.296,0.502,4.241,2.067785824464453,0.0,0.0
2022-02-25 12:00:00,0.296,0.502,4.241,0.0,3.595660024534475,0.0
2022-02-25 13:00:00,0.296,0.502,4.241,0.0,0.0,0.0
2022-02-25 14:00:00,0.296,0.502,4.241,0.0,0.0,0.0
2022-02-25 15:00:00,0.296,0.502,4.241,0.0,0.0,0.0
2022-02-25 16:00:00,0.296,0.502,4.241,1.45210993040342,1.2189717088087526,1.3024210869667598
2022-02-25 17:00:00,0.296,0.502,4.241,0.0,0.0,0.0
2022-02-25 18:00:00,0.296,0.502,4.241,0.0,0.0,0.0
2022-02-25 19:00:00,0.296,0.502,4.2075,0.0,0.0,0.0
2022-02-25 20:00:00,0.296,0.502,4.174,0.0,0.0,0.0
2022-02-25 21:00:00,0.296,0.502,4.172,0.0,0.0,0.0
2022-02-25 22:00:00,0.296,0.502,4.17,0.0,0.0,0.0
2022-02-25 23:00:00,0.296,0.502,4.165,0.0,0.0,0.0
2022-02-26 00:00:00,0.296,0.502,4.157,0.0,0.0,0.0
2022-02-26 01:00:00,0.296,0.502,4.157,0.0,0.0,0.0
2022-02-26 02:00:00,0.296,0.502,4.149,0.0,0.0,0.0
2022-02-26 03:00:00,0.296,0.502,4.13,0.0,0.0,0.0
2022-02-26 04:00:00,0.296,0.502,4.083,0.0,0.0,17.536932972963587
2022-02-26 05:00:00,0.296,0.502,4.018,0.0,0.0,0.0
2022-02-26 06:00:00,0.296,0.502,3.964,0.0,0.0,0.0
2022-02-26 07:00:00,0.296,0.502,3.913,0.0,0.0,0.0
2022-02-26 08:00:00,0.296,0.502,3.889,0.0,0.0,0.0
2022-02-26 09:00:00,0.296,0.502,3.883,0.0,0.0,0.0
2022-02-26 10:00:00,0.296,0.502,3.889,0.0,0.0,0.0
2022-02-26 11:00:00,0.296,0.502,3.908,0.0,0.0,0.0
2022-02-26 12:00:00,0.296,0.502,3.936,0.0,0.0,0.0
2022-02-26 13:00:00,0.296,0.502,3.97,0.0,0.0,0.0
2022-02-26 14:00:00,0.296,0.502,3.993,4.351263258570207,3.6109679025983104,3.4485415054920288
2022-02-26 15:00:00,0.296,0.502,4.019,0.0,0.0,0.0
2022-02-26 16:00:00,0.296,0.502,4.043,0.0,0.5564053031980143,0.0
2022-02-26 17:00:00,0.296,0.502,4.057,0.0,0.0,0.0
2022-02-26 18:00:00,0.291,0.502,4.071,0.0,0.0,0.0
2022-02-26 19:00:00,0.293,0.502,4.081,0.0,0.0,0.0
2022-02-26 20:00:00,0.291,0.502,4.096,0.0,0.0,0.0
2022-02-26 21:00:00,0.294,0.502,4.108,0.0,0.0,0.0
2022-02-26 22:00:00,0.292,0.502,4.115,0.0,0.0,0.0
2022-02-26 23:00:00,0.29,0.502,4.122,0.0,1.686548584954392,0.0
2022-02-27 00:00:00,0.297,0.502,4.127,0.4322303032403823,3.5012523785004244,0.0701739765468989
2022-02-27 01:00:00,0.297,0.48133333333333334,4.133,0.0,0.0,0.0
2022-02-27 02:00:00,0.304,0.46066666666666667,4.138,0.0,0.0,0.0
2022-02-27 03:00:00,0.304,0.44,4.142,3.7948894195089538,8.734308499968904,1.234609561772666
2022-02-27 04:00:00,0.305,0.41933333333333334,4.149,0.0,0.0,0.0
2022-02-27 05:00:00,0.299,0.39866666666666667,4.15,0.0,0.0,0.0
2022-02-27 06:00:00,0.307,0.378,4.155,0.0,0.0,0.6045430841736549
2022-02-27 07:00:00,0.304,0.35733333333333334,4.158,0.0,0.0,0.0
2022-02-27 08:00:00,0.308,0.33666666666666667,4.168,0.0,0.0,0.0
2022-02-27 09:00:00,0.337,0.316,4.181,0.0,0.0,0.0
2022-02-27 10:00:00,0.351,0.29533333333333334,4.19,0.0,0.0,0.0
2022-02-27 11:00:00,0.385,0.27466666666666667,4.196,0.0,0.0,0.0
2022-02-27 12:00:00,0.343,0.254,4.206,0.0,0.0,0.0
2022-02-27 13:00:00,0.334,0.23333333333333334,4.215,0.0,0.0,0.0
2022-02-27 14:00:00,0.366,0.21266666666666667,4.217,0.0,0.0,0.0
2022-02-27 15:00:00,0.323,0.192,4.224,0.0,0.0,0.0
2022-02-27 16:00:00,0.321,0.203,4.224,0.0,0.0,0.0
2022-02-27 17:00:00,0.319,0.2,4.224,0.0,0.0,0.0
2022-02-27 18:00:00,0.315,0.185,4.222,0.0,0.0,0.5864179755773892
2022-02-27 19:00:00,0.313,0.177,4.22,6.325583023798292,0.0,0.0
2022-02-27 20:00:00,0.317,0.167,4.216,0.0,0.0,0.0
2022-02-27 21:00:00,0.311,0.151,4.218,0.0,0.0,0.0
2022-02-27 22:00:00,0.304,0.147,4.219,0.0,0.0,0.0
2022-02-27 23:00:00,0.312,0.147,4.22,0.0,0.0,0.0
2022-02-28 00:00:00,0.31,0.146,4.221,0.0,0.0,0.0
2022-02-28 01:00:00,0.315,0.145,4.224,0.0,0.0,0.0
2022-02-28 02:00:00,0.305,0.147,4.225,0.4823426481770704,0.0,0.0
2022-02-28 03:00:00,0.305,0.149,4.225,0.0,0.0,0.0
2022-02-28 04:00:00,0.305,0.154,4.226,0.0,0.0,0.0
2022-02-28 05:00:00,0.308,0.159,4.227,0.0,0.0,0.0
2022-02-28 06:00:00,0.308,0.164,4.228,0.0,0.0,0.0
2022-02-28 07:00:00,0.334,0.184,4.231,0.0,0.0,0.0
2022-02-28 08:00:00,0.309,0.195,4.236,0.0,0.0,0.0
2022-02-28 09:00:00,0.299,0.201,4.243,0.0,0.0,0.0
2022-02-28 10:00:00,0.31,0.219,4.251,0.6495257748254276,0.7256329531106793,0.7030994142316022
2022-02-28 11:00:00,0.325,0.229,4.252,0.0,0.0,0.0
2022-02-28 12:00:00,0.328,0.241,4.261,0.0,0.0,0.0
2022-02-28 13:00:00,0.332,0.251,4.269,0.0,0.0,0.0
2022-02-28 14:00:00,0.342,0.248,4.271,0.0,0.0,0.0
2022-02-28 15:00:00,0.343,0.24,4.27,0.0,0.0,0.0
2022-02-28 16:00:00,0.363,0.224,4.27,0.0,0.0,0.0
2022-02-28 17:00:00,0.322,0.204,4.27,0.0,0.0,0.0
2022-02-28 18:00:00,0.316,0.169,4.265,1.186429069484155,0.0,0.0
2022-02-28 19:00:00,0.296,0.164,4.261,0.0,0.0,0.0
2022-02-28 20:00:00,0.286,0.164,4.261,0.0,0.0,0.0
2022-02-28 21:00:00,0.298,0.165,4.26,0.0,0.0,0.0
2022-02-28 22:00:00,0.287,0.165,4.255,0.0,0.0,0.0
2022-02-28 23:00:00,0.288,0.161,4.257,0.0,0.0,0.0
2022-03-01 00:00:00,0.285,0.159,4.255,0.0,0.0,0.0
2022-03-01 01:00:00,0.285,0.158,4.256,0.0,9.342860781011492,0.0
2022-03-01 02:00:00,0.294,0.16,4.261,0.0,0.0,0.0
2022-03-01 03:00:00,0.272,0.161,4.257,0.0,0.0,0.0
2022-03-01 04:00:00,0.286,0.166,4.257,0.0,0.0,0.0
2022-03-01 05:00:00,0.291,0.175,4.257,0.0,0.0,0.0
2022-03-01 06:00:00,0.29,0.18,4.255,0.0,0.0,0.0
2022-03-01 07:00:00,0.281,0.186,4.254,1.0466071173641052,0.0,0.0
2022-03-01 08:00:00,0.283,0.199,4.26,0.0,0.0,8.123053593382648
2022-03-01 09:00:00,0.333,0.219,4.266,0.0,0.0,0.0
2022-03-01 10:00:00,0.347,0.231,4.27,0.0,0.0,0.0
2022-03-01 11:00:00,0.334,0.241,4.272,0.0,0.0,0.0
2022-03-01 12:00:00,0.338,0.257,4.288,0.0,0.0,0.0
2022-03-01 13:00:00,0.362,0.269,4.2872,0.0,0.0,0.0
2022-03-01 14:00:00,0.342,0.273,4.2864,0.0,0.0,0.0
2022-03-01 15:00:00,0.32,0.27,4.2856,0.0,0.0,0.0
2022-03-01 16:00:00,0.292,0.26,4.2848,0.0,0.0,0.0
2022-03-01 17:00:00,0.296,0.26,4.284,0.03670310495153234,0.0,0.0
2022-03-01 18:00:00,0.283,0.253,4.281,0.0,0.0,0.0
2022-03-01 19:00:00,0.289,0.238,4.277,0.0,0.0,0.0
2022-03-01 20:00:00,0.299,0.229,4.273,0.0,0.0,0.0
2022-03-01 21:00:00,0.307,0.221,4.269,0.0,0.0,0.0
2022-03-01 22:00:00,0.314,0.223,4.272,0.0,0.0,0.0
2022-03-01 23:00:00,0.32,0.227,4.269,0.0,0.0,0.0
2022-03-02 00:00:00,0.323,0.225,4.269,0.0,5.032523989362543,0.0
2022-03-02 01:00:00,0.328,0.223,4.266,0.0,0.0,0.0
2022-03-02 02:00:00,0.327,0.218,4.268,0.0,0.0,0.0
2022-03-02 03:00:00,0.322,0.214,4.268,0.0,0.0,0.0
2022-03-02 04:00:00,0.326,0.215,4.267,0.0,0.0,0.0
2022-03-02 05:00:00,0.323,0.218,4.266,0.0,0.0,0.0
2022-03-02 06:00:00,0.323,0.219,4.267,1.5088199985084452,6.65702511801688,0.17325111616212374
2022-03-02 07:00:00,0.323,0.226,4.268,0.0,0.0,0.0
2022-03-02 08:00:00,0.33,0.237,4.272,0.0,0.0,0.0
2022-03-02 09:00:00,0.34,0.263,4.279,0.0,0.0,0.0
2022-03-02 10:00:00,0.344,0.28,4.283,0.0,0.0,0.0
2022-03-02 11:00:00,0.365,0.288,4.288,0.0,0.0,0.0
2022-03-02 12:00:00,0.376,0.318,4.298,0.0,0.0,0.0
2022-03-02 13:00:00,0.346,0.32,4.304,0.0,0.0,0.49035625141362893
2022-03-02 14:00:00,0.345,0.325,4.302,0.3560383715933037,0.0,0.0
2022-03-02 15:00:00,0.315,0.319,4.301,0.0,0.0,0.0
2022-03-02 16:00:00,0.299,0.312,4.302,0.0,0.0,0.0
2022-03-02 17:00:00,0.289,0.273,4.297,2.6631985908899014,2.051499597398762,2.6494595250987194
2022-03-02 18:00:00,0.283,0.281,4.292,0.0,0.0,0.0
2022-03-02 19:00:00,0.288,0.266,4.289,0.0,0.0,0.0
2022-03-02 20:00:00,0.285,0.255,4.287,0.0,0.0,0.0
2022-03-02 21:00:00,0.299,0.242,4.285,0.0,0.0,0.0
2022-03-02 22:00:00,0.302,0.194,4.284,0.0,0.0,0.0
2022-03-02 23:00:00,0.306,0.224,4.286,0.0,0.0,0.0
2022-03-03 00:00:00,0.318,0.225,4.286,0.0,0.0,0.0
2022-03-03 01:00:00,0.322,0.22,4.281,0.0,0.0,0.0
2022-03-03 02:00:00,0.33,0.217,4.28,0.0,0.0,0.0
2022-03-03 03:00:00,0.337,0.216,4.28,0.0,0.0,0.0
2022-03-03 04:00:00,0.332,0.216,4.279,0.0,0.0,0.0
2022-03-03 05:00:00,0.333,0.218,4.281,0.0,0.0,0.0
2022-03-03 06:00:00,0.321,0.218,4.278,0.0,1.6284308281227844,0.0
2022-03-03 07:00:00,0.329,0.228,4.281,3.6874865740778957,0.0,0.0
2022-03-03 08:00:00,0.334,0.244,4.286,1.9496010234663488,0.0,0.0
2022-03-03 09:00:00,0.34,0.269,4.289999999999999,0.0,0.0,0.0
2022-03-03 10:00:00,0.35,0.29,4.294,0.0,0.0,0.0
2022-03-03 11:00:00,0.398,0.303,4.3,0.0,0.0,0.0
2022-03-03 12:00:00,0.399,0.312,4.312,0.0,0.0,2.712725226978734
2022-03-03 13:00:00,0.361,0.341,4.317,0.0,0.0,0.0
2022-03-03 14:00:00,0.358,0.258,4.312,0.0,0.0,0.0
2022-03-03 15:00:00,0.353,0.28300000000000003,4.312,0.9391413958299979,7.756876550216524,7.087007249391402
2022-03-03 16:00:00,0.346,0.308,4.311,0.0,0.0,0.0
2022-03-03 17:00:00,0.348,0.301,4.308,0.0,0.0,0.0
2022-03-03 18:00:00,0.339,0.279,4.302,0.0,0.0,0.0
2022-03-03 19:00:00,0.334,0.259,4.296,0.0,0.0,0.0
2022-03-03 20:00:00,0.337,0.257,4.293,0.0,0.0,0.0
2022-03-03 21:00:00,0.336,0.253,4.293,0.0,0.0,0.0
2022-03-03 22:00:00,0.301,0.249,4.288,0.0,0.0,0.0
2022-03-03 23:00:00,0.311,0.249,4.289,0.0,0.0,0.0
2022-03-04 00:00:00,0.305,0.249,4.288,0.0,0.2790140520100862,0.0
2022-03-04 01:00:00,0.303,0.248,4.291,0.0,0.0,0.0
2022-03-04 02:00:00,0.306,0.248,4.286,0.0,0.0,0.0
2022-03-04 03:00:00,0.297,0.244,4.285,0.0,0.0,0.0
2022-03-04 04:00:00,0.309,0.246,4.286,0.0,0.0,0.0
2022-03-04 05:00:00,0.301,0.251,4.288,0.0,0.0,0.0
2022-03-04 06:00:00,0.311,0.252,4.287,0.0,0.0,0.0
2022-03-04 07:00:00,0.304,0.26,4.288,0.0,0.0,0.0
2022-03-04 08:00:00,0.311,0.269,4.296,0.0,0.0,0.0
2022-03-04 09:00:00,0.365,0.298,4.3,0.0,0.0,0.0
2022-03-04 10:00:00,0.34550000000000003,0.32,4.301,0.0,0.0,0.0
2022-03-04 11:00:00,0.326,0.3,4.307,0.0,0.0,0.0
2022-03-04 12:00:00,0.337,0.338,4.313,0.0,0.0,0.0
2022-03-04 13:00:00,0.384,0.346,4.325,0.0,0.0,0.0
2022-03-04 14:00:00,0.317,0.37,4.32,0.0,0.0,0.0
2022-03-04 15:00:00,0.323,0.352,4.321,0.0,0.0,0.0
2022-03-04 16:00:00,0.322,0.353,4.316,0.0,0.0,0.0
2022-03-04 17:00:00,0.316,0.344,4.312,0.0,0.0,0.0
2022-03-04 18:00:00,0.315,0.328,4.306,0.0,0.0,0.0
2022-03-04 19:00:00,0.312,0.31,4.302,0.0,0.0,0.0
2022-03-04 20:00:00,0.314,0.295,4.296,0.0,0.0,0.0
2022-03-04 21:00:00,0.322,0.273,4.296,0.0,0.0,0.0
2022-03-04 22:00:00,0.321,0.287,4.289,0.0,0.0,0.0
2022-03-04 23:00:00,0.32,0.277,4.286,0.0,0.0,0.0
2022-03-05 00:00:00,0.319,0.28,4.28,0.0,0.0,0.0
2022-03-05 01:00:00,0.302,0.295,4.27,0.0,0.0,9.096805191305322
2022-03-05 02:00:00,0.313,0.3,4.255,0.0,0.0,0.0
2022-03-05 03:00:00,0.307,0.279,4.24,0.0,0.0,0.0
2022-03-05 04:00:00,0.308,0.271,4.215,0.0,0.0,0.0
2022-03-05 05:00:00,0.317,0.269,4.194,0.0,1.5282570345485498,1.2102634678535784
2022-03-05 06:00:00,0.317,0.269,4.171,0.0,0.0,0.0
2022-03-05 07:00:00,0.345,0.271,4.148,0.0,0.47015890097704166,0.0
2022-03-05 08:00:00,0.311,0.285,4.132,0.23978401449811257,0.4362720954606814,0.38548608275846225
2022-03-05 09:00:00,0.324,0.3,4.116,0.0,0.0,0.0
2022-03-05 10:00:00,0.332,0.313,4.097,0.0,0.0,0.0
2022-03-05 11:00:00,0.333,0.337,4.075,0.0,0.0,0.0
2022-03-05 12:00:00,0.359,0.343,4.066,0.0,0.0,0.0
2022-03-05 13:00:00,0.352,0.277,4.049,0.0,0.0,0.0
2022-03-05 14:00:00,0.354,0.074,4.023,0.0,0.0,0.0
2022-03-05 15:00:00,0.332,0.1855,4.003,0.0,0.0,0.0
2022-03-05 16:00:00,0.331,0.297,3.982,0.0,0.0,0.0
2022-03-05 17:00:00,0.325,0.32,3.958,0.0,0.0,0.0
2022-03-05 18:00:00,0.318,0.319,3.937,0.0,0.0,0.0
2022-03-05 19:00:00,0.316,0.313,3.916,0.0,0.0,0.0
2022-03-05 20:00:00,0.318,0.311,3.897,0.0,0.0,0.0
2022-03-05 21:00:00,0.323,0.312,3.878,0.0,0.0,0.0
2022-03-05 22:00:00,0.338,0.313,3.864,0.0,0.0,1.3837755534896095
2022-03-05 23:00:00,0.343,0.313,3.845,0.0,0.0,0.0
2022-03-06 00:00:00,0.346,0.313,3.832,0.0,0.0,0.0
2022-03-06 01:00:00,0.339,0.32,3.819,0.0,0.0,0.0
2022-03-06 02:00:00,0.348,0.324,3.806,0.0,0.0,0.0
2022-03-06 03:00:00,0.342,0.321,3.795,0.0,0.0,0.0
2022-03-06 04:00:00,0.348,0.312,3.784,0.0,0.0,0.0
2022-03-06 05:00:00,0.343,0.305,3.777,0.0,0.0,0.0
2022-03-06 06:00:00,0.341,0.308,3.768,0.0,0.0,0.0
2022-03-06 07:00:00,0.343,0.312,3.764,0.0,0.0,0.0
2022-03-06 08:00:00,0.348,0.327,3.764,0.0,0.0,0.0
2022-03-06 09:00:00,0.359,0.353,3.764,0.0,0.0,0.0
2022-03-06 10:00:00,0.378,0.375,3.762,0.0,0.0,0.0
2022-03-06 11:00:00,0.375,0.404,3.763,0.0,0.0,0.0
2022-03-06 12:00:00,0.412,0.499,3.772,0.0,0.0,0.0
2022-03-06 13:00:00,0.415,0.44,3.777,0.05352415998722593,0.0,0.0
2022-03-06 14:00:00,0.378,0.457,3.767,0.0,0.0,0.0
2022-03-06 15:00:00,0.389,0.459,3.766,0.0,0.0,0.0
2022-03-06 16:00:00,0.368,0.482,3.758,0.0,0.0,0.0
2022-03-06 17:00:00,0.37,0.388,3.753,0.0,0.0,0.0
2022-03-06 18:00:00,0.361,0.54,3.743,0.0,0.0,0.0
2022-03-06 19:00:00,0.364,0.466,3.734,0.0,0.0,0.0
2022-03-06 20:00:00,0.358,0.445,3.73,0.0,0.0,0.0
2022-03-06 21:00:00,0.347,0.463,3.724,0.0,0.0,0.0
2022-03-06 22:00:00,0.343,0.449,3.721,0.0,0.0,0.0
2022-03-06 23:00:00,0.335,0.45,3.714,0.0,0.0,0.0
2022-03-07 00:00:00,0.331,0.394,3.71,0.0,0.0,0.0
2022-03-07 01:00:00,0.33,0.353,3.708,0.0,0.0,0.0
2022-03-07 02:00:00,0.332,0.357,3.705,0.0,0.0,1.4674049722668563
2022-03-07 03:00:00,0.328,0.373,3.7,0.0,0.0,0.0
2022-03-07 04:00:00,0.328,0.371,3.694,0.0,0.0,0.0
2022-03-07 05:00:00,0.329,0.372,3.693,0.0,0.0,0.0
2022-03-07 06:00:00,0.322,0.368,3.689,0.0,0.0,0.0
2022-03-07 07:00:00,0.323,0.373,3.691,0.0,0.0,0.0
2022-03-07 08:00:00,0.333,0.394,3.695,0.0,0.0,1.0077514254365698
2022-03-07 09:00:00,0.345,0.424,3.704,0.0,0.0,0.0
2022-03-07 10:00:00,0.416,0.431,3.707,0.0,0.0,0.0
2022-03-07 11:00:00,0.384,0.48,3.709,0.0,0.0,0.0
2022-03-07 12:00:00,0.405,0.384,3.721,0.0,0.0,0.0
2022-03-07 13:00:00,0.41,0.456,3.727,0.0,0.0,0.0
2022-03-07 14:00:00,0.366,0.461,3.724,0.0,0.0,0.0
2022-03-07 15:00:00,0.353,0.463,3.725,0.0,0.0,0.0
2022-03-07 16:00:00,0.35,0.454,3.719,0.0,3.667526285094925,0.0
2022-03-07 17:00:00,0.348,0.448,3.714,0.0,0.0,0.0
2022-03-07 18:00:00,0.353,0.436,3.712,0.0,0.0,0.0
2022-03-07 19:00:00,0.337,0.426,3.703,0.0,0.0,0.0
2022-03-07 20:00:00,0.339,0.421,3.745,0.0,0.0,0.0
2022-03-07 21:00:00,0.332,0.415,3.905,0.0,0.0,0.0
2022-03-07 22:00:00,0.337,0.412,4.036,0.0,0.0,0.0
2022-03-07 23:00:00,0.332,0.408,4.125,0.0,0.0,0.0
2022-03-08 00:00:00,0.334,0.406,4.186,0.0,0.0,0.0
2022-03-08 01:00:00,0.331,0.405,4.226,0.0,0.0,0.0
2022-03-08 02:00:00,0.338,0.405,4.253,0.0,0.0,0.0
2022-03-08 03:00:00,0.345,0.401,4.273,0.0,0.0,0.0
2022-03-08 04:00:00,0.344,0.401,4.288,0.798053725239686,0.0,3.129938106106857
2022-03-08 05:00:00,0.335,0.399,4.294,0.0,0.0,0.0
2022-03-08 06:00:00,0.35,0.398,4.302,0.0,0.0,0.0
2022-03-08 07:00:00,0.345,0.401,4.308,0.0,0.0,0.0
2022-03-08 08:00:00,0.355,0.413,4.317,0.0,0.0,0.0
2022-03-08 09:00:00,0.41,0.409,4.323,0.0,0.0,0.0
2022-03-08 10:00:00,0.393,0.417,4.331,0.0,0.0,0.0
2022-03-08 11:00:00,0.411,0.425,4.334,0.0,0.0,0.0
2022-03-08 12:00:00,0.383,0.28500000000000003,4.347,0.0,0.0,0.0
2022-03-08 13:00:00,0.41,0.14500000000000002,4.356,0.0,0.0,0.0
2022-03-08 14:00:00,0.37,0.005,4.352,0.0,0.0,0.0
2022-03-08 15:00:00,0.359,0.01,4.355,0.0,0.0,0.367559223846733
2022-03-08 16:00:00,0.356,0.007,4.354,0.0,0.0,0.0
2022-03-08 17:00:00,0.371,0.001,4.351,0.0,0.0,0.0
2022-03-08 18:00:00,0.354,0.001,4.345,0.0,1.6544525561048187,0.0
2022-03-08 19:00:00,0.358,0.001,4.345,0.0,0.0,0.0
2022-03-08 20:00:00,0.351,0.001,4.344,0.0,0.0,0.0
2022-03-08 21:00:00,0.348,0.001,4.34,0.0,0.0,0.0
2022-03-08 22:00:00,0.341,0.001,4.336,0.0,0.0,0.0
2022-03-08 23:00:00,0.353,0.001,4.336,0.0,0.0,0.0
2022-03-09 00:00:00,0.346,0.001,4.331,0.0,0.0,0.0
2022-03-09 01:00:00,0.348,0.001,4.33,0.0,0.0,0.0
2022-03-09 02:00:00,0.355,0.001,4.33,0.0,0.0,0.0
2022-03-09 03:00:00,0.362,0.001,4.327,0.0,0.0,0.0
2022-03-09 04:00:00,0.358,0.001,4.328,0.0,0.0,0.0
2022-03-09 05:00:00,0.355,0.001,4.326,0.0,0.0,0.0
2022-03-09 06:00:00,0.356,0.001,4.327,0.0,0.0,0.0
2022-03-09 07:00:00,0.356,0.001,4.329,0.0,0.0,0.0
2022-03-09 08:00:00,0.364,0.001,4.333,0.0,0.0,0.0
2022-03-09 09:00:00,0.384,0.001,4.337,0.0,0.0,0.0
2022-03-09 10:00:00,0.382,0.001,4.345,0.0,0.0,0.0
2022-03-09 11:00:00,0.428,0.001,4.348,0.0,0.0,0.0
2022-03-09 12:00:00,0.409,0.004,4.362,0.0,0.0,0.0
2022-03-09 13:00:00,0.416,0.001,4.373,0.0,0.0,0.0
2022-03-09 14:00:00,0.39,0.001,4.37,0.0,0.0,0.0
2022-03-09 15:00:00,0.392,0.001,4.366,0.0,0.0,0.0
2022-03-09 16:00:00,0.383,0.001,4.365,0.0,0.0,0.0
2022-03-09 17:00:00,0.369,0.001,4.36,2.846906433019872,16.556427008773102,31.461582415494448
2022-03-09 18:00:00,0.369,0.001,4.355,0.0,0.0,0.0
2022-03-09 19:00:00,0.368,0.001,4.35,0.0,0.0,0.0
2022-03-09 20:00:00,0.361,0.001,4.347,3.3479368000311114,0.0,0.0
2022-03-09 21:00:00,0.362,0.001,4.342,0.14559382970297902,0.0,0.0
2022-03-09 22:00:00,0.362,0.001,4.342,0.0,0.0,0.0
2022-03-09 23:00:00,0.361,0.001,4.34,0.0,0.0,0.0
2022-03-10 00:00:00,0.366,0.001,4.338,0.0,0.0,0.0
2022-03-10 01:00:00,0.362,0.001,4.339,0.0,0.0,0.0
2022-03-10 02:00:00,0.373,0.001,4.338,0.0,0.0,0.0
2022-03-10 03:00:00,0.364,0.001,4.335,6.33376088527106,0.11851339949833416,1.161828183428657
2022-03-10 04:00:00,0.366,0.001,4.334,0.0,0.0,0.0
2022-03-10 05:00:00,0.358,0.001,4.334,0.0,0.0,0.0
2022-03-10 06:00:00,0.368,0.001,4.335,0.0,0.0,0.0
2022-03-10 07:00:00,0.365,0.001,4.339,0.0,0.47425940562925917,0.0
2022-03-10 08:00:00,0.37,0.001,4.341,0.0,0.0,0.0
2022-03-10 09:00:00,0.394,0.001,4.347,0.0,0.0,0.0
2022-03-10 10:00:00,0.389,0.001,4.352,0.0,0.0,0.0
2022-03-10 11:00:00,0.396,0.001,4.356,0.0,0.0,0.0
2022-03-10 12:00:00,0.414,0.001,4.367,0.0,0.0,0.0
2022-03-10 13:00:00,0.43,0.001,4.378,0.0,0.0,0.0
2022-03-10 14:00:00,0.401,0.001,4.373,0.0,0.0,0.0
2022-03-10 15:00:00,0.394,0.001,4.373,0.0,0.0,0.0
2022-03-10 16:00:00,0.388,0.001,4.376,0.0,0.0,0.0
2022-03-10 17:00:00,0.381,0.001,4.366,0.0,0.0,0.0
2022-03-10 18:00:00,0.383,0.001,4.36,0.0,0.0,0.0
2022-03-10 19:00:00,0.38,0.001,4.354,0.0,0.0,9.426819446895474
2022-03-10 20:00:00,0.377,0.001,4.348,0.0,0.0,0.0
2022-03-10 21:00:00,0.377,0.001,4.344,0.0,0.0,0.0
2022-03-10 22:00:00,0.379,0.001,4.34,0.0,0.0,0.0
2022-03-10 23:00:00,0.377,0.001,4.34,0.0,0.0,0.0
2022-03-11 00:00:00,0.394,0.001,4.339,0.0,0.0,0.0
2022-03-11 01:00:00,0.387,0.001,4.338,3.322419155863197,1.7831889569534622,38.416062096554754
2022-03-11 02:00:00,0.386,0.001,4.337,0.0,0.0,0.0
2022-03-11 03:00:00,0.384,0.001,4.338,0.0,0.0,0.0
2022-03-11 04:00:00,0.38,0.001,4.335,0.0,0.0,0.0
2022-03-11 05:00:00,0.381,0.001,4.335,0.0,0.0,0.0
2022-03-11 06:00:00,0.382,0.001,4.336,0.0,0.0,0.0
2022-03-11 07:00:00,0.379,0.001,4.339,0.0,0.0,0.0
2022-03-11 08:00:00,0.386,0.001,4.342,0.0,0.0,0.0
2022-03-11 09:00:00,0.394,0.001,4.35,0.0,0.0,0.0
2022-03-11 10:00:00,0.41,0.001,4.353,0.0,0.0,0.0
2022-03-11 11:00:00,0.408,0.001,4.36,0.0,0.0,0.0
2022-03-11 12:00:00,0.451,0.001,4.368,0.0,0.0,0.0
2022-03-11 13:00:00,0.422,0.001,4.377,0.0,0.0,0.0
2022-03-11 14:00:00,0.404,0.001,4.371,0.0,0.0,0.0
2022-03-11 15:00:00,0.394,0.001088235294117647,4.373,0.0,0.0,0.0
2022-03-11 16:00:00,0.388,0.0011764705882352942,4.369,0.0,0.17914356971743323,0.0
2022-03-11 17:00:00,0.378,0.0012647058823529412,4.366,0.0,0.0,0.0
2022-03-11 18:00:00,0.371,0.0013529411764705882,4.359,0.0,0.0,0.0
2022-03-11 19:00:00,0.379,0.0014411764705882352,4.359,0.0,0.0,0.0
2022-03-11 20:00:00,0.368,0.0015294117647058824,4.352,0.0,0.0,0.0
2022-03-11 21:00:00,0.368,0.0016176470588235294,4.351,0.0,0.0,0.0
2022-03-11 22:00:00,0.357,0.0017058823529411764,4.349,0.0,0.0,0.0
2022-03-11 23:00:00,0.371,0.0017941176470588236,4.347,0.0,0.0,0.0
2022-03-12 00:00:00,0.398,0.0018823529411764706,4.347,0.0,0.0,0.0
2022-03-12 01:00:00,0.428,0.0019705882352941176,4.344,0.0,0.0,0.0
2022-03-12 02:00:00,0.452,0.002058823529411765,4.346,0.0,0.0,0.0
2022-03-12 03:00:00,0.446,0.0021470588235294116,4.344,0.0,0.0,0.0
2022-03-12 04:00:00,0.436,0.002235294117647059,4.343,0.0,0.0,0.0
2022-03-12 05:00:00,0.436,0.002323529411764706,4.344,0.0,0.0,0.0
2022-03-12 06:00:00,0.446,0.002411764705882353,4.344,0.0,0.0,0.0
2022-03-12 07:00:00,0.445,0.0025,4.343,0.0,0.0,0.0
2022-03-12 08:00:00,0.455,0.0025882352941176473,4.349,1.525663178237764,22.006781761901475,1.6956861702616672
2022-03-12 09:00:00,0.474,0.002676470588235294,4.353,0.0,0.0,0.0
2022-03-12 10:00:00,0.518,0.0027647058823529413,4.36,0.0,0.0,0.0
2022-03-12 11:00:00,0.492,0.0028529411764705885,4.361,0.0,0.0,0.0
2022-03-12 12:00:00,0.504,0.0029411764705882353,4.371,0.0,0.0,0.0
2022-03-12 13:00:00,0.492,0.0030294117647058825,4.375,0.0,0.0,0.0
2022-03-12 14:00:00,0.492,0.0031176470588235297,4.374,0.0,0.0,0.0
2022-03-12 15:00:00,0.489,0.0031176470588235297,4.377,0.0,0.0,0.0
2022-03-12 16:00:00,0.491,0.0031176470588235297,4.376,0.0,0.0,0.0
2022-03-12 17:00:00,0.495,0.0032100840336134456,4.368,0.0,0.8281234681061896,0.9351830217192743
2022-03-12 18:00:00,0.49,0.0033025210084033614,4.366,0.0,0.0,0.0
2022-03-12 19:00:00,0.492,0.0033949579831932778,4.36,0.0,0.0,0.0
2022-03-12 20:00:00,0.49,0.0034873949579831936,4.356,0.932239226924673,0.0,0.0
2022-03-12 21:00:00,0.486,0.0035798319327731095,4.356,0.0,0.0,0.0
2022-03-12 22:00:00,0.491,0.0036722689075630254,4.35,0.0,0.0,0.0
2022-03-12 23:00:00,0.493,0.0037647058823529413,4.352,0.0,0.0,0.0
2022-03-13 00:00:00,0.495,0.0038571428571428576,4.35,0.0,0.0,0.0
2022-03-13 01:00:00,0.495,0.0039495798319327735,4.35,0.0,0.0,0.5068907650088347
2022-03-13 02:00:00,0.497,0.004042016806722689,4.347,0.0,0.0,0.0
2022-03-13 03:00:00,0.504,0.004134453781512605,4.347,0.0,0.0,0.0
2022-03-13 04:00:00,0.5,0.004226890756302521,4.347,0.0,0.0,0.0
2022-03-13 05:00:00,0.507,0.004319327731092437,4.346,6.512331002694852,0.0,0.0
2022-03-13 06:00:00,0.505,0.004411764705882353,4.348,0.0,0.0,0.0
2022-03-13 07:00:00,0.511,0.00450420168067227,4.344,0.0,0.0,0.0
2022-03-13 08:00:00,0.515,0.004596638655462185,4.351,1.7368851110317798,9.52195210913146,0.0
2022-03-13 09:00:00,0.521,0.004689075630252101,4.361,0.0,0.0,0.0
2022-03-13 10:00:00,0.529,0.004781512605042017,4.365,0.0,0.0,0.0
2022-03-13 11:00:00,0.541,0.004873949579831933,4.368,0.0,0.0,0.0
2022-03-13 12:00:00,0.543,0.004966386554621849,4.38,0.0,0.0,0.0
2022-03-13 13:00:00,0.548,0.005058823529411765,4.382,0.0,0.0,0.0
2022-03-13 14:00:00,0.541,0.005151260504201681,4.379,0.0,0.0,0.0
2022-03-13 15:00:00,0.529,0.005243697478991597,4.379,0.0,0.0,0.0
2022-03-13 16:00:00,0.528,0.005336134453781513,4.377,0.0,0.0,0.0
2022-03-13 17:00:00,0.524,0.005336134453781513,4.376,0.0,0.0,0.0
2022-03-13 18:00:00,0.534,0.005336134453781513,4.374,0.0,0.0,0.0
2022-03-13 19:00:00,0.539,0.005336134453781513,4.374,0.6126273277934007,13.669555898654947,0.2675683765924337
2022-03-13 20:00:00,0.537,0.005336134453781513,4.37,0.0,0.0,0.0
2022-03-13 21:00:00,0.535,0.005336134453781513,4.369,0.0,0.0,0.0
2022-03-13 22:00:00,0.531,0.005336134453781513,4.365,0.0,0.0,0.0
2022-03-13 23:00:00,0.531,0.005336134453781513,4.363,0.0,0.0,0.0
2022-03-14 00:00:00,0.532,0.005336134453781513,4.359,0.0,1.5706138565801928,0.0
2022-03-14 01:00:00,0.533,0.005336134453781513,4.354,0.0,0.0,0.0
2022-03-14 02:00:00,0.539,0.005336134453781513,4.354,0.0,0.0,0.0
2022-03-14 03:00:00,0.534,0.005336134453781513,4.353,0.0,0.0,0.0
2022-03-14 04:00:00,0.536,0.005336134453781513,4.351,0.0,0.0,0.0
2022-03-14 05:00:00,0.538,0.005336134453781513,4.353,0.0,0.0,0.0
2022-03-14 06:00:00,0.536,0.005336134453781513,4.35,3.6831799386421675,0.8377367729199913,4.907151039035821
2022-03-14 07:00:00,0.535,0.005336134453781513,4.354,0.0,0.0,0.0
2022-03-14 08:00:00,0.543,0.005336134453781513,4.362,0.0,0.0,0.0
2022-03-14 09:00:00,0.549,0.005336134453781513,4.367,15.411740484743396,0.21312629073391012,2.184634414585784
2022-03-14 10:00:00,0.557,0.007,4.37,0.0,0.0,0.0
2022-03-14 11:00:00,0.56,0.006,4.373,0.0,0.0,0.0
2022-03-14 12:00:00,0.562,0.034,4.384,0.0,0.0,0.0
2022-03-14 13:00:00,0.569,0.02825,4.395,0.0,0.0,0.17619843087607764
2022-03-14 14:00:00,0.564,0.0225,4.391,0.0,0.0,0.0
2022-03-14 15:00:00,0.563,0.01675,4.393,0.0,0.0,0.0
2022-03-14 16:00:00,0.555,0.011,4.393,1.356747020904551,7.118962513201765,2.2857037601483645
2022-03-14 17:00:00,0.551,0.011,4.39,0.0,0.0,0.0
2022-03-14 18:00:00,0.546,0.011,4.386,0.0,0.0,0.0
2022-03-14 19:00:00,0.545,0.011,4.384,1.5347054353354537,6.118576831477733,2.487844844182484
2022-03-14 20:00:00,0.543,0.011,4.38,0.0,0.0,0.0
2022-03-14 21:00:00,0.53,0.011,4.38,0.0,1.3402909051979774,0.0
2022-03-14 22:00:00,0.511,0.011,4.374,0.0,0.0,0.0
2022-03-14 23:00:00,0.498,0.011,4.372,0.0,0.0,0.0
2022-03-15 00:00:00,0.497,0.011,4.37,0.0,0.0,0.0
2022-03-15 01:00:00,0.495,0.011,4.365,0.0,0.0,0.0
2022-03-15 02:00:00,0.495,0.011,4.367,0.0,0.0,0.0
2022-03-15 03:00:00,0.498,0.011,4.362,0.0,0.0,0.0
2022-03-15 04:00:00,0.499,0.011,4.363,0.6656441629126251,0.0,0.0
2022-03-15 05:00:00,0.493,0.011,4.359,0.0,0.0,0.0
2022-03-15 06:00:00,0.494,0.011,4.36,0.0,0.0,0.0
2022-03-15 07:00:00,0.491,0.011,4.357,0.0,0.6574385403198308,0.0
2022-03-15 08:00:00,0.499,0.011,4.361,0.0,0.0,0.0
2022-03-15 09:00:00,0.509,0.011,4.366,0.0,0.0,0.0
2022-03-15 10:00:00,0.514,0.011,4.373,0.0,0.0,0.0
2022-03-15 11:00:00,0.513,0.011,4.377,0.0,0.0,0.0
2022-03-15 12:00:00,0.52,0.032,4.387,0.0,0.0,0.0
2022-03-15 13:00:00,0.524,0.052,4.396,0.0,0.0,0.0
2022-03-15 14:00:00,0.517,0.055,4.393,0.0,0.0,0.0
2022-03-15 15:00:00,0.516,0.056,4.393,0.0,0.0,0.0
2022-03-15 16:00:00,0.508,0.042,4.393,0.0,0.0,0.0
2022-03-15 17:00:00,0.505,0.036,4.387,0.0,0.0,0.0
2022-03-15 18:00:00,0.496,0.03,4.385,0.0,0.0,0.0
2022-03-15 19:00:00,0.494,0.025,4.383,0.0,0.0,0.0
2022-03-15 20:00:00,0.491,0.024,4.379,0.0,0.0,0.0
2022-03-15 21:00:00,0.495,0.02,4.377,0.0,0.0,0.0
2022-03-15 22:00:00,0.498,0.02,4.373,0.0,0.0,0.0
2022-03-15 23:00:00,0.5,0.02,4.368,0.0,0.0,0.0
2022-03-16 00:00:00,0.499,0.021,4.363,0.0,0.0,0.0
2022-03-16 01:00:00,0.502,0.02,4.36,0.0,0.0,0.6073320658312882
2022-03-16 02:00:00,0.501,0.013,4.359,0.0,0.0,0.0
2022-03-16 03:00:00,0.503,0.012,4.359,0.0,0.0,0.0
2022-03-16 04:00:00,0.503,0.011,4.358,0.0,0.0,0.0
2022-03-16 05:00:00,0.504,0.009,4.362,0.0,0.0,0.0
2022-03-16 06:00:00,0.502,0.011,4.361,3.1886857515787708,0.0,0.0
2022-03-16 07:00:00,0.504,0.014,4.36,0.0,0.0,0.0
2022-03-16 08:00:00,0.505,0.022,4.373,0.0,0.0,0.0
2022-03-16 09:00:00,0.516,0.028,4.379,0.0,0.0,0.0
2022-03-16 10:00:00,0.525,0.034,4.384,0.0,0.0,0.0
2022-03-16 11:00:00,0.529,0.037,4.387,0.0,0.0,0.0
2022-03-16 12:00:00,0.531,0.036,4.399,0.0,0.0,0.0
2022-03-16 13:00:00,0.54,0.021,4.404,0.0,0.0,0.0
2022-03-16 14:00:00,0.559,0.02,4.403,0.0,0.0,0.0
2022-03-16 15:00:00,0.577,0.021,4.407,0.0,0.0,0.0
2022-03-16 16:00:00,0.579,0.017,4.408,0.0,0.0,0.0
2022-03-16 17:00:00,0.57,0.011,4.404,0.0,0.0,0.0
2022-03-16 18:00:00,0.556,0.006,4.396,0.0,0.0,0.0
2022-03-16 19:00:00,0.563,0.002,4.389,0.0,0.0,0.0
2022-03-16 20:00:00,0.57,0.001,4.384,2.8998961714054854,0.0,0.0
2022-03-16 21:00:00,0.569,0.0010714285714285715,4.383,2.91661418836678,1.6114040894412032,2.7260274969014766
2022-03-16 22:00:00,0.573,0.001142857142857143,4.377,3.374834881476297,0.0,0.0
2022-03-16 23:00:00,0.558,0.0012142857142857142,4.375,0.0,0.0,0.0
2022-03-17 00:00:00,0.538,0.0012857142857142859,4.374,0.0,0.0,0.0
2022-03-17 01:00:00,0.535,0.0013571428571428571,4.37,0.0,0.0,0.0
2022-03-17 02:00:00,0.529,0.0014285714285714286,4.369,0.0,0.0,0.0
2022-03-17 03:00:00,0.525,0.0015,4.366,0.0,0.0,0.0
2022-03-17 04:00:00,0.525,0.0015714285714285715,4.366,0.0,0.0,0.0
2022-03-17 05:00:00,0.52,0.001642857142857143,4.368,0.0,0.0,0.0
2022-03-17 06:00:00,0.519,0.0017142857142857142,4.366,0.0,0.7275175182017902,0.0
2022-03-17 07:00:00,0.52,0.0017857142857142859,4.367,4.857593964880947,0.3537259996340989,1.1988092483538015
2022-03-17 08:00:00,0.526,0.0018571428571428571,4.377,0.0,0.0,0.0
2022-03-17 09:00:00,0.538,0.0019285714285714286,4.385,0.0,0.0,0.0
2022-03-17 10:00:00,0.544,0.002,4.39,6.617848676565934,0.0,0.0
2022-03-17 11:00:00,0.543,0.004,4.395,5.5433093395733675,0.0,0.0
2022-03-17 12:00:00,0.561,0.004,4.4,0.0,0.0,0.0
2022-03-17 13:00:00,0.561,0.007,4.405,0.0,0.0,0.0
2022-03-17 14:00:00,0.555,0.009,4.399,0.0,0.0,0.0
2022-03-17 15:00:00,0.56,0.01,4.405,0.0,0.0,0.0
2022-03-17 16:00:00,0.573,0.012166666666666666,4.407,0.0,0.0,0.0
2022-03-17 17:00:00,0.576,0.014333333333333333,4.405,0.0,0.0,0.0
2022-03-17 18:00:00,0.572,0.0165,4.403,0.0,0.0,0.0
2022-03-17 19:00:00,0.569,0.018666666666666665,4.399,0.0,0.0,0.0
2022-03-17 20:00:00,0.565,0.020833333333333336,4.394,0.0,0.0,0.0
2022-03-17 21:00:00,0.564,0.023,4.388,0.0,0.0,0.0
2022-03-17 22:00:00,0.545,0.025166666666666667,4.385,0.0,0.0,0.0
2022-03-17 23:00:00,0.525,0.027333333333333334,4.384,0.0,0.0,0.0
2022-03-18 00:00:00,0.518,0.0295,4.382,0.0,0.0,0.0
2022-03-18 01:00:00,0.517,0.03166666666666667,4.379,0.0,0.0,0.0
2022-03-18 02:00:00,0.515,0.03383333333333333,4.382,0.0,0.0,0.0
2022-03-18 03:00:00,0.513,0.036000000000000004,4.381,0.0,0.0,0.0
2022-03-18 04:00:00,0.514,0.03816666666666667,4.379,0.0,0.0,16.62139290796109
2022-03-18 05:00:00,0.513,0.04033333333333333,4.378,0.0,0.0,0.0
2022-03-18 06:00:00,0.513,0.0425,4.378,0.0,0.0,0.0
2022-03-18 07:00:00,0.519,0.04466666666666667,4.378,0.0,0.0,0.0
2022-03-18 08:00:00,0.523,0.04683333333333334,4.388,0.0,0.0,0.0
2022-03-18 09:00:00,0.534,0.049,4.396,0.0,0.0,0.0
2022-03-18 10:00:00,0.534,0.057,4.4,0.0,0.0,0.0
2022-03-18 11:00:00,0.536,0.06,4.402,0.0,0.0,0.0
2022-03-18 12:00:00,0.543,0.058111111111111106,4.411,0.0,0.0,0.0
2022-03-18 13:00:00,0.552,0.05622222222222222,4.421,0.0,0.0,0.0
2022-03-18 14:00:00,0.54,0.05433333333333333,4.415,0.0,0.0,0.0
2022-03-18 15:00:00,0.543,0.05244444444444444,4.416,0.0,0.0,0.0
2022-03-18 16:00:00,0.539,0.050555555555555555,4.41,0.0,0.0,0.0
2022-03-18 17:00:00,0.536,0.048666666666666664,4.403,0.0,0.14924424667216651,0.0
2022-03-18 18:00:00,0.53,0.04677777777777777,4.386,0.0,0.0,0.0
2022-03-18 19:00:00,0.539,0.04488888888888889,4.375,0.0,0.0,0.0
2022-03-18 20:00:00,0.551,0.043,4.362,0.0,0.0,0.0
2022-03-18 21:00:00,0.561,0.044,4.344,0.0,0.0,0.0
2022-03-18 22:00:00,0.567,0.018,4.334,1.2362014529672547,0.13865219470095846,2.834893493192447
2022-03-18 23:00:00,0.55,0.021,4.316,0.0,0.0,0.0
2022-03-19 00:00:00,0.517,0.02,4.304,0.0,0.0,0.0
2022-03-19 01:00:00,0.496,0.022,4.287,0.0,0.0,0.0
2022-03-19 02:00:00,0.49,0.022,4.272,0.0,0.0,0.0
2022-03-19 03:00:00,0.487,0.023,4.257,0.0,0.0,0.0
2022-03-19 04:00:00,0.485,0.021,4.24,0.0,0.0,0.0
2022-03-19 05:00:00,0.481,0.02088976377952756,4.224,0.0,0.0,0.0
2022-03-19 06:00:00,0.483,0.02077952755905512,4.21,0.0,0.0,0.0
2022-03-19 07:00:00,0.482,0.02066929133858268,4.203,0.0,0.0,0.0
2022-03-19 08:00:00,0.485,0.020559055118110237,4.197,0.0,0.0,0.0
2022-03-19 09:00:00,0.495,0.020448818897637798,4.193,0.0,0.0,0.0
2022-03-19 10:00:00,0.503,0.020338582677165356,4.189,0.0,0.0,0.0
2022-03-19 11:00:00,0.554,0.020228346456692914,4.182,0.0,0.0,0.0
2022-03-19 12:00:00,0.532,0.020118110236220475,4.175,0.0,0.0,0.0
2022-03-19 13:00:00,0.488,0.020007874015748033,4.169,0.0,0.0,0.0
2022-03-19 14:00:00,0.48,0.01989763779527559,4.154,0.0,0.0,0.0
2022-03-19 15:00:00,0.489,0.019787401574803153,4.148,0.0,0.0,0.0
2022-03-19 16:00:00,0.488,0.01967716535433071,4.139,0.0,0.0,0.0
2022-03-19 17:00:00,0.485,0.01956692913385827,4.125,0.0,0.0,0.0
2022-03-19 18:00:00,0.506,0.019456692913385826,4.112,0.0,0.0,0.0
2022-03-19 19:00:00,0.494,0.019346456692913388,4.098,0.0,0.0,0.0
2022-03-19 20:00:00,0.488,0.019236220472440946,4.086,0.0,0.0,0.0
2022-03-19 21:00:00,0.483,0.019125984251968504,4.076,0.0,0.0,0.0
2022-03-19 22:00:00,0.484,0.019015748031496065,4.067,0.0,0.0,0.0
2022-03-19 23:00:00,0.481,0.018905511811023623,4.057,0.8842295802500517,0.0,0.0
2022-03-20 00:00:00,0.476,0.01879527559055118,4.048,0.0,0.0,0.0
2022-03-20 01:00:00,0.481,0.018685039370078742,4.042,0.0,0.0,0.0
2022-03-20 02:00:00,0.485,0.0185748031496063,4.032,0.0,0.0,0.0
2022-03-20 03:00:00,0.478,0.01846456692913386,4.025,0.0,0.0,0.0
2022-03-20 04:00:00,0.483,0.01835433070866142,4.015,0.0,0.0,0.0
2022-03-20 05:00:00,0.482,0.01835433070866142,4.009,0.0,0.0,7.133638304905549
2022-03-20 06:00:00,0.49,0.01835433070866142,4.005,0.0,0.0,0.0
2022-03-20 07:00:00,0.489,0.01824191159273408,3.998,0.0,0.0,0.0
2022-03-20 08:00:00,0.492,0.018129492476806737,4.004,0.0,0.0,0.0
2022-03-20 09:00:00,0.505,0.018017073360879397,4.01,0.0,0.0,0.0
2022-03-20 10:00:00,0.507,0.017904654244952058,4.014,0.0,0.0,0.0
2022-03-20 11:00:00,0.509,0.017792235129024715,4.01,0.0,0.0,0.0
2022-03-20 12:00:00,0.516,0.017679816013097375,4.015,0.0,0.0,0.0
2022-03-20 13:00:00,0.526,0.017567396897170035,4.015,0.0,0.0,0.0
2022-03-20 14:00:00,0.526,0.017454977781242692,4.007,0.0,0.0,1.317492712974354
2022-03-20 15:00:00,0.512,0.017342558665315352,4.003,0.0,0.0,0.0
2022-03-20 16:00:00,0.525,0.017230139549388013,4.001,0.0,0.0,0.0
2022-03-20 17:00:00,0.548,0.01711772043346067,3.996,0.0,0.0,0.0
2022-03-20 18:00:00,0.564,0.01700530131753333,3.986,0.0,0.0,0.0
2022-03-20 19:00:00,0.573,0.01689288220160599,3.979,0.0,0.0,0.0
2022-03-20 20:00:00,0.572,0.016780463085678647,3.973,0.0,0.0,0.0
2022-03-20 21:00:00,0.57,0.016668043969751307,3.965,0.0,0.0,0.0
2022-03-20 22:00:00,0.521,0.016555624853823968,3.956,0.0,0.0,0.0
2022-03-20 23:00:00,0.532,0.016443205737896625,3.951,0.0,0.0,0.0
2022-03-21 00:00:00,0.525,0.016330786621969285,3.947,0.0,0.0,0.0
2022-03-21 01:00:00,0.516,0.016218367506041945,3.94,0.5097424675276829,3.242281094161634,1.3951015769526875
2022-03-21 02:00:00,0.513,0.016105948390114602,3.938,0.0,0.0,0.0
2022-03-21 03:00:00,0.51,0.015993529274187263,3.934,0.0,0.0,0.0
2022-03-21 04:00:00,0.513,0.015881110158259923,3.93,0.0,0.0,2.071500779760052
2022-03-21 05:00:00,0.516,0.015768691042332583,3.925,0.0,0.0,0.0
2022-03-21 06:00:00,0.516,0.01565627192640524,3.923,0.0,0.0,0.0
2022-03-21 07:00:00,0.515,0.01565627192640524,3.925,0.0,0.0,0.0
2022-03-21 08:00:00,0.517,0.01565627192640524,3.926,4.158629304137765,0.0,0.0
2022-03-21 09:00:00,0.526,0.01565627192640524,3.938,0.0,0.0,0.0
2022-03-21 10:00:00,0.539,0.01565627192640524,3.942,0.0,0.0,0.0
2022-03-21 11:00:00,0.547,0.01565627192640524,3.944,0.0,0.0,0.0
2022-03-21 12:00:00,0.546,0.01565627192640524,3.977,0.0,0.0,0.0
2022-03-21 13:00:00,0.546,0.01565627192640524,4.008,0.0,0.0,0.0
2022-03-21 14:00:00,0.529,0.01565627192640524,4.008,0.0,0.0,0.0
2022-03-21 15:00:00,0.533,0.01565627192640524,4.008,0.0,0.0,0.0
2022-03-21 16:00:00,0.539,0.01565627192640524,4.011,0.0,0.0,0.0
2022-03-21 17:00:00,0.535,0.01565627192640524,4.003,0.0,0.0,0.0
2022-03-21 18:00:00,0.533,0.01565627192640524,3.998,1.7448485031453451,1.7308427460544342,0.19313604802439444
2022-03-21 19:00:00,0.534,0.01565627192640524,4.009,0.0,0.0,0.0
2022-03-21 20:00:00,0.533,0.01565627192640524,4.001,0.0,0.0,0.0
2022-03-21 21:00:00,0.533,0.01565627192640524,3.996,0.0,0.0,0.0
2022-03-21 22:00:00,0.533,0.01565627192640524,3.989,0.0,0.0,0.0
2022-03-21 23:00:00,0.53,0.01565627192640524,3.986,0.0,3.315015367459164,0.0
2022-03-22 00:00:00,0.528,0.01565627192640524,3.982,0.0,0.0,0.0
2022-03-22 01:00:00,0.528,0.01565627192640524,3.979,0.0,0.0,3.419617359214426
2022-03-22 02:00:00,0.526,0.01565627192640524,3.975,3.1237127085810914,0.0,0.0
2022-03-22 03:00:00,0.525,0.01565627192640524,3.971,0.34061817267519384,3.0271853375841644,0.8093006355539273
2022-03-22 04:00:00,0.523,0.01565627192640524,3.967,0.0,0.0,0.0
2022-03-22 05:00:00,0.53,0.01565627192640524,3.968,0.0,0.0,0.0
2022-03-22 06:00:00,0.519,0.01565627192640524,3.962,0.0,0.0,0.0
2022-03-22 07:00:00,0.524,0.01565627192640524,3.963,0.0,0.0,0.0
2022-03-22 08:00:00,0.53,0.01565627192640524,3.97,0.0,0.0,0.0
2022-03-22 09:00:00,0.538,0.01565627192640524,3.972,0.0,0.0,0.0
2022-03-22 10:00:00,0.542,0.01565627192640524,3.978,2.529985138038368,0.6704025599100036,7.068469334609987
2022-03-22 11:00:00,0.551,0.01565627192640524,3.981,0.0,0.0,0.0
2022-03-22 12:00:00,0.572,0.01565627192640524,4.097,0.0,0.0,0.0
2022-03-22 13:00:00,0.559,0.01565627192640524,4.195,0.0,5.998996918282999,0.0
2022-03-22 14:00:00,0.574,0.01565627192640524,4.244,0.21974402705284404,0.9727293320665669,0.09229049598537302
2022-03-22 15:00:00,0.575,0.01565627192640524,4.256,0.0,0.0,0.0
2022-03-22 16:00:00,0.544,0.01565627192640524,4.253,0.0,0.0,0.0
2022-03-22 17:00:00,0.538,0.01565627192640524,4.248,0.0,0.0,0.0
2022-03-22 18:00:00,0.531,0.01565627192640524,4.244,0.0,1.1316709957500077,0.0
2022-03-22 19:00:00,0.527,0.01565627192640524,4.239,0.0,0.0,0.0
2022-03-22 20:00:00,0.528,0.01565627192640524,4.228,0.0,0.0,0.0
2022-03-22 21:00:00,0.528,0.01565627192640524,4.219,0.0,0.0,0.0
2022-03-22 22:00:00,0.525,0.01565627192640524,4.21,0.0,0.7442017534182157,0.0
2022-03-22 23:00:00,0.524,0.01565627192640524,4.201,0.0,0.0,0.0
2022-03-23 00:00:00,0.518,0.01565627192640524,4.192,0.0,0.0,4.317461168619525
2022-03-23 01:00:00,0.516,0.01565627192640524,4.185,0.0,0.0,0.0
2022-03-23 02:00:00,0.514,0.01565627192640524,4.174,0.0,0.0,0.0
2022-03-23 03:00:00,0.51,0.01565627192640524,4.168,0.0,0.0,0.0
2022-03-23 04:00:00,0.503,0.01565627192640524,4.161,0.0,0.0,0.0
2022-03-23 05:00:00,0.493,0.01565627192640524,4.152,0.0,2.066505687656011,0.0
2022-03-23 06:00:00,0.49,0.01565627192640524,4.148,0.0,0.0,0.0
2022-03-23 07:00:00,0.491,0.007,4.143,0.0,0.0,0.0
2022-03-23 08:00:00,0.491,0.007,4.15,0.0,0.0,0.0
2022-03-23 09:00:00,0.498,0.007,4.149,0.0,0.0,0.0
2022-03-23 10:00:00,0.514,0.007,4.149,0.0,0.0,0.0
2022-03-23 11:00:00,0.534,0.007,4.146,0.0,0.0,0.0
2022-03-23 12:00:00,0.522,0.007,4.142,0.0,0.0,0.0
2022-03-23 13:00:00,0.497,0.007,4.134,0.0,0.0,0.0
2022-03-23 14:00:00,0.493,0.007,4.13,0.0,0.0,0.0
2022-03-23 15:00:00,0.492,0.007,4.13,0.0,0.0,0.0
2022-03-23 16:00:00,0.491,0.007,4.126,0.0,0.0,0.0
2022-03-23 17:00:00,0.492,0.007,4.122,0.0,0.0,0.0
2022-03-23 18:00:00,0.473,0.007,4.115,0.0,0.0,0.0
2022-03-23 19:00:00,0.469,0.007,4.11,0.0,0.0,0.0
2022-03-23 20:00:00,0.47,0.007,4.104,0.0,0.0,0.0
2022-03-23 21:00:00,0.471,0.007,4.096,0.0,0.15033153330800622,0.0
2022-03-23 22:00:00,0.477,0.007,4.088,0.0,0.0,0.16129301824419368
2022-03-23 23:00:00,0.482,0.007,4.084,0.0,0.0,0.0
2022-03-24 00:00:00,0.483,0.007,4.078,0.0,0.0,0.0
2022-03-24 01:00:00,0.485,0.007,4.073,5.726404530473004,4.294715482571031,0.4643460744730884
2022-03-24 02:00:00,0.481,0.007,4.066,0.0,0.0,0.0
2022-03-24 03:00:00,0.484,0.007,4.06,0.0,0.0,0.0
2022-03-24 04:00:00,0.475,0.007,4.054,0.0,0.0,0.0
2022-03-24 05:00:00,0.482,0.007,4.047,0.0,2.5912661874797647,0.0
2022-03-24 06:00:00,0.483,0.007,4.038,0.0,0.0,0.0
2022-03-24 07:00:00,0.484,0.007,4.034,0.0,0.0,0.0
2022-03-24 08:00:00,0.494,0.007,4.038,0.0,0.0,0.0
2022-03-24 09:00:00,0.505,0.007,4.043,9.713756225287307,6.2314950577028885,6.321277171686508
2022-03-24 10:00:00,0.505,0.007,4.042,0.0,0.0,0.0
2022-03-24 11:00:00,0.534,0.007,4.043,0.0,0.0,0.0
2022-03-24 12:00:00,0.514,0.02,4.044,0.0,0.0,0.0
2022-03-24 13:00:00,0.516,0.002,4.046,0.0,0.0,0.0
2022-03-24 14:00:00,0.551,0.042,4.038,0.0,0.0,0.0
2022-03-24 15:00:00,0.518,0.047,4.041,0.0,0.0,0.0
2022-03-24 16:00:00,0.507,0.0445,4.036,0.0,0.0,0.0
2022-03-24 17:00:00,0.511,0.042,4.026,0.0,0.0,0.0
2022-03-24 18:00:00,0.512,0.0395,4.028,56.68421521447161,0.0,0.0
2022-03-24 19:00:00,0.51,0.037,4.024,0.05529264695184828,14.047446239356935,2.216885865542962
2022-03-24 20:00:00,0.513,0.0345,4.02,0.0,0.0,0.0
2022-03-24 21:00:00,0.519,0.032,4.019,0.0,0.0,0.0
2022-03-24 22:00:00,0.517,0.029500000000000002,4.013,0.0,0.0,0.0
2022-03-24 23:00:00,0.503,0.027,4.013,0.0,0.0,0.0
2022-03-25 00:00:00,0.499,0.0245,4.009,0.0,0.0,0.0
2022-03-25 01:00:00,0.496,0.022,4.009,0.0,0.0,0.0
2022-03-25 02:00:00,0.497,0.0195,4.009,0.0,0.0,0.0
2022-03-25 03:00:00,0.508,0.017,4.006,0.0,0.0,0.0
2022-03-25 04:00:00,0.44,0.014499999999999999,4.007,0.0,0.0,0.0
2022-03-25 05:00:00,0.42,0.012000000000000004,4.002,0.0,0.0,0.0
2022-03-25 06:00:00,0.371,0.009500000000000001,4.002,0.0,0.0,0.0
2022-03-25 07:00:00,0.38,0.007,4.006,4.697759075196131,1.4117442569213938,0.28004116780535243
2022-03-25 08:00:00,0.406,0.006500000000000001,4.011,0.0,0.0,0.0
2022-03-25 09:00:00,0.409,0.006,4.016,0.0,0.0,0.0
2022-03-25 10:00:00,0.426,0.0055,4.021,0.0,0.0,0.0
2022-03-25 11:00:00,0.438,0.005,4.022,0.0,0.0,0.0
2022-03-25 12:00:00,0.455,0.0045000000000000005,4.024,0.0,0.0,0.0
2022-03-25 13:00:00,0.491,0.004,4.037,0.0,0.0,0.0
2022-03-25 14:00:00,0.494,0.009,4.029,0.0,0.0,0.0
2022-03-25 15:00:00,0.494,0.007,4.032,1.3221140876307913,0.16074150809836557,0.87867068513886
2022-03-25 16:00:00,0.538,0.001,4.033,0.0,0.9809354438101066,0.0
2022-03-25 17:00:00,0.514,0.001,4.03,0.0,0.0,0.0
2022-03-25 18:00:00,0.454,0.0048,4.03,0.0,0.0,3.4487895725992823
2022-03-25 19:00:00,0.454,0.0086,4.025,0.0,0.0,0.0
2022-03-25 20:00:00,0.445,0.012399999999999998,4.027,0.0,0.0,0.0
2022-03-25 21:00:00,0.363,0.0162,4.015,0.0,0.0,0.0
2022-03-25 22:00:00,0.214,0.02,4.015,0.0,0.0,0.0
2022-03-25 23:00:00,0.114,0.018,4.015,0.0,0.0,0.0
2022-03-26 00:00:00,0.10772222222222222,0.016,4.013,0.0,0.0,0.0
2022-03-26 01:00:00,0.10144444444444445,0.018,4.01,0.0,0.0,0.0
2022-03-26 02:00:00,0.09516666666666668,0.015,4.01,0.0,0.0,0.0
2022-03-26 03:00:00,0.08888888888888889,0.014,4.012,0.0,1.8556878157764252,0.0
2022-03-26 04:00:00,0.08261111111111111,0.009,4.01,0.0,0.0,0.0
2022-03-26 05:00:00,0.07633333333333334,0.01707142857142857,4.007,0.0,0.0,0.0
2022-03-26 06:00:00,0.07005555555555557,0.02514285714285714,4.007,0.0,0.0,2.4891528693309874
2022-03-26 07:00:00,0.06377777777777778,0.03321428571428572,4.009,0.0,0.0,0.0
2022-03-26 08:00:00,0.0575,0.04128571428571429,4.019,0.0,0.0,0.0
2022-03-26 09:00:00,0.051222222222222225,0.04935714285714286,4.026,0.0,0.0,0.0
2022-03-26 10:00:00,0.044944444444444454,0.05742857142857143,4.029,0.0,0.0,0.0
2022-03-26 11:00:00,0.03866666666666667,0.0655,4.03,0.0,0.0,0.0
2022-03-26 12:00:00,0.0323888888888889,0.07357142857142857,4.036,0.0,1.6177130198705805,0.0
2022-03-26 13:00:00,0.026111111111111113,0.08164285714285714,4.041,0.0,0.0,0.0
2022-03-26 14:00:00,0.01983333333333334,0.08971428571428572,4.038,0.0,0.0,0.0
2022-03-26 15:00:00,0.013555555555555557,0.09778571428571428,4.043,0.0,0.0,0.0
2022-03-26 16:00:00,0.007277777777777786,0.10585714285714286,4.039,0.0,0.0,0.0
2022-03-26 17:00:00,0.001,0.11392857142857143,4.038,0.0,0.0,0.0
2022-03-26 18:00:00,0.009999999999999998,0.122,4.03,0.0,0.0,0.0
2022-03-26 19:00:00,0.019,0.12571428571428572,4.026,0.0,0.0,0.0
2022-03-26 20:00:00,0.015,0.12942857142857142,4.023,5.722871711697978,0.0,0.0
2022-03-26 21:00:00,0.041,0.13314285714285715,4.019,0.0,0.0,0.0
2022-03-26 22:00:00,0.057,0.13685714285714284,4.012,0.0,0.0,0.0
2022-03-26 23:00:00,0.088,0.14057142857142857,4.008,2.7915220713325337,0.0,0.0
2022-03-27 00:00:00,0.113,0.14428571428571427,4.004,16.364665087444305,0.0,0.0
2022-03-27 01:00:00,0.14,0.148,4.002,0.0,0.0,0.0
2022-03-27 02:00:00,0.127,0.1517142857142857,3.994,0.0,0.0,0.0
2022-03-27 03:00:00,0.129,0.15542857142857142,3.993,0.0,0.0,0.0
2022-03-27 04:00:00,0.175,0.15914285714285714,3.99,0.0,0.0,0.0
2022-03-27 05:00:00,0.166,0.16285714285714284,3.99,0.0,0.0,0.0
2022-03-27 06:00:00,0.173,0.16657142857142856,3.989,0.0,0.0,0.0
2022-03-27 07:00:00,0.192,0.17028571428571426,3.992,0.0,0.0,0.0
2022-03-27 08:00:00,0.204,0.174,4.004,0.0,0.0,1.915034164447043
2022-03-27 09:00:00,0.227,0.18,4.007,0.0,0.0,0.0
2022-03-27 10:00:00,0.277,0.187,4.011,0.0,0.0,0.0
2022-03-27 11:00:00,0.275,0.197,4.015,0.0,0.0,0.0
2022-03-27 12:00:00,0.201,0.1974109589041096,4.023,0.0,0.0,0.0
2022-03-27 13:00:00,0.267,0.1978219178082192,4.031,0.0,0.0,0.0
2022-03-27 14:00:00,0.311,0.19823287671232878,4.025,0.0,0.0,0.0
2022-03-27 15:00:00,0.254,0.19864383561643836,4.029,0.0,0.0,0.0
2022-03-27 16:00:00,0.263,0.19905479452054795,4.025,0.0,0.0,0.0
2022-03-27 17:00:00,0.292,0.19946575342465755,4.021,0.0,0.0,0.0
2022-03-27 18:00:00,0.298,0.19987671232876714,4.019,0.0,0.0,0.0
2022-03-27 19:00:00,0.26,0.20028767123287672,4.02,1.318232591349341,0.0,0.0
2022-03-27 20:00:00,0.246,0.2006986301369863,4.017,0.0,0.0,0.0
2022-03-27 21:00:00,0.248,0.2011095890410959,4.016,0.0,0.0,0.0
2022-03-27 22:00:00,0.247,0.2015205479452055,4.011,0.0,0.0,0.0
2022-03-27 23:00:00,0.257,0.20193150684931507,4.006,0.0,0.0,0.0
2022-03-28 00:00:00,0.267,0.20234246575342466,4.007,0.0,0.0,0.0
2022-03-28 01:00:00,0.273,0.20275342465753426,4.003,0.0,0.0,0.0
2022-03-28 02:00:00,0.285,0.20316438356164385,4.0,0.0,0.0,0.0
2022-03-28 03:00:00,0.282,0.20357534246575343,3.995,0.0,0.0,0.0
2022-03-28 04:00:00,0.285,0.203986301369863,3.992,0.0,0.0,0.0
2022-03-28 05:00:00,0.289,0.20439726027397262,3.993,0.0,0.0,0.0
2022-03-28 06:00:00,0.292,0.2048082191780822,3.989,0.0,0.0,0.0
2022-03-28 07:00:00,0.305,0.20521917808219178,3.991,0.0,0.0,0.0
2022-03-28 08:00:00,0.324,0.2056301369863014,3.999,0.0,0.0,0.0
2022-03-28 09:00:00,0.348,0.20604109589041097,4.006,0.0,0.0,0.0
2022-03-28 10:00:00,0.335,0.20645205479452056,4.059,0.0,6.236734846113432,0.0
2022-03-28 11:00:00,0.346,0.20686301369863014,4.168,0.0,0.0,0.0
2022-03-28 12:00:00,0.332,0.20686301369863014,4.233,0.0,0.0,0.0
2022-03-28 13:00:00,0.308,0.20686301369863014,4.292,0.0,0.0,0.0
2022-03-28 14:00:00,0.339,0.20729146021568057,4.34,1.9824654054341564,0.4567219571283322,0.43455510562346633
2022-03-28 15:00:00,0.295,0.207719906732731,4.363,0.0,0.0,0.0
2022-03-28 16:00:00,0.293,0.2081483532497814,4.372,0.0,0.0,0.0
2022-03-28 17:00:00,0.299,0.20857679976683183,4.383,0.0,0.0,0.0
2022-03-28 18:00:00,0.307,0.20900524628388226,4.392,0.0,0.0,0.0
2022-03-28 19:00:00,0.331,0.20943369280093269,4.401,0.0,0.0,0.0
2022-03-28 20:00:00,0.335,0.2098621393179831,4.404,0.0,0.0,0.0
2022-03-28 21:00:00,0.339,0.21029058583503352,4.404,0.0,0.0,0.0
2022-03-28 22:00:00,0.33,0.21071903235208395,4.404,0.0,0.0,0.0
2022-03-28 23:00:00,0.332,0.21114747886913438,4.404,0.0,0.0,0.0
2022-03-29 00:00:00,0.335,0.21157592538618478,4.407,0.0,0.0,0.0
2022-03-29 01:00:00,0.325,0.2120043719032352,4.407,0.0,0.0,0.0
2022-03-29 02:00:00,0.329,0.21243281842028564,4.406,0.0,0.0,0.0
2022-03-29 03:00:00,0.336,0.21286126493733606,4.404,0.0,0.0,0.0
2022-03-29 04:00:00,0.334,0.21328971145438647,4.404,0.0,0.0,0.0
2022-03-29 05:00:00,0.334,0.2137181579714369,4.402,0.0,0.0,0.0
2022-03-29 06:00:00,0.33,0.21414660448848732,4.403,0.0,0.0,0.0
2022-03-29 07:00:00,0.34,0.21457505100553775,4.402,0.0,0.0,0.0
2022-03-29 08:00:00,0.346,0.21500349752258818,4.401,0.0,0.0,0.0
2022-03-29 09:00:00,0.364,0.21543194403963858,4.401,0.0,0.0,0.0
2022-03-29 10:00:00,0.392,0.215860390556689,4.4,1.8208518405647365,0.0,0.0
2022-03-29 11:00:00,0.387,0.21628883707373944,4.395,0.0,0.0,0.0
2022-03-29 12:00:00,0.388,0.21671728359078987,4.398,0.0,0.0,0.0
2022-03-29 13:00:00,0.37,0.21714573010784027,4.399,0.0,0.0,0.0
2022-03-29 14:00:00,0.355,0.21714573010784027,4.402,0.0,0.0,0.0
2022-03-29 15:00:00,0.362,0.21714573010784027,4.402,0.0,0.0,0.0
2022-03-29 16:00:00,0.363,0.21714573010784027,4.4,0.0,0.0,0.0
2022-03-29 17:00:00,0.363,0.21714573010784027,4.396,0.0,0.0,0.0
2022-03-29 18:00:00,0.355,0.21714573010784027,4.394,0.0,0.0,0.0
2022-03-29 19:00:00,0.351,0.21714573010784027,4.392,0.0,0.0,3.7466274760494387
2022-03-29 20:00:00,0.355,0.21714573010784027,4.39,0.0,0.0,0.0
2022-03-29 21:00:00,0.354,0.21714573010784027,4.387,0.0,0.0,0.0
2022-03-29 22:00:00,0.358,0.21714573010784027,4.387,0.0,0.0,0.0
2022-03-29 23:00:00,0.367,0.21714573010784027,4.384,0.0,0.0,0.0
2022-03-30 00:00:00,0.353,0.21714573010784027,4.386,0.0,0.0,0.0
2022-03-30 01:00:00,0.357,0.21714573010784027,4.384,0.0,0.0,0.0
2022-03-30 02:00:00,0.365,0.21714573010784027,4.383,0.0,0.0,0.0
2022-03-30 03:00:00,0.372,0.21714573010784027,4.385,0.0,0.0,0.0
2022-03-30 04:00:00,0.358,0.21714573010784027,4.386,0.0,0.0,0.0
2022-03-30 05:00:00,0.364,0.21714573010784027,4.388,1.6967989921246427,0.0,0.0
2022-03-30 06:00:00,0.366,0.21714573010784027,4.389,0.0,0.0,0.0
2022-03-30 07:00:00,0.363,0.21714573010784027,4.389,0.0,0.0,0.0
2022-03-30 08:00:00,0.36,0.21714573010784027,4.391,0.0,0.0,0.0
2022-03-30 09:00:00,0.344,0.21714573010784027,4.395,0.0,0.0,0.0
2022-03-30 10:00:00,0.347,0.21714573010784027,4.403,0.0,0.0,0.0
2022-03-30 11:00:00,0.343,0.21714573010784027,4.407,0.0,0.0,0.0
2022-03-30 12:00:00,0.335,0.227,4.411,0.0,0.0,0.0
2022-03-30 13:00:00,0.384,0.248,4.413,0.0,0.0,0.0
2022-03-30 14:00:00,0.33,0.2482,4.401,0.0,0.0,0.0
2022-03-30 15:00:00,0.306,0.2484,4.398,0.0,0.0,0.0
2022-03-30 16:00:00,0.311,0.2486,4.4,0.0,0.0,0.0
2022-03-30 17:00:00,0.296,0.2488,4.398,3.195199569140475,2.181683056820814,2.4905812202708932
2022-03-30 18:00:00,0.301,0.249,4.398,0.0,0.0,0.0
2022-03-30 19:00:00,0.297,0.2492,4.399,0.0,0.0,0.0
2022-03-30 20:00:00,0.316,0.2494,4.395,0.0,0.0,0.0
2022-03-30 21:00:00,0.306,0.2496,4.394,0.0,0.0,0.0
2022-03-30 22:00:00,0.306,0.2498,4.392,0.0,0.0,0.0
2022-03-30 23:00:00,0.313,0.25,4.391,0.0,0.8255592032766514,0.0
2022-03-31 00:00:00,0.313,0.25342857142857145,4.388,0.0,0.0,0.0
2022-03-31 01:00:00,0.314,0.25685714285714284,4.387,0.0,0.0,0.0
2022-03-31 02:00:00,0.323,0.2602857142857143,4.388,0.0,0.0,0.0
2022-03-31 03:00:00,0.331,0.26371428571428573,4.38,0.0,0.0,0.0
2022-03-31 04:00:00,0.335,0.2671428571428572,4.371,0.0,0.0,0.0
2022-03-31 05:00:00,0.335,0.2705714285714286,4.369,1.0555580903952035,0.0,0.0
2022-03-31 06:00:00,0.336,0.274,4.368,0.0,0.0,0.0
2022-03-31 07:00:00,0.366,0.277,4.369,0.0,0.0,0.0
2022-03-31 08:00:00,0.337,0.266,4.37,0.0,0.0,0.0
2022-03-31 09:00:00,0.342,0.27849999999999997,4.371,0.0,0.0,0.0
2022-03-31 10:00:00,0.344,0.291,4.368,0.0,0.0,0.0
2022-03-31 11:00:00,0.362,0.29170588235294115,4.366,0.0,0.0,0.0
2022-03-31 12:00:00,0.35,0.2924117647058823,4.365,0.07275034341706334,0.0,0.0
2022-03-31 13:00:00,0.356,0.29311764705882354,4.366,0.0,0.0,0.0
2022-03-31 14:00:00,0.328,0.2938235294117647,4.366,0.0,0.0,0.0
2022-03-31 15:00:00,0.315,0.2945294117647059,4.366,0.0,0.0,0.0
2022-03-31 16:00:00,0.31,0.29523529411764704,4.362,0.0,0.0,0.0
2022-03-31 17:00:00,0.304,0.2959411764705882,4.362,0.0,0.0,0.0
2022-03-31 18:00:00,0.298,0.2966470588235294,4.358,0.0,0.0,0.0
2022-03-31 19:00:00,0.311,0.2973529411764706,4.352,0.0,0.0,0.0
2022-03-31 20:00:00,0.305,0.29805882352941176,4.355,0.0,0.0,0.0
2022-03-31 21:00:00,0.285,0.29876470588235293,4.349,0.0,0.0,0.0
2022-03-31 22:00:00,0.28,0.2994705882352941,4.344,1.3156459002699121,0.9014003653272221,3.946611878383216
2022-03-31 23:00:00,0.277,0.30017647058823527,4.343,0.0,0.0,0.0
2022-04-01 00:00:00,0.263,0.30088235294117643,4.342,0.0,0.0,0.0
2022-04-01 01:00:00,0.277,0.30158823529411766,4.346,0.0,0.0,0.0
2022-04-01 02:00:00,0.234,0.3022941176470588,4.345,0.0,0.0,0.0
2022-04-01 03:00:00,0.209,0.303,4.347,0.0,0.0,0.0
2022-04-01 04:00:00,0.171,0.283,4.343,0.0,0.0,0.0
2022-04-01 05:00:00,0.09,0.305,4.347,0.0,0.0,0.0
2022-04-01 06:00:00,0.088475,0.318,4.345,0.0,0.0,0.0
2022-04-01 07:00:00,0.08695,0.3254,4.342,0.0,0.0,0.0
2022-04-01 08:00:00,0.085425,0.3328,4.341,0.0,0.0,0.0
2022-04-01 09:00:00,0.0839,0.3402,4.345,0.0,0.0,0.0
2022-04-01 10:00:00,0.082375,0.34759999999999996,4.339,0.0,0.0,0.0
2022-04-01 11:00:00,0.08084999999999999,0.355,4.326,0.0,0.0,0.0
2022-04-01 12:00:00,0.07932499999999999,0.362,4.316,0.0,0.0,0.0
2022-04-01 13:00:00,0.0778,0.348,4.297,0.0,0.0,0.0
2022-04-01 14:00:00,0.076275,0.353,4.284,1.904441037408715,1.0697601011407216,0.0
2022-04-01 15:00:00,0.07475,0.374,4.27,0.0,0.0,0.0
2022-04-01 16:00:00,0.073225,0.452,4.252,0.0,0.0,0.0
2022-04-01 17:00:00,0.0717,0.525,4.227,0.0,0.0,0.0
2022-04-01 18:00:00,0.070175,0.567,4.209,0.0,0.0,0.0
2022-04-01 19:00:00,0.06865,0.583,4.193,0.0,0.0,0.01180504502154809
2022-04-01 20:00:00,0.06712499999999999,0.587,4.176,0.0,0.0,0.0
2022-04-01 21:00:00,0.06559999999999999,0.583,4.156,0.0,0.0,0.0
2022-04-01 22:00:00,0.064075,0.57,4.139,6.347403141212312,0.0,0.0
2022-04-01 23:00:00,0.06255,0.551,4.123,0.0,0.0,0.0
2022-04-02 00:00:00,0.061024999999999996,0.558,4.11,0.0,0.0,0.0
2022-04-02 01:00:00,0.0595,0.55,4.111,0.0,0.0,0.0
2022-04-02 02:00:00,0.057975,0.543,4.068,0.0,0.0,0.0
2022-04-02 03:00:00,0.05645,0.529,4.049,0.0,0.0,0.0
2022-04-02 04:00:00,0.054925,0.522,4.033,0.0,0.0,0.0
2022-04-02 05:00:00,0.053399999999999996,0.518,4.014,0.0,0.0,0.0
2022-04-02 06:00:00,0.053399999999999996,0.502,4.001,0.0,0.0,0.0
2022-04-02 07:00:00,0.053399999999999996,0.503,3.987,0.0,0.0,0.0
2022-04-02 08:00:00,0.05165714285714285,0.49,3.975,0.0,0.0,0.0
2022-04-02 09:00:00,0.04991428571428571,0.486,3.961,0.0,0.0,0.0
2022-04-02 10:00:00,0.048171428571428566,0.501,22.473,0.0,0.0,0.0
2022-04-02 11:00:00,0.04642857142857143,0.508,1.589,0.0,0.0,0.0
2022-04-02 12:00:00,0.04468571428571429,0.503,1.594,0.0,0.0,0.0
2022-04-02 13:00:00,0.042942857142857144,0.493,1.5985,0.0,0.0,0.0
2022-04-02 14:00:00,0.0412,0.494,1.603,0.0,0.0,0.0
2022-04-02 15:00:00,0.03945714285714286,0.484,1.606,0.0,0.0,0.0
2022-04-02 16:00:00,0.037714285714285714,0.486,1.61,0.0,0.0,0.0
2022-04-02 17:00:00,0.03597142857142857,0.479,1.612,0.0,0.0,3.339962983505336
2022-04-02 18:00:00,0.03422857142857143,0.471,1.613,0.0,0.0,0.0
2022-04-02 19:00:00,0.032485714285714284,0.466,1.615,0.0,0.0,0.0
2022-04-02 20:00:00,0.030742857142857145,0.46,1.616,0.0,0.0,0.0
2022-04-02 21:00:00,0.029,0.443,1.616,0.0,0.0,0.0
2022-04-02 22:00:00,0.037,0.433,1.619,0.0,0.0,0.0
2022-04-02 23:00:00,0.034,0.426,1.622,0.0,0.0,0.0
2022-04-03 00:00:00,0.043,0.431,1.621,0.0,0.0,0.0
2022-04-03 01:00:00,0.056,0.418,1.622,0.0,0.0,0.0
2022-04-03 02:00:00,0.075,0.431,1.623,0.0,0.0,0.0
2022-04-03 03:00:00,0.08,0.425,1.623,0.0,0.0,0.0
2022-04-03 04:00:00,0.084,0.415,1.623,34.223356916398075,0.31063190914920735,12.985730886005983
2022-04-03 05:00:00,0.108,0.429,1.623,0.0,0.0,0.0
2022-04-03 06:00:00,0.103,0.412,1.626,0.0,0.0,0.0
2022-04-03 07:00:00,0.112,0.423,1.626,0.0,5.846390656617925,0.0
2022-04-03 08:00:00,0.117,0.416,1.628,0.0,0.0,0.0
2022-04-03 09:00:00,0.127,0.413,1.626,0.0,0.0,0.0
2022-04-03 10:00:00,0.129,0.418,1.629,0.0,0.0,0.0
2022-04-03 11:00:00,0.136,0.419,1.632,0.0,0.0,0.0
2022-04-03 12:00:00,0.118,0.418,1.635,0.0,0.0,0.0
2022-04-03 13:00:00,0.116,0.419,1.637,0.0,0.0,0.0
2022-04-03 14:00:00,0.126,0.418,1.636,0.0,0.0,0.0
2022-04-03 15:00:00,0.166,0.415,1.635,5.593565732294383,1.184438723912382,4.548500148580402
2022-04-03 16:00:00,0.129,0.413,1.63,0.0,0.0,0.0
2022-04-03 17:00:00,0.12,0.409,1.629,0.0,0.0,0.0
2022-04-03 18:00:00,0.114,0.387,1.627,0.0,0.0,0.0
2022-04-03 19:00:00,0.091,0.395,1.561,0.0,0.0,0.0
2022-04-03 20:00:00,0.051,0.416,1.506,0.0,0.0,0.0
2022-04-03 21:00:00,0.011,0.42,1.467,0.0,0.0,0.0
2022-04-03 22:00:00,0.014,0.423,1.44,0.0,0.0,0.0
2022-04-03 23:00:00,0.013951219512195122,0.423,1.422,0.0,0.0,0.0
2022-04-04 00:00:00,0.013902439024390244,0.42,1.409,0.0,0.0,0.0
2022-04-04 01:00:00,0.013853658536585366,0.422,1.404,0.0,0.0,0.0
2022-04-04 02:00:00,0.013804878048780488,0.428,1.4,0.0,0.0,0.0
2022-04-04 03:00:00,0.01375609756097561,0.425,1.402,0.0,0.0,0.0
2022-04-04 04:00:00,0.013707317073170732,0.425,1.402,0.0,0.0,0.0
2022-04-04 05:00:00,0.013658536585365854,0.415,1.406,0.0,0.0,0.0
2022-04-04 06:00:00,0.013609756097560976,0.423,1.41,0.0,0.0,0.0
2022-04-04 07:00:00,0.013560975609756097,0.42,1.421,0.0,0.0,0.0
2022-04-04 08:00:00,0.01351219512195122,0.429,1.424,0.0,0.0,0.0
2022-04-04 09:00:00,0.013463414634146341,0.43,1.43,0.0,0.0,0.0
2022-04-04 10:00:00,0.013414634146341463,0.435,1.432,0.0,0.0,0.0
2022-04-04 11:00:00,0.013365853658536585,0.452,1.436,0.0,0.0,0.0
2022-04-04 12:00:00,0.013317073170731707,0.467,1.442,0.0,0.0,4.922229734773578
2022-04-04 13:00:00,0.013268292682926829,0.477,1.452,0.0,0.0,0.0
2022-04-04 14:00:00,0.01321951219512195,0.496,1.455,7.645370535956186,51.384269807580196,0.06899699252928844
2022-04-04 15:00:00,0.013170731707317073,0.517,1.462,0.0,0.0,0.0
2022-04-04 16:00:00,0.013121951219512195,0.548,1.466,0.0,0.0,0.0
2022-04-04 17:00:00,0.013073170731707317,0.623,1.475,0.0,0.0,0.0
2022-04-04 18:00:00,0.013024390243902438,0.682,1.483,0.0,0.0,0.0
2022-04-04 19:00:00,0.012975609756097562,0.705,1.494,0.0,1.48309352340458,0.0
2022-04-04 20:00:00,0.012926829268292684,0.707,1.499,0.0,0.0,0.0
2022-04-04 21:00:00,0.012878048780487806,0.707,1.501,0.0,0.31736779534483633,0.0
2022-04-04 22:00:00,0.012829268292682928,0.72,1.532,0.0,0.0,0.0
2022-04-04 23:00:00,0.012829268292682928,0.722,1.535,0.0,0.0,0.0
2022-04-05 00:00:00,0.012829268292682928,0.745,1.532,0.0,0.0,0.0
2022-04-05 01:00:00,0.012773983739837399,0.768,1.533,0.0,11.157925706024217,0.0
2022-04-05 02:00:00,0.012718699186991872,0.788,1.53,0.0,0.0,0.0
2022-04-05 03:00:00,0.012663414634146343,0.791,1.528,0.0,0.0,0.0
2022-04-05 04:00:00,0.012608130081300814,0.792,1.527,0.0,0.0,0.0
2022-04-05 05:00:00,0.012552845528455285,0.803,1.523,0.0,0.0,0.0
2022-04-05 06:00:00,0.012497560975609757,0.811,1.521,0.5963021103638414,2.711881018453068,6.280874918999284
2022-04-05 07:00:00,0.012442276422764229,0.816,1.524,0.0,0.0,0.0
2022-04-05 08:00:00,0.0123869918699187,0.811,1.522,0.0,0.0,0.0
2022-04-05 09:00:00,0.01233170731707317,0.785,1.526,0.0,0.0,0.0
2022-04-05 10:00:00,0.012276422764227643,0.796,1.528,0.0,0.0,0.0
2022-04-05 11:00:00,0.012221138211382114,0.808,1.527,0.0,0.0,0.0
2022-04-05 12:00:00,0.012165853658536585,0.802,1.526,0.0,0.0,0.0
2022-04-05 13:00:00,0.012110569105691056,0.771,1.522,0.0,0.0,0.0
2022-04-05 14:00:00,0.01205528455284553,0.778,1.515,0.08553488113483611,0.39677113701291444,0.9067495300984719
2022-04-05 15:00:00,0.012,0.79,1.509,1.070880099622678,0.0,0.0
2022-04-05 16:00:00,0.021,0.794,1.5,0.0,0.0,0.0
2022-04-05 17:00:00,0.014,0.779,1.492,0.0,0.0,0.0
2022-04-05 18:00:00,0.017,0.755,1.486,0.0,0.0,0.0
2022-04-05 19:00:00,0.063,0.766,1.479,0.0,0.0,0.0
2022-04-05 20:00:00,0.048,0.766,1.473,0.0,0.0,0.0
2022-04-05 21:00:00,0.046,0.759,1.467,0.06942378214235331,5.07422619551167,1.1430318276912526
2022-04-05 22:00:00,0.019,0.746,1.462,0.0,0.0,0.0
2022-04-05 23:00:00,0.021153846153846155,0.746,1.459,0.0,0.0,0.0
2022-04-06 00:00:00,0.023307692307692307,0.731,1.456,0.0,0.0,0.0
2022-04-06 01:00:00,0.02546153846153846,0.727,1.451,0.0,0.0,0.0
2022-04-06 02:00:00,0.027615384615384615,0.738,1.45,0.011820315989116816,0.18567882470546151,5.78266604332889
2022-04-06 03:00:00,0.02976923076923077,0.781,1.455,0.0,0.0,0.0
2022-04-06 04:00:00,0.03192307692307692,0.889,1.457,0.0,2.7542350349008657,0.0
2022-04-06 05:00:00,0.034076923076923074,0.955,1.465,2.148430849228482,0.0,0.0
2022-04-06 06:00:00,0.03623076923076923,0.961,1.475,0.0,0.0,0.0
2022-04-06 07:00:00,0.03838461538461538,0.933,1.487,0.0,0.40019961172748436,0.0
2022-04-06 08:00:00,0.04053846153846154,0.898,1.498,0.0,0.0,0.0
2022-04-06 09:00:00,0.04269230769230769,0.86,1.519,0.0,0.0,0.0
2022-04-06 10:00:00,0.04484615384615384,0.841,1.524,0.0,0.0,0.0
2022-04-06 11:00:00,0.047,0.814,1.535,0.0,0.0,0.0
2022-04-06 12:00:00,0.087,0.794,1.552,0.0,0.0,0.0
2022-04-06 13:00:00,0.106,0.768,1.566,0.0,0.0,0.0
2022-04-06 14:00:00,0.15,0.763,1.558,0.0,0.0,0.0
2022-04-06 15:00:00,0.098,0.744,1.515,0.0,0.0,0.0
2022-04-06 16:00:00,0.161,0.727,1.484,0.0,0.3569485565020619,0.0
2022-04-06 17:00:00,0.178,0.704,1.462,0.0,0.0,0.0
2022-04-06 18:00:00,0.188,0.693,1.447,0.0,0.0,0.0
2022-04-06 19:00:00,0.166,0.682,1.436,0.0,0.0,0.0
2022-04-06 20:00:00,0.189,0.675,1.429,0.0,0.0,0.0
2022-04-06 21:00:00,0.174,0.668,1.425,0.0,0.0,0.0
2022-04-06 22:00:00,0.18,0.656,1.421,0.0,0.0,9.20535728633304
2022-04-06 23:00:00,0.185,0.646,1.418,0.0,0.0,0.0
2022-04-07 00:00:00,0.232,0.65,1.416,7.292935827392225,0.0,0.0
2022-04-07 01:00:00,0.197,0.641,1.416,0.0,0.0,0.0
2022-04-07 02:00:00,0.214,0.624,1.414,0.0,0.0,0.0
2022-04-07 03:00:00,0.226,0.639,1.412,0.0,0.0,0.0
2022-04-07 04:00:00,0.218,0.644,1.412,0.0,0.0,0.0
2022-04-07 05:00:00,0.211,0.66,1.41,0.0,0.0,0.0
2022-04-07 06:00:00,0.217,0.671,1.409,0.0,0.0,0.0
2022-04-07 07:00:00,0.243,0.662,1.411,6.179061589871449,9.452590640896021,9.69532223248825
2022-04-07 08:00:00,0.238,0.672,1.407,0.0,0.0,0.0
2022-04-07 09:00:00,0.192,0.663,1.407,0.0,0.0,0.0
2022-04-07 10:00:00,0.172,0.658,1.407,0.0,0.0,0.0
2022-04-07 11:00:00,0.131,0.669,1.411,0.0,0.0,0.0
2022-04-07 12:00:00,0.151,0.672,1.413,0.0,0.0,0.0
2022-04-07 13:00:00,0.228,0.711,1.417,0.0,0.0,0.0
2022-04-07 14:00:00,0.235,0.748,1.418,1.9040141950949616,0.46418440629511587,7.28534390535456
2022-04-07 15:00:00,0.243,0.763,1.416,0.0,0.0,0.0
2022-04-07 16:00:00,0.248,0.755,1.413,0.0,0.0,0.0
2022-04-07 17:00:00,0.258,0.743,1.41,0.0,0.0,0.0
2022-04-07 18:00:00,0.2589202053196454,0.7424496894409938,1.4107483516483517,0.0,0.0,0.0
2022-04-07 19:00:00,0.2598404106392907,0.7418993788819875,1.4114967032967032,0.0,0.0,0.0
2022-04-07 20:00:00,0.26076061595893607,0.7413490683229813,1.412245054945055,3.006980018549477,0.0,0.0
2022-04-07 21:00:00,0.26168082127858144,0.7407987577639752,1.4129934065934064,0.0,0.0,0.0
2022-04-07 22:00:00,0.2626010265982268,0.740248447204969,1.4137417582417582,0.0,0.0,0.0
2022-04-07 23:00:00,0.26352123191787213,0.7396981366459627,1.4144901098901097,0.0,0.0,0.0
2022-04-08 00:00:00,0.2644414372375175,0.7391478260869565,1.4152384615384614,8.217468488528917,0.6144959809638997,1.1046944187415928
2022-04-08 01:00:00,0.2653616425571629,0.7385975155279503,1.4159868131868132,0.0,0.0,0.0
2022-04-08 02:00:00,0.2662818478768082,0.738047204968944,1.4167351648351647,0.0,0.0,0.0
2022-04-08 03:00:00,0.26720205319645357,0.7374968944099379,1.4174835164835164,0.0,0.0,0.0
2022-04-08 04:00:00,0.26812225851609894,0.7369465838509317,1.418231868131868,0.0,0.0,0.0
2022-04-08 05:00:00,0.2690424638357443,0.7363962732919255,1.4189802197802197,0.0,0.0,0.0
2022-04-08 06:00:00,0.26996266915538963,0.7358459627329192,1.4197285714285715,0.0,0.0,0.0
2022-04-08 07:00:00,0.270882874475035,0.735295652173913,1.420476923076923,0.0,0.0,0.0
2022-04-08 08:00:00,0.2718030797946804,0.7347453416149068,1.4212252747252747,0.0,0.0,1.1476960357835568
2022-04-08 09:00:00,0.2727232851143257,0.7341950310559007,1.4219736263736262,0.0,0.0,0.0
2022-04-08 10:00:00,0.27364349043397107,0.7336447204968944,1.422721978021978,0.0,8.894259753601762,0.0
2022-04-08 11:00:00,0.27456369575361644,0.7330944099378882,1.4234703296703295,0.0,0.0,0.0
2022-04-08 12:00:00,0.2754839010732618,0.732544099378882,1.4242186813186812,0.0,0.0,0.0
2022-04-08 13:00:00,0.27640410639290713,0.7319937888198758,1.424967032967033,0.0,0.0,4.53755650274206
2022-04-08 14:00:00,0.2773243117125525,0.7314434782608695,1.4257153846153845,0.0,0.0,0.0
2022-04-08 15:00:00,0.2782445170321979,0.7308931677018633,1.4264637362637362,0.0,0.0,0.0
2022-04-08 16:00:00,0.2791647223518432,0.7303428571428572,1.4272120879120878,0.0,0.0,0.0
2022-04-08 17:00:00,0.28008492767148857,0.729792546583851,1.4279604395604395,0.0,0.0,0.0
2022-04-08 18:00:00,0.28008492767148857,0.729792546583851,1.4279604395604395,0.0,0.26804531899998824,0.0
2022-04-08 19:00:00,0.28008492767148857,0.729792546583851,1.4279604395604395,0.0,1.7701514561282943,0.0
2022-04-08 20:00:00,0.28100600233957007,0.7292408231607651,1.4287096254915652,2.193037524921352,0.2488182631035598,0.1636964148315767
2022-04-08 21:00:00,0.28192707700765157,0.7286890997376794,1.429458811422691,0.0,0.0,0.0
2022-04-08 22:00:00,0.282848151675733,0.7281373763145935,1.4302079973538167,0.0,0.0,4.119206664241735
2022-04-08 23:00:00,0.2837692263438145,0.7275856528915077,1.4309571832849424,0.0,0.0,0.0
2022-04-09 00:00:00,0.284690301011896,0.7270339294684218,1.431706369216068,0.0,0.0,0.0
2022-04-09 01:00:00,0.2856113756799775,0.7264822060453361,1.4324555551471938,0.0,0.0,0.0
2022-04-09 02:00:00,0.28653245034805896,0.7259304826222502,1.4332047410783195,0.0,0.0,0.0
2022-04-09 03:00:00,0.28745352501614047,0.7253787591991644,1.4339539270094452,4.320287887981305,0.0,0.0
2022-04-09 04:00:00,0.28837459968422197,0.7248270357760787,1.4347031129405712,0.0,0.0,0.0
2022-04-09 05:00:00,0.28929567435230347,0.7242753123529928,1.435452298871697,0.0,0.0,0.0
2022-04-09 06:00:00,0.29021674902038497,0.723723588929907,1.4362014848028226,0.0,0.0,0.0
2022-04-09 07:00:00,0.2911378236884664,0.7231718655068211,1.4369506707339483,0.0,0.0,0.0
2022-04-09 08:00:00,0.2920588983565479,0.7226201420837354,1.437699856665074,0.0,0.0,0.0
2022-04-09 09:00:00,0.2929799730246294,0.7220684186606495,1.4384490425961998,0.0,0.0,0.0
2022-04-09 10:00:00,0.2939010476927109,0.7215166952375637,1.4391982285273255,0.0,0.0,0.0
2022-04-09 11:00:00,0.2948221223607924,0.7209649718144779,1.4399474144584512,0.0,0.0,0.0
2022-04-09 12:00:00,0.29574319702887386,0.7204132483913921,1.440696600389577,0.0,0.0,0.0
2022-04-09 13:00:00,0.29666427169695536,0.7198615249683062,1.4414457863207026,0.0,0.0,0.0
2022-04-09 14:00:00,0.29758534636503686,0.7193098015452204,1.4421949722518284,0.0,0.0,0.0
2022-04-09 15:00:00,0.29850642103311836,0.7187580781221347,1.442944158182954,0.0,0.0,0.0
2022-04-09 16:00:00,0.2994274957011998,0.7182063546990488,1.4436933441140798,0.0,0.0,0.0
2022-04-09 17:00:00,0.3003485703692813,0.717654631275963,1.4444425300452055,0.0,0.0,0.0
2022-04-09 18:00:00,0.3012696450373628,0.7171029078528772,1.4451917159763312,0.0,1.4394469816404283,0.0
2022-04-09 19:00:00,0.3021907197054443,0.7165511844297914,1.445940901907457,0.0,0.0,0.0
2022-04-09 20:00:00,0.3021907197054443,0.7165511844297914,1.445940901907457,0.0,0.0,0.0
2022-04-09 21:00:00,0.3021907197054443,0.7165511844297914,1.445940901907457,0.0,0.0,0.0
2022-04-09 22:00:00,0.3021907197054443,0.7165511844297914,1.445940901907457,0.0,0.0,0.0
2022-04-09 23:00:00,0.3021907197054443,0.7165511844297914,1.445940901907457,0.0,0.0,0.0
2022-04-10 00:00:00,0.3021907197054443,0.7165511844297914,1.445940901907457,0.0,0.0,0.0
2022-04-10 01:00:00,0.3021907197054443,0.7165511844297914,1.445940901907457,0.0,0.0,0.0
2022-04-10 02:00:00,0.3021907197054443,0.7165511844297914,1.445940901907457,0.0,0.0,0.0
2022-04-10 03:00:00,0.3021907197054443,0.7165511844297914,1.445940901907457,0.0,0.0,0.0
2022-04-10 04:00:00,0.3021907197054443,0.7165511844297914,1.445940901907457,0.0,0.0,0.0
2022-04-10 05:00:00,0.3021907197054443,0.7165511844297914,1.445940901907457,0.0,0.0,0.0
2022-04-10 06:00:00,0.3021907197054443,0.7165511844297914,1.445940901907457,0.0,0.0,0.0
2022-04-10 07:00:00,0.3021907197054443,0.7165511844297914,1.445940901907457,0.0,0.0,0.0
2022-04-10 08:00:00,0.3021907197054443,0.7165511844297914,1.445940901907457,0.0,0.0,0.0
2022-04-10 09:00:00,0.3021907197054443,0.7165511844297914,1.445940901907457,0.0,0.0,0.0
2022-04-10 10:00:00,0.3021907197054443,0.7165511844297914,1.445940901907457,0.0,0.0,0.0
2022-04-10 11:00:00,0.3021907197054443,0.7165511844297914,1.445940901907457,0.0,0.0,0.0
2022-04-10 12:00:00,0.3021907197054443,0.7165511844297914,1.445940901907457,15.564765068619975,7.991419224350234,0.0
2022-04-10 13:00:00,0.3021907197054443,0.7165511844297914,1.445940901907457,0.0,0.0,0.0
2022-04-10 14:00:00,0.3021907197054443,0.7165511844297914,1.445940901907457,0.0,0.0,0.0
2022-04-10 15:00:00,0.3021907197054443,0.7165511844297914,1.445940901907457,0.0,0.0,0.0
2022-04-10 16:00:00,0.3021907197054443,0.7165511844297914,1.445940901907457,0.0,0.0,0.0
2022-04-10 17:00:00,0.3021907197054443,0.7165511844297914,1.445940901907457,0.0,0.0,0.0
2022-04-10 18:00:00,0.3021907197054443,0.7165511844297914,1.445940901907457,0.0,0.0,0.0
2022-04-10 19:00:00,0.3021907197054443,0.7165511844297914,1.445940901907457,0.0,0.0,0.0
2022-04-10 20:00:00,0.3021907197054443,0.7165511844297914,1.445940901907457,0.0,0.0,0.0
2022-04-10 21:00:00,0.3021907197054443,0.7165511844297914,1.445940901907457,0.0,0.0,3.3018577363599744
2022-04-10 22:00:00,0.3021907197054443,0.7165511844297914,1.445940901907457,0.0,0.0,0.0
2022-04-10 23:00:00,0.3021907197054443,0.7165511844297914,1.445940901907457,0.0,0.0,0.0
2022-04-11 00:00:00,0.3021907197054443,0.7165511844297914,1.445940901907457,0.0,0.0,0.0
2022-04-11 01:00:00,0.3021907197054443,0.7165511844297914,1.445940901907457,0.013817238955496892,0.04235859236662514,5.584592913078915
2022-04-11 02:00:00,0.3021907197054443,0.7165511844297914,1.445940901907457,5.515093554460105,0.0,0.0
2022-04-11 03:00:00,0.3021907197054443,0.7165511844297914,1.445940901907457,0.0,0.0,0.0
2022-04-11 04:00:00,0.3021907197054443,0.7165511844297914,1.445940901907457,0.0,0.0,0.0
2022-04-11 05:00:00,0.3021907197054443,0.7165511844297914,1.445940901907457,0.0,0.0,0.0
2022-04-11 06:00:00,0.3021907197054443,0.7165511844297914,1.445940901907457,0.0,0.0,0.0
2022-04-11 07:00:00,0.3021907197054443,0.7165511844297914,1.445940901907457,0.0,0.0,0.0
2022-04-11 08:00:00,0.3021907197054443,0.7165511844297914,1.445940901907457,0.0,0.0,0.0
2022-04-11 09:00:00,0.3021907197054443,0.7165511844297914,1.445940901907457,0.0,0.0,0.0
2022-04-11 10:00:00,0.3021907197054443,0.7165511844297914,1.445940901907457,0.0,0.0,0.0
2022-04-11 11:00:00,0.3021907197054443,0.7165511844297914,1.445940901907457,0.0,0.0,1.3293123813186714
2022-04-11 12:00:00,0.3021907197054443,0.7165511844297914,1.445940901907457,0.0,0.0,0.0
2022-04-11 13:00:00,0.3021907197054443,0.7165511844297914,1.445940901907457,0.0,0.0,3.148753555065791
2022-04-11 14:00:00,0.3021907197054443,0.7165511844297914,1.445940901907457,0.0,0.0,0.0
2022-04-11 15:00:00,0.3021907197054443,0.7165511844297914,1.445940901907457,0.0,0.0,0.0
2022-04-11 16:00:00,0.3021907197054443,0.7165511844297914,1.445940901907457,0.0,0.0,0.0
2022-04-11 17:00:00,0.3021907197054443,0.7165511844297914,1.445940901907457,0.0,0.0,0.0
2022-04-11 18:00:00,0.3021907197054443,0.7165511844297914,1.445940901907457,0.0,0.0,0.0
2022-04-11 19:00:00,0.3021907197054443,0.7165511844297914,1.445940901907457,0.0,0.0,0.0
2022-07-04 00:00:00,2.23,0.227,2.068,2.1435313709064236,9.585503868530273,1.0421145136127528
2022-07-04 01:00:00,2.23,0.227,2.068,0.0,0.0,0.0
2022-07-04 02:00:00,2.23,0.227,2.068,0.0,0.0,0.0
2022-07-04 03:00:00,2.23,0.227,2.068,2.1941638830821026,4.061749305970174,0.5340054869274277
2022-07-04 04:00:00,2.23,0.227,2.068,0.0,0.0,0.0
2022-07-04 05:00:00,2.23,0.227,2.068,0.0,0.0,0.0
2022-07-04 06:00:00,2.23,0.227,2.068,0.0,0.8647001843887552,0.0
2022-07-04 07:00:00,2.23,0.227,2.068,0.0,0.0,0.0
2022-07-04 08:00:00,2.23,0.227,2.068,0.0,0.0,0.0
2022-07-04 09:00:00,2.23,0.227,2.068,0.0,0.0,0.0
2022-07-04 10:00:00,2.23,0.227,2.068,0.0,0.0,0.0
2022-07-04 11:00:00,2.23,0.227,2.068,0.0,0.0,0.0
2022-07-04 12:00:00,2.23,0.227,2.068,1.4914387630629715,0.14066902983342802,5.035259441873147
2022-07-04 13:00:00,2.23,0.227,2.068,0.0,0.0,0.0
2022-07-04 14:00:00,2.23,0.227,2.068,0.0,0.0,0.0
2022-07-04 15:00:00,2.23,0.227,2.068,0.0,0.0,0.0
2022-07-04 16:00:00,2.23,0.227,2.068,0.0,0.021560644874100077,0.0
2022-07-04 17:00:00,2.23,0.227,2.068,0.0,0.0,0.0
2022-07-04 18:00:00,2.23,0.227,2.068,0.29141044021335505,6.090728223227592,5.7199092343216575
2022-07-04 19:00:00,2.23,0.227,2.068,14.415090973056454,1.1975123677843642,3.14160906402359
2022-07-04 20:00:00,2.23,0.227,2.068,0.0,0.0,0.0
2022-07-04 21:00:00,2.23,0.227,2.068,0.0,0.0,0.0
2022-07-04 22:00:00,2.23,0.227,2.068,0.0,0.0,0.0
2022-07-04 23:00:00,2.23,0.227,2.068,0.0,0.0,0.0
2022-07-05 00:00:00,2.23,0.227,2.068,0.0,0.0,0.0
2022-07-05 01:00:00,2.23,0.227,2.068,0.0,0.0,0.0
2022-07-05 02:00:00,2.23,0.227,2.068,0.0,0.0,0.0
2022-07-05 03:00:00,2.23,0.227,2.068,0.0,0.0,0.0
2022-07-05 04:00:00,2.23,0.227,2.068,7.279339504739723,3.556578778844448,5.275829097093093
2022-07-05 05:00:00,2.23,0.227,2.068,0.0,0.0,0.0
2022-07-05 06:00:00,2.23,0.227,2.068,0.0,0.0,0.0
2022-07-05 07:00:00,2.23,0.227,2.068,0.0,0.0,0.0
2022-07-05 08:00:00,2.23,0.227,2.068,0.0,0.0,0.0
2022-07-05 09:00:00,2.23,0.227,2.068,6.373038489130668,16.998692910628574,0.3460043288587287
2022-07-05 10:00:00,2.23,0.227,2.068,0.0,0.0,0.0
2022-07-05 11:00:00,2.23,0.227,2.068,2.493916845239822,0.2991089155840757,0.5491973462809248
2022-07-05 12:00:00,2.23,0.227,2.068,0.0,0.0,0.0
2022-07-05 13:00:00,2.23,0.227,2.068,4.204384934280484,3.5553753855944725,2.025214165955953
2022-07-05 14:00:00,2.23,0.227,2.068,0.0,0.0,0.0
2022-07-05 15:00:00,2.23,0.227,2.068,0.0,0.0,0.0
2022-07-05 16:00:00,2.23,0.227,2.068,0.0,0.0,0.0
2022-07-05 17:00:00,2.23,0.227,2.068,0.0,0.0,0.0
2022-07-05 18:00:00,2.23,0.227,2.068,0.0,0.0,0.0
2022-07-05 19:00:00,2.23,0.227,2.068,0.0,0.0,0.0
2022-07-05 20:00:00,2.23,0.227,2.068,4.72483437471069,1.0334749273570374,1.4416012387665396
2022-07-05 21:00:00,2.23,0.227,2.068,0.0,0.0,0.0
2022-07-05 22:00:00,2.23,0.227,2.068,2.692838786185711,0.6316795034012274,0.517479553512972
2022-07-05 23:00:00,2.23,0.227,2.068,0.0,0.0,0.0
2022-07-06 00:00:00,2.23,0.227,2.068,0.0,0.0,0.0
2022-07-06 01:00:00,2.236,0.227,2.068,0.0,0.0,1.3520677384572035
2022-07-06 02:00:00,2.222,0.235,2.066,0.0,0.0,2.3808752891817297
2022-07-06 03:00:00,2.236,0.236,2.064,0.0,0.0,1.0870235073732453
2022-07-06 04:00:00,2.229,0.241,2.061,0.0,0.0,0.0
2022-07-06 05:00:00,2.21,0.223,1.857,4.457170265623446,1.6545816145613128,0.012297197869400362
2022-07-06 06:00:00,2.198,0.239,2.061,0.0,0.0,0.0
2022-07-06 07:00:00,2.099,0.234,2.058,5.491683669010278,1.3356335388708709,3.133553876831047
2022-07-06 08:00:00,2.176,0.234,2.06,0.0,0.0,0.0
2022-07-06 09:00:00,2.201,0.234,2.063,24.39518267094921,2.450153345982074,0.053636008929527
2022-07-06 10:00:00,2.206,0.242,2.064,0.0,0.0,0.0
2022-07-06 11:00:00,2.225,0.245,2.07,0.0,0.0,1.457321991771165
2022-07-06 12:00:00,2.201,0.253,2.071,0.0,0.0,0.0
2022-07-06 13:00:00,2.252,0.258,2.074,0.0,0.0,0.0
2022-07-06 14:00:00,2.243,0.26,2.075,0.0,0.0,0.0
2022-07-06 15:00:00,2.225,0.255,2.072,0.0,0.0,0.0
2022-07-06 16:00:00,2.249,0.25,2.073,0.7673811760253249,0.09194636251526059,5.6626911380537654
2022-07-06 17:00:00,2.263,0.25,2.066,4.328620314516549,5.325670415484117,7.39439936988092
2022-07-06 18:00:00,2.242,0.27,2.065,0.0,0.0,0.0
2022-07-06 19:00:00,2.281,0.266,2.059,8.439392316321754,4.439626117404439,3.8534877469390763
2022-07-06 20:00:00,2.261,0.261,2.055,0.79090441731244,0.13298020965261528,0.23768644120231414
2022-07-06 21:00:00,2.249,0.263,2.052,0.0,0.0,0.0
2022-07-06 22:00:00,2.246,0.265,2.051,11.536266776769002,2.3152471677109308,6.09532927611722
2022-07-06 23:00:00,2.235,0.262,2.051,2.6930760243015146,1.5688123984567932,1.8282662106963308
2022-07-07 00:00:00,2.25,0.267,2.047,0.0,0.0,0.0
2022-07-07 01:00:00,2.237,0.252,2.047,5.821024798860601,12.736704278039491,0.9607378747174593
2022-07-07 02:00:00,2.281,0.259,2.044,10.110082174146143,0.715806827117549,0.12096569059518628
2022-07-07 03:00:00,2.267,0.26,2.04,0.0,0.0,0.0
2022-07-07 04:00:00,2.29,0.254,2.038,1.494196666360508,1.3461989565772543,1.192244051258805
2022-07-07 05:00:00,2.292,0.254,2.04,0.0,0.0,0.0
2022-07-07 06:00:00,2.315,0.254,2.036,7.639652446868421,0.46487696330208883,2.4495244959504965
2022-07-07 07:00:00,2.298,0.237,2.039,0.1469740233519372,2.4129657075440485,0.15657031986908898
2022-07-07 08:00:00,2.287,0.255,2.051,0.0,0.0,0.0
2022-07-07 09:00:00,2.309,0.234,2.051,4.309821282946259,0.1063134717365789,0.3387842892491458
2022-07-07 10:00:00,2.337,0.258,2.048,0.0,0.0,0.0
2022-07-07 11:00:00,2.325,0.24733333333333335,2.045,0.0,0.0,0.0
2022-07-07 12:00:00,2.334,0.23666666666666666,2.04,0.0,0.0,0.0
2022-07-07 13:00:00,2.319,0.226,2.028,0.0,0.0,0.0
2022-07-07 14:00:00,2.315,0.252,2.022,0.0,0.0,0.0
2022-07-07 15:00:00,2.311,0.254,2.019,0.0,0.0,0.0
2022-07-07 16:00:00,2.313,0.237,2.007,5.270575292592914,0.10719438997104842,3.3870449177441135
2022-07-07 17:00:00,2.344,0.22,2.0025,0.0,0.0,0.0
2022-07-07 18:00:00,2.345,0.245,1.998,0.0,0.0,0.0
2022-07-07 19:00:00,2.35,0.239,1.9985,0.0,0.0,0.0
2022-07-07 20:00:00,2.333,0.217,1.999,0.0,0.0,0.0
2022-07-07 21:00:00,2.325,0.213,1.993,0.0,0.0,0.0
2022-07-07 22:00:00,2.338,0.23,1.9895,4.914721806259142,1.1876597287659727,4.009404686844217
2022-07-07 23:00:00,2.351,0.2235,1.986,6.85293334540759,0.024870890283154076,0.6022150018816539
2022-07-08 00:00:00,2.362,0.217,1.988,0.0,0.0,0.0
2022-07-08 01:00:00,2.376,0.222,1.987,0.0,0.0,0.0
2022-07-08 02:00:00,2.394,0.227,1.988,0.0,0.0,0.0
2022-07-08 03:00:00,2.367,0.202,1.984,0.0,0.0,0.0
2022-07-08 04:00:00,2.3899999999999997,0.2,1.9849999999999999,0.0,0.0,0.0
2022-07-08 05:00:00,2.413,0.23,1.986,0.0,0.0,0.0
2022-07-08 06:00:00,2.378,0.233,1.988,0.0,3.347908667658504,0.0
2022-07-08 07:00:00,2.401,0.206,1.989,1.29586169600622,0.11923687672041539,0.42805034495013067
2022-07-08 08:00:00,2.396,0.238,1.9915,0.0,0.0,0.0
2022-07-08 09:00:00,2.403,0.246,1.994,0.0,0.0,0.0
2022-07-08 10:00:00,2.405,0.235,1.996,0.5462919344692223,0.16183113648261305,0.01640404151008678
2022-07-08 11:00:00,2.396,0.246,1.996,0.0,0.0,0.0
2022-07-08 12:00:00,2.399,0.246,1.993,0.0,0.0,0.0
2022-07-08 13:00:00,2.402,0.2445,1.991,1.0163439642756051,0.0,0.0
2022-07-08 14:00:00,2.382,0.243,1.994,0.8582444577918947,1.7162825577472485,2.500092390110214
2022-07-08 15:00:00,2.329,0.243,1.992,1.8385155475596173,0.0,0.0
2022-07-08 16:00:00,2.309,0.243,1.985,13.223495833701675,1.0252888028495044,5.116151480117368
2022-07-08 17:00:00,2.292,0.244,1.979,1.1551871718255529,1.2825714377310269,0.7715525913169797
2022-07-08 18:00:00,2.306,0.248,1.975,0.0,0.0,0.0
2022-07-08 19:00:00,2.32,0.245,1.97,0.0,0.0,0.0
2022-07-08 20:00:00,2.342,0.245,1.966,0.0,0.0,0.0
2022-07-08 21:00:00,2.328,0.245,1.961,1.5059571997133592,1.997526423095942,0.1346875293124472
2022-07-08 22:00:00,2.193,0.2485,1.961,0.0,0.0,0.0
2022-07-08 23:00:00,2.182,0.252,1.959,0.0,0.0,0.0
2022-07-09 00:00:00,2.1710000000000003,0.255,1.9580000000000002,0.0,0.0,0.0
2022-07-09 01:00:00,2.16,0.258,1.957,0.0,0.0,0.0
2022-07-09 02:00:00,1.8890000000000002,0.254,1.957,0.0,0.0,0.0
2022-07-09 03:00:00,1.618,0.278,1.956,0.0,0.0,0.0
2022-07-09 04:00:00,1.692,0.3,1.957,0.0,8.199845482814247,0.0
2022-07-09 05:00:00,1.4,0.304,1.755,0.0,0.0,0.0
2022-07-09 06:00:00,1.407,0.315,1.766,0.0,0.0,0.4905159946887171
2022-07-09 07:00:00,1.538,0.523,1.971,0.0,0.0,0.0
2022-07-09 08:00:00,1.678,0.546,1.987,0.0,0.0,0.0
2022-07-09 09:00:00,1.78,0.569,2.019,0.0,0.0,0.0
2022-07-09 10:00:00,1.875,0.492,2.049,0.0,0.0,0.0
2022-07-09 11:00:00,1.895,0.435,2.079,12.072323261858733,1.2812000087740927,6.610945359913969
2022-07-09 12:00:00,1.939,0.403,2.111,0.0,0.0,0.0
2022-07-09 13:00:00,1.967,0.374,2.134,0.15467212432075111,0.0,0.0
2022-07-09 14:00:00,1.987,0.351,2.135,0.0,0.0,0.0
2022-07-09 15:00:00,1.968,0.328,2.126,0.0,0.0,0.0
2022-07-09 16:00:00,2.02,0.301,2.109,0.0,0.0,0.0
2022-07-09 17:00:00,2.079,0.288,2.093,0.0,2.7056104658641615,0.0
2022-07-09 18:00:00,2.108,0.275,2.075,0.1412064174263,0.0,0.0
2022-07-09 19:00:00,2.137,0.269,2.054,0.033055681013217285,6.68550154358732,0.0016708790564502985
2022-07-09 20:00:00,2.155,0.265,2.038,0.0,0.0,0.0
2022-07-09 21:00:00,2.143,0.268,2.024,1.006252689098639,0.0,0.0
2022-07-09 22:00:00,2.129,0.255,2.019,0.0,0.0,2.6591108901470224
2022-07-09 23:00:00,2.173,0.27,2.017,8.798718074204379,1.8595892778159024,0.8832719797733034
2022-07-10 00:00:00,2.17,0.267,2.019,0.0,0.0,0.0
2022-07-10 01:00:00,2.214,0.267,2.016,0.0,0.0,0.0
2022-07-10 02:00:00,2.222,0.269,2.016,0.0,0.0,0.0
2022-07-10 03:00:00,2.253,0.266,2.013,0.15609923408026194,0.5416649077809925,0.2857994987126026
2022-07-10 04:00:00,2.2675,0.266,2.008,0.48033314163259366,12.225956685709816,5.846450134855948
2022-07-10 05:00:00,2.282,0.266,2.001,0.0,0.0,0.0
2022-07-10 06:00:00,2.301,0.262,2.001,0.0,0.0,0.0
2022-07-10 07:00:00,2.3005,0.265,2.0,11.159696055877115,3.8513133689710237,1.3301086877166588
2022-07-10 08:00:00,2.3,0.263,2.005,1.5860197217655538,11.679115999210312,1.9027816710603624
2022-07-10 09:00:00,2.241,0.261,2.004,0.0,0.0,0.0
2022-07-10 10:00:00,2.255,0.268,1.998,0.0,0.0,0.0
2022-07-10 11:00:00,2.265,0.277,1.995,1.4720119076011893,1.0424999625972369,3.8828127349743364
2022-07-10 12:00:00,2.269,0.269,1.993,0.0,0.0,0.0
2022-07-10 13:00:00,2.286,0.273,1.994,4.660843310733554,1.4695432900886742,19.673717874974347
2022-07-10 14:00:00,2.296,0.283,1.989,0.0,0.0,0.0
2022-07-10 15:00:00,2.304,0.283,1.9925000000000002,8.015179828405664,2.4617650675975122,3.812826778997461
2022-07-10 16:00:00,2.306,0.28,1.996,0.0,0.0,0.0
2022-07-10 17:00:00,2.32,0.277,2.015,0.0,0.0,0.0
2022-07-10 18:00:00,2.324,0.252,2.088,0.0,0.0,0.0
2022-07-10 19:00:00,2.3305,0.268,2.232,0.0,0.0,0.0
2022-07-10 20:00:00,2.337,0.27,2.363,0.0,0.0,0.0
2022-07-10 21:00:00,2.378,0.276,2.442,0.5009780620144644,0.3669613635154068,0.8945678911973226
2022-07-10 22:00:00,2.354,0.2773333333333334,2.483,0.0,0.0,0.0
2022-07-10 23:00:00,2.353,0.2786666666666667,2.495,0.0,0.0,0.0
2022-07-11 00:00:00,2.351,0.28,2.48,0.0,0.0,4.055043091191251
2022-07-11 01:00:00,2.341,0.283,2.446,0.0,0.0,0.0
2022-07-11 02:00:00,2.345,0.283,2.405,0.0,0.0,0.0
2022-07-11 03:00:00,2.343,0.282,2.366,0.0,0.0,0.0
2022-07-11 04:00:00,2.337,0.281,2.33,13.63751081171872,0.02684295242040851,0.4916898714630332
2022-07-11 05:00:00,2.338,0.279,2.3025,0.0,0.0,0.0
2022-07-11 06:00:00,2.309,0.278,2.275,0.0,0.0,0.0
2022-07-11 07:00:00,2.318,0.2775,2.257,0.1942987268767599,1.9769813015162057,0.0891638555419189
2022-07-11 08:00:00,2.312,0.277,2.245,3.5444050271199044,1.36082872253429,0.5228977862594482
2022-07-11 09:00:00,2.323,0.2675,2.232,1.3543985283498803,4.562500628688092,29.03979457521172
2022-07-11 10:00:00,2.332,0.258,2.21,0.10733573192494206,0.29491489784738584,0.08686965950440731
2022-07-11 11:00:00,2.354,0.254,2.187,0.01195249334586778,0.3089977801594217,0.18605308450773694
2022-07-11 12:00:00,2.334,0.252,2.214,0.0,0.0,0.0
2022-07-11 13:00:00,2.295,0.258,2.302,0.26412023641405813,1.1942122086015896,2.1603176556765114
2022-07-11 14:00:00,2.2015000000000002,0.277,2.386,1.2082458990658855,0.0,0.0
2022-07-11 15:00:00,2.108,0.255,2.228,0.0,0.0,0.0
2022-07-11 16:00:00,2.039,0.276,2.498,0.0,0.0,0.0
2022-07-11 17:00:00,2.1,0.262,2.53,0.0,0.0,0.0
2022-07-11 18:00:00,2.198,0.275,2.525,1.43649997302119,2.511695417374883,48.3086859458347
2022-07-11 19:00:00,2.246,0.264,2.393,0.0,0.0,0.0
2022-07-11 20:00:00,2.304,0.257,2.3179999999999996,1.6101564712232248,18.014805846031248,2.1367532200291115
2022-07-11 21:00:00,2.299,0.273,2.243,0.0,0.0,0.0
2022-07-11 22:00:00,2.343,0.292,2.281,0.0,6.270416537209386,0.0
2022-07-11 23:00:00,2.31,0.307,2.361,0.0,0.0,0.0
2022-07-12 00:00:00,2.363,0.314,2.425,0.0,0.0,0.0
2022-07-12 01:00:00,2.351,0.311,2.476,0.0,0.0,0.0
2022-07-12 02:00:00,2.366,0.308,2.508,0.0,0.0,0.0
2022-07-12 03:00:00,2.343,0.296,2.521,0.0,6.850454376265797,0.0
2022-07-12 04:00:00,2.344,0.288,2.5055,4.911571964730113,1.0236305735325257,0.7344333495289552
2022-07-12 05:00:00,2.351,0.279,2.49,0.0,0.0,0.0
2022-07-12 06:00:00,2.353,0.256,2.458,0.0,0.0,0.0
2022-07-12 07:00:00,2.309,0.256,2.42,0.0,0.0,0.0
2022-07-12 08:00:00,2.288,0.259,2.375,0.4777903720341143,4.717561152518016,0.15586793171262722
2022-07-12 09:00:00,2.307,0.269,2.337,0.0,0.0,0.0
2022-07-12 10:00:00,2.298,0.273,2.311,1.0509586601997087,1.7211103411119983,5.620349726679897
2022-07-12 11:00:00,2.325,0.316,2.335,0.0,0.7790699220988384,0.0
2022-07-12 12:00:00,2.334,0.359,2.407,0.0,0.0,0.0
2022-07-12 13:00:00,2.363,0.374,2.463,0.0,0.0,0.0
2022-07-12 14:00:00,2.349,0.3605,2.434,0.0,0.0,0.0
2022-07-12 15:00:00,2.366,0.347,2.387,0.0,0.0,0.0
2022-07-12 16:00:00,2.341,0.347,2.346,0.0,0.0,0.0
2022-07-12 17:00:00,2.33,0.347,2.28,0.0,0.0,0.0
2022-07-12 18:00:00,2.331,0.359,2.217,0.0,0.0,0.0
2022-07-12 19:00:00,2.337,0.351,2.184,0.0,0.0,0.0
2022-07-12 20:00:00,2.357,0.348,2.192,1.1267726422250917,0.0,2.5243571782701673
2022-07-12 21:00:00,2.347,0.347,2.265,0.6783364287740562,4.9367030360362385,1.2563113521893008
2022-07-12 22:00:00,2.361,0.346,2.433,0.0,0.0,0.0
2022-07-12 23:00:00,2.3630000000000004,0.345,2.591,0.0,0.0,0.0
2022-07-13 00:00:00,2.365,0.34,2.6580000000000004,0.0,0.0,0.0
2022-07-13 01:00:00,2.39,0.335,2.725,0.7309525123206997,0.6814629504493555,1.779668591316041
2022-07-13 02:00:00,2.374,0.324,2.726,0.0,0.0,0.0
2022-07-13 03:00:00,2.368,0.318,2.716,0.0,0.0,0.0
2022-07-13 04:00:00,2.347,0.313,2.694,0.0,0.0,0.0
2022-07-13 05:00:00,2.343,0.312,2.668,0.0,0.0,0.0
2022-07-13 06:00:00,2.345,0.309,2.632,0.0,0.0,0.0
2022-07-13 07:00:00,2.341,0.317,2.598,0.0,0.0,0.0
2022-07-13 08:00:00,2.337,0.317,2.562,3.531296101130182,2.14997215493264,3.917634403055472
2022-07-13 09:00:00,2.341,0.303,2.521,0.0,0.0,0.0
2022-07-13 10:00:00,2.3365,0.302,2.486,0.0,0.0,0.0
2022-07-13 11:00:00,2.332,0.289,2.452,0.0,0.0,0.0
2022-07-13 12:00:00,2.364,0.29,2.422,0.0,0.0,0.0
2022-07-13 13:00:00,2.361,0.289,2.395,0.0,0.0,0.0
2022-07-13 14:00:00,2.345,0.288,2.3689999999999998,0.0,0.0,0.0
2022-07-13 15:00:00,2.363,0.287,2.343,0.0,0.0,0.0
2022-07-13 16:00:00,2.367,0.285,2.329,0.0,0.0,0.0
2022-07-13 17:00:00,2.3819999999999997,0.28,2.3175,0.9840695237993644,2.897853794995499,2.469168254786787
2022-07-13 18:00:00,2.397,0.271,2.306,0.0,0.0,0.0
2022-07-13 19:00:00,2.404,0.262,2.314,0.0,0.0,0.0
2022-07-13 20:00:00,2.411,0.259,2.324,2.7457433110837766,5.505479607745303,0.16723846304746331
2022-07-13 21:00:00,2.417,0.256,2.322,0.0,0.0,0.0
2022-07-13 22:00:00,2.395,0.254,2.315,0.0,0.0,0.0
2022-07-13 23:00:00,2.401,0.25,2.304,0.0,0.0,0.0
2022-07-14 00:00:00,2.407,0.252,2.298,0.0,0.0,0.0
2022-07-14 01:00:00,2.392,0.247,2.341,1.8693047963591245,2.7303369373871433,1.3857212511473422
2022-07-14 02:00:00,2.384,0.245,2.412,0.041245368518622295,2.8487996001576166,0.0052060753386418005
2022-07-14 03:00:00,2.327,0.246,2.462,0.0,0.0,0.0
2022-07-14 04:00:00,2.301,0.246,2.481,0.0,0.0,0.0
2022-07-14 05:00:00,2.314,0.246,2.484,0.0,0.0,0.0
2022-07-14 06:00:00,2.319,0.248,2.468,0.0,0.0,0.0
2022-07-14 07:00:00,2.332,0.252,2.447,0.0,0.0,0.0
2022-07-14 08:00:00,2.341,0.252,2.424,0.9064783223770435,4.055717556402914,0.02708503136422326
2022-07-14 09:00:00,2.365,0.262,2.394,0.0,0.0,0.0
2022-07-14 10:00:00,2.377,0.257,2.368,0.0,0.0,0.0
2022-07-14 11:00:00,2.389,0.256,2.348,0.0,0.0,0.0
2022-07-14 12:00:00,2.415,0.234,2.329,2.2252381452718533,5.50595460145969,0.9546384279591823
2022-07-14 13:00:00,2.421,0.204,2.306,2.675683577927803,9.113764829179427,3.370106973262259
2022-07-14 14:00:00,2.412,0.242,2.082,0.0,0.0,0.0
2022-07-14 15:00:00,2.424,0.241,2.296,0.0,0.0,0.0
2022-07-14 16:00:00,2.416,0.221,2.297,0.0,0.0,0.0
2022-07-14 17:00:00,2.429,0.22,2.342,0.0,0.0,0.0
2022-07-14 18:00:00,2.45,0.225,2.415,4.734603739039542,0.320114535379466,0.1092361531584968
2022-07-14 19:00:00,2.44,0.219,2.506,0.5669725580834598,2.805523209674484,11.731761368374835
2022-07-14 20:00:00,2.435,0.215,2.59,0.14662881208409836,1.643313041479154,8.157924581723115
2022-07-14 21:00:00,2.433,0.211,2.646,0.0,0.0,0.0
2022-07-14 22:00:00,2.455,0.203,2.686,0.0,0.0,0.0
2022-07-14 23:00:00,2.454,0.212,2.728,0.0,0.0,0.0
2022-07-15 00:00:00,2.456,0.212,2.772,0.0,0.0,0.0
2022-07-15 01:00:00,2.44,0.205,2.789,12.268054045547952,3.0275896097075448,2.6708000649185877
2022-07-15 02:00:00,2.438,0.205,2.784,10.590973959041095,0.0867484438011482,0.0997676492679187
2022-07-15 03:00:00,2.421,0.204,2.763,7.669495891451707,5.161535576654354,1.3850863671578177
2022-07-15 04:00:00,2.447,0.208,2.734,1.1383658045729392,1.030955372234295,10.825323112456964
2022-07-15 05:00:00,2.447,0.206,2.698,4.662844295519401,0.019862228426708223,1.7005019761873206
2022-07-15 06:00:00,2.466,0.198,2.663,3.7627460872172733,2.407668927049433,0.396282064464474
2022-07-15 07:00:00,2.467,0.198,2.631,0.0,0.0,0.0
2022-07-15 08:00:00,2.47,0.202,2.603,0.0,0.0,0.0
2022-07-15 09:00:00,2.506,0.192,2.576,0.0,0.0,0.0
2022-07-15 10:00:00,2.517,0.2,2.547,16.211931131939853,0.26031350460945196,3.4155882490009604
2022-07-15 11:00:00,2.528,0.2,2.528,0.0,0.0,0.0
2022-07-15 12:00:00,2.527,0.189,2.51,0.0,0.0,0.0
2022-07-15 13:00:00,2.545,0.188,2.486,3.136748006333017,1.5249411028008895,1.4494211572833355
2022-07-15 14:00:00,2.554,0.191,2.467,0.0,0.0,0.0
2022-07-15 15:00:00,2.564,0.194,2.448,4.655875941663396,7.662573775316575,2.265724861860278
2022-07-15 16:00:00,2.541,0.175,2.428,0.0,0.0,0.0
2022-07-15 17:00:00,2.572,0.185,2.411,1.9349946574307886,0.0,0.0
2022-07-15 18:00:00,2.534,0.176,2.398,6.306037157587461,4.709892928858678,8.254772507787228
2022-07-15 19:00:00,2.5425,0.185,2.383,0.0,0.0,0.0
2022-07-15 20:00:00,2.551,0.182,2.372,1.0582242892623022,3.018633810890974,1.5846453508797012
2022-07-15 21:00:00,2.545,0.181,2.363,0.0,0.0,0.0
2022-07-15 22:00:00,2.54,0.184,2.349,0.0,0.0,0.0
2022-07-15 23:00:00,2.535,0.186,2.34,0.0,0.0,0.0
2022-07-16 00:00:00,2.535,0.186,2.333,0.0,0.0,0.0
2022-07-16 01:00:00,2.538,0.185,2.334,10.892921744545097,2.9646903300426617,3.799234770657251
2022-07-16 02:00:00,2.52,0.19,2.34,0.0,0.6449293904914513,0.0
2022-07-16 03:00:00,2.513,0.183,2.346,0.0,0.0,0.0
2022-07-16 04:00:00,2.47,0.183,2.346,0.0,0.0,0.0
2022-07-16 05:00:00,2.486,0.186,2.335,0.0,0.0,0.0
2022-07-16 06:00:00,2.511,0.185,2.326,0.0,0.0,0.0
2022-07-16 07:00:00,2.515,0.181,2.394,0.0,0.0,0.0
2022-07-16 08:00:00,2.541,0.183,2.496,0.0,0.0,0.0
2022-07-16 09:00:00,2.526,0.186,2.574,0.0,0.0,0.0
2022-07-16 10:00:00,2.552,0.183,2.576,5.308762022254707,0.6041237475996163,1.0978539813693653
2022-07-16 11:00:00,2.568,0.172,2.566,0.0,0.0,0.0
2022-07-16 12:00:00,2.538,0.181,2.553,0.0,0.0,0.0
2022-07-16 13:00:00,2.582,0.176,2.546,4.508296596005919,0.16457431985673104,0.7675924025356062
2022-07-16 14:00:00,2.545,0.181,2.536,0.0,0.0,0.0
2022-07-16 15:00:00,2.558,0.175,2.527,0.0,0.0,0.0
2022-07-16 16:00:00,2.556,0.17,2.471,0.0,0.0,0.0
2022-07-16 17:00:00,2.537,0.167,2.366,0.5159638980219169,3.975345395939055,4.434553382283409
2022-07-16 18:00:00,2.509,0.163,2.295,3.540007497406322,2.3503670234175034,4.801387222309238
2022-07-16 19:00:00,2.543,0.165,2.253,0.0,0.0,0.0
2022-07-16 20:00:00,2.589,0.155,2.227,0.0,0.0,0.0
2022-07-16 21:00:00,2.574,0.167,2.211,0.0,0.0,0.0
2022-07-16 22:00:00,2.602,0.161,2.197,0.0,1.7662385538197,0.0
2022-07-16 23:00:00,2.598,0.155,2.192,1.659823799049749,5.223758554614066,0.6385688769282701
2022-07-17 00:00:00,2.605,0.148,2.184,1.54036927367065,0.9479304364650896,0.5541001062356828
2022-07-17 01:00:00,2.62,0.151,2.178,0.0,0.0,0.0
2022-07-17 02:00:00,2.59,0.137,2.175,0.0,0.0,0.0
2022-07-17 03:00:00,2.615,0.122,2.171,0.0,0.0,0.0
2022-07-17 04:00:00,2.614,0.128,2.167,0.0,0.0,0.0
2022-07-17 05:00:00,2.621,0.1235,2.164,0.0,0.0,0.0
2022-07-17 06:00:00,2.599,0.119,2.16,1.8990310914576023,4.020245877695676,4.00286269353858
2022-07-17 07:00:00,2.632,0.127,2.155,0.0,0.0,0.0
2022-07-17 08:00:00,2.625,0.191,2.148,0.0,0.0,0.0
2022-07-17 09:00:00,2.621,0.33,2.145,7.800572453321482,7.724367515428318,1.7063909929004157
2022-07-17 10:00:00,2.609,0.322,2.141,15.305199045113822,3.6264479783932746,1.0897017042294406
2022-07-17 11:00:00,2.621,0.364,2.133,0.0,0.0,0.0
2022-07-17 12:00:00,2.656,0.375,2.134,0.0,0.0,0.0
2022-07-17 13:00:00,2.628,0.366,2.133,0.0,0.0,0.0
2022-07-17 14:00:00,2.476,0.35,2.13,0.0,0.0,0.0
2022-07-17 15:00:00,2.453,0.388,2.13,0.0,0.0,0.0
2022-07-17 16:00:00,2.478,0.381,2.128,0.5531891021947094,7.87012010938976,3.801024124760126
2022-07-17 17:00:00,2.495,0.377,2.124,0.0,0.0,0.0
2022-07-17 18:00:00,2.516,0.368,2.119,0.0,0.0,0.0
2022-07-17 19:00:00,2.55,0.348,2.12,0.0,0.0,0.0
2022-07-17 20:00:00,2.562,0.33,2.129,0.0,0.0,0.0
2022-07-17 21:00:00,2.552,0.311,2.161,0.0,0.0,0.0
2022-07-17 22:00:00,2.563,0.322,2.239,0.0,0.0,0.0
2022-07-17 23:00:00,2.5620000000000003,0.296,2.308,0.0,0.0,0.0
2022-07-18 00:00:00,2.561,0.291,2.331,0.0,0.0,0.0
2022-07-18 01:00:00,2.558,0.302,2.324,0.0,0.0,0.0
2022-07-18 02:00:00,2.582,0.307,2.295,0.0,0.0,0.0
2022-07-18 03:00:00,2.563,0.297,2.268,0.0,0.0,0.0
2022-07-18 04:00:00,2.544,0.306,2.244,0.0,0.0,0.0
2022-07-18 05:00:00,2.557,0.29,2.221,0.0,0.0,0.0
2022-07-18 06:00:00,2.551,0.292,2.204,0.0,0.0,0.0
2022-07-18 07:00:00,2.548,0.278,2.194,6.714814462221786,0.8364559983433645,8.052652608900456
2022-07-18 08:00:00,2.581,0.276,2.188,0.3532195105072493,1.2789239938176014,5.526605660561767
2022-07-18 09:00:00,2.585,0.268,2.177,0.0,0.0,0.0
2022-07-18 10:00:00,2.584,0.266,2.165,0.0,0.0,0.0
2022-07-18 11:00:00,2.582,0.256,2.154,0.0,0.0,0.0
2022-07-18 12:00:00,2.595,0.254,2.15,0.0,0.0,2.6838028621746903
2022-07-18 13:00:00,2.596,0.25,2.148,0.0,0.0,0.0
2022-07-18 14:00:00,2.596,0.266,2.142,0.0,0.0,0.0
2022-07-18 15:00:00,2.592,0.263,2.131,0.0,0.0,0.0
2022-07-18 16:00:00,2.587,0.257,2.12,1.2210720851495942,2.3633934181803875,2.5568027264918856
2022-07-18 17:00:00,2.58,0.245,2.114,0.0,0.0,0.0
2022-07-18 18:00:00,2.595,0.251,2.106,2.8502861732342186,5.2766921719301925,7.243659171834057
2022-07-18 19:00:00,2.602,0.251,2.098,0.0,0.0,0.0
2022-07-18 20:00:00,2.605,0.246,2.093,0.0,0.0,0.0
2022-07-18 21:00:00,2.589,0.266,2.086,0.0,0.0,0.0
2022-07-18 22:00:00,2.579,0.255,2.083,0.0,0.0,0.0
2022-07-18 23:00:00,2.604,0.251,2.08,0.0,0.0,0.0
2022-07-19 00:00:00,2.604,0.236,2.075,0.0,0.0,0.0
2022-07-19 01:00:00,2.61,0.26,2.068,0.0,0.0,0.0
2022-07-19 02:00:00,2.617,0.261,2.066,0.0,0.0,0.0
2022-07-19 03:00:00,2.604,0.258,2.064,0.0,0.0,0.0
2022-07-19 04:00:00,2.604,0.26,2.061,0.0,3.8057904456932055,0.0
2022-07-19 05:00:00,2.586,0.237,2.059,0.0,2.197744203939243,0.0
2022-07-19 06:00:00,2.595,0.226,2.057,0.0,0.0,0.0
2022-07-19 07:00:00,2.612,0.232,2.058,0.0,0.0,0.0
2022-07-19 08:00:00,2.615,0.231,2.06,0.0,0.0,0.0
2022-07-19 09:00:00,2.594,0.236,2.062,0.0,0.0,0.0
2022-07-19 10:00:00,2.612,0.233,2.066,1.004908348636111,0.8224990334267799,1.788809545815003
2022-07-19 11:00:00,2.6,0.241,2.065,0.0,0.0,0.0
2022-07-19 12:00:00,2.604,0.227,2.07,0.0,0.0,0.0
2022-07-19 13:00:00,2.614,0.236,2.118,0.0,0.0,0.0
2022-07-19 14:00:00,2.6,0.242,2.217,0.0,0.0,0.0
2022-07-19 15:00:00,2.609,0.24,2.312,0.0,0.0,0.0
2022-07-19 16:00:00,2.614,0.242,2.386,0.0,0.0,0.0
2022-07-19 17:00:00,2.591,0.243,2.423,0.0,0.0,0.0
2022-07-19 18:00:00,2.606,0.243,2.444,0.0,0.0,0.0
2022-07-19 19:00:00,2.601,0.24,2.451,0.0,0.0,0.0
2022-07-19 20:00:00,2.604,0.229,2.452,0.0,0.0,0.0
2022-07-19 21:00:00,2.615,0.209,2.451,0.0,0.0,3.3725177265792583
2022-07-19 22:00:00,2.593,0.237,2.454,0.0,0.0,0.0
2022-07-19 23:00:00,2.612,0.234,2.459,0.0,0.0,0.0
2022-07-20 00:00:00,2.627,0.234,2.392,0.0,0.0,0.0
2022-07-20 01:00:00,2.607,0.233,2.319,4.5421544727453345,0.0,0.0
2022-07-20 02:00:00,2.61,0.232,2.26,0.011292020465644082,7.174504611292475,7.705067412978749
2022-07-20 03:00:00,2.63,0.228,2.214,6.981127692141194,0.9878574807381665,2.3885093403603386
2022-07-20 04:00:00,2.596,0.228,2.178,0.662433091242867,9.744020567906855,3.885613461368016
2022-07-20 05:00:00,2.641,0.227,2.151,0.0,0.0,0.0
2022-07-20 06:00:00,2.618,0.227,2.131,0.0,0.0,0.0
2022-07-20 07:00:00,2.614,0.231,2.078,1.6487609584762692,0.9269778796465835,1.9392906610382183
2022-07-20 08:00:00,2.634,0.235,2.046,0.20796897661808417,0.6896814093873822,1.0328681954227217
2022-07-20 09:00:00,2.618,0.238,2.029,2.6497999957890364,0.6522927394747471,5.912650462704805
2022-07-20 10:00:00,2.618,0.239,2.02,0.0,0.0,0.0
2022-07-20 11:00:00,2.638,0.228,2.015,0.0,0.0,0.0
2022-07-20 12:00:00,2.626,0.22,2.016,0.0,0.0,0.0
2022-07-20 13:00:00,2.646,0.213,1.816,0.0,0.0,0.0
2022-07-20 14:00:00,2.604,0.214,2.014,0.0,0.0,0.0
2022-07-20 15:00:00,2.653,0.206,2.034,10.771358924312102,3.8113184990060684,0.16110762042800436
2022-07-20 16:00:00,2.622,0.199,2.123,0.27276196514933604,0.5461975380788239,2.974424569494352
2022-07-20 17:00:00,2.615,0.215,2.284,0.0,0.0,0.0
2022-07-20 18:00:00,2.592,0.211,2.458,0.0,0.0,0.0
2022-07-20 19:00:00,2.496,0.21,2.57,0.0,0.0,0.0
2022-07-20 20:00:00,2.359,0.208,2.616,0.22490898428080383,4.627545565703383,1.6326704820703242
2022-07-20 21:00:00,2.377,0.207,2.618,0.0,0.0,0.0
2022-07-20 22:00:00,2.433,0.207,2.595,0.0,0.0,0.0
2022-07-20 23:00:00,2.474,0.206,2.57,0.0,0.0,0.0
2022-07-21 00:00:00,2.533,0.181,2.374,3.3676089640187143,7.695770420311197,3.815095993422545
2022-07-21 01:00:00,2.521,0.195,2.567,1.2662388155503674,4.19828914911887,5.225078496172561
2022-07-21 02:00:00,2.43,0.211,2.535,1.213474612587965,0.7643503182006954,9.74004584949888
2022-07-21 03:00:00,2.395,0.211,2.517,2.9226861686954897,0.0,0.0
2022-07-21 04:00:00,2.349,0.208,2.515,0.0,0.0,0.0
2022-07-21 05:00:00,2.381,0.21,2.526,4.467018479942244,6.130809475527169,1.477330500857224
2022-07-21 06:00:00,2.39,0.213,2.542,0.0,0.0,0.0
2022-07-21 07:00:00,2.361,0.212,2.559,0.7075567300014065,0.6469953728487435,6.7039440242939285
2022-07-21 08:00:00,2.28,0.203,2.589,0.3566259949007232,0.30962535157681814,4.086337668354151
2022-07-21 09:00:00,2.293,0.273,2.612,0.0,0.0,0.0
2022-07-21 10:00:00,2.327,0.277,2.628,1.1311244157333156,0.7633018139101418,2.457469380436007
2022-07-21 11:00:00,2.398,0.281,2.634,0.0,0.0,0.0
2022-07-21 12:00:00,2.461,0.308,2.638,0.0,0.0,0.0
2022-07-21 13:00:00,2.481,0.304,2.632,0.0,0.0,0.0
2022-07-21 14:00:00,2.481,0.309,2.623,0.0,0.0,0.0
2022-07-21 15:00:00,2.503,0.307,2.608,0.0,0.0,0.0
2022-07-21 16:00:00,2.509,0.316,2.593,0.0,0.0,0.0
2022-07-21 17:00:00,2.509,0.32,2.578,7.291310329339293,3.6550880342621204,6.469733802551026
2022-07-21 18:00:00,2.5,0.326,2.558,0.0,0.0,0.0
2022-07-21 19:00:00,2.506,0.317,2.531,0.45081321458186197,0.0,0.0
2022-07-21 20:00:00,2.518,0.313,2.512,1.6770941483125035,4.247430012827683,1.2825026654722924
2022-07-21 21:00:00,2.514,0.303,2.499,0.0,0.0,0.0
2022-07-21 22:00:00,2.53,0.299,2.476,8.96372104178343,3.959661173432805,12.463714006306548
2022-07-21 23:00:00,2.515,0.298,2.457,0.0,0.0,0.0
2022-07-22 00:00:00,2.489,0.307,2.446,0.0,0.0,0.0
2022-07-22 01:00:00,2.483,0.327,2.44,0.0,0.0,0.0
2022-07-22 02:00:00,2.478,0.332,2.423,0.0,0.0,0.0
2022-07-22 03:00:00,2.492,0.357,2.41,0.0,0.0,0.0
2022-07-22 04:00:00,2.516,0.368,2.397,1.4984114584277237,1.8913064926149172,0.8617072914526129
2022-07-22 05:00:00,2.46,0.374,2.386,0.0,0.0,0.0
2022-07-22 06:00:00,2.463,0.373,2.373,0.0,0.0,0.0
2022-07-22 07:00:00,2.379,0.377,2.367,0.014074193384673687,2.3538314334174846,1.1137649322968466
2022-07-22 08:00:00,2.234,0.385,2.363,0.1363417745280116,4.828940613913098,0.7283353940754439
2022-07-22 09:00:00,2.263,0.463,2.357,0.0,0.0,0.0
2022-07-22 10:00:00,2.295,0.56,2.342,0.0,0.0,0.0
2022-07-22 11:00:00,2.329,0.546,2.33,1.0510077110133884,8.497198865870352,0.47546315101079256
2022-07-22 12:00:00,2.38,0.493,2.311,0.8648712936852976,0.4795519789575825,5.776093591464334
2022-07-22 13:00:00,2.38,0.461,2.286,0.0,0.0,0.0
2022-07-22 14:00:00,2.434,0.44,2.273,0.0,0.0,0.28635148175778113
2022-07-22 15:00:00,2.44,0.429,2.268,1.8787338218788139,0.2996836121717565,1.5471065212471427
2022-07-22 16:00:00,2.432,0.4,2.262,7.181885182013662,1.521573815670007,2.8933979634776392
2022-07-22 17:00:00,2.452,0.399,2.269,0.0,0.0,0.0
2022-07-22 18:00:00,2.471,0.384,2.292,0.5772397132065069,6.288703098799544,0.1315046227586359
2022-07-22 19:00:00,2.449,0.377,2.34,0.0,0.0,0.0
2022-07-22 20:00:00,2.475,0.378,2.385,0.0,0.0,5.3421081965186445
2022-07-22 21:00:00,2.459,0.376,2.415,0.0,0.0,0.0
2022-07-22 22:00:00,2.461,0.375,2.417,0.0,0.0,0.0
2022-07-22 23:00:00,2.474,0.371,2.42,0.0,0.0,0.0
2022-07-23 00:00:00,2.412,0.373,2.428,0.0,0.0,0.0
2022-07-23 01:00:00,2.27,0.373,2.435,0.0,0.0,0.0
2022-07-23 02:00:00,2.256,0.374,2.444,0.0,0.0,0.0
2022-07-23 03:00:00,2.316,0.372,2.443,1.3788606949914388,0.0,0.0
2022-07-23 04:00:00,2.34,0.365,2.442,0.01734551133969641,2.3840634776710625,1.4722378220473973
2022-07-23 05:00:00,2.349,0.359,2.434,3.384518932456884,2.208291632109431,3.0610190680951592
2022-07-23 06:00:00,2.37,0.357,2.421,0.0,0.0,0.0
2022-07-23 07:00:00,2.379,0.35,2.415,0.0,0.0,0.0
2022-07-23 08:00:00,2.393,0.24066666666666664,2.409,0.0,0.0,0.0
2022-07-23 09:00:00,2.398,0.13133333333333333,2.396,0.0,0.0,0.0
2022-07-23 10:00:00,2.423,0.022,2.377,0.0,0.0,0.0
2022-07-23 11:00:00,2.461,0.3,2.359,1.4132838629861717,1.0469777818822972,1.7019678353270231
2022-07-23 12:00:00,2.495,0.319,2.353,0.0,0.0,1.1488846676618445
2022-07-23 13:00:00,2.499,0.315,2.35,0.0,0.0,0.0
2022-07-23 14:00:00,2.489,0.315,2.337,0.0,0.0,0.0
2022-07-23 15:00:00,2.487,0.309,2.128,0.16060573708876363,0.01300362629718084,3.0374031243070023
2022-07-23 16:00:00,2.48,0.315,2.383,0.0,0.0,0.0
2022-07-23 17:00:00,2.473,0.313,2.402,16.236087785820523,4.01446013677718,3.081482147763165
2022-07-23 18:00:00,2.48,0.286,2.43,0.0,0.0,0.0
2022-07-23 19:00:00,2.498,0.311,2.475,0.0,0.0,0.0
2022-07-23 20:00:00,2.5,0.279,2.543,0.0,0.0,0.0
2022-07-23 21:00:00,2.52,0.304,2.62,0.0,0.0,0.0
2022-07-23 22:00:00,2.503,0.301,2.557,0.24544352532500052,5.5886098709598535,0.32931336334173855
2022-07-23 23:00:00,2.511,0.299,2.764,0.9159662330845477,1.3841085719038757,0.3729026591140657
2022-07-24 00:00:00,2.489,0.299,2.786,0.0,0.0,0.0
2022-07-24 01:00:00,2.468,0.296,2.788,0.3783728021809891,1.053593970388901,0.049274478540888594
2022-07-24 02:00:00,2.316,0.285,2.777,0.8216761061480745,0.33860605775596175,3.9196116183466776
2022-07-24 03:00:00,2.218,0.262,2.76,0.3612693196959075,4.53397678003251,0.4522780393613492
2022-07-24 04:00:00,2.199,0.281,2.744,0.0,0.0,0.0
2022-07-24 05:00:00,2.251,0.28,2.733,0.0,0.0,0.0
2022-07-24 06:00:00,2.273,0.285,2.718,0.0,0.0,0.0
2022-07-24 07:00:00,2.307,0.282,2.699,0.7289820595262412,3.5279279925970237,0.7777118416531493
2022-07-24 08:00:00,2.345,0.277,2.685,0.0,0.0,0.0
2022-07-24 09:00:00,2.33,0.277,2.666,0.0,0.0,0.0
2022-07-24 10:00:00,2.3,0.295,2.645,4.3003054427546035,3.065293439285924,0.41701337267362015
2022-07-24 11:00:00,2.377,0.32,2.626,0.0,0.0,0.0
2022-07-24 12:00:00,2.392,0.306,2.606,0.0,0.0,0.0
2022-07-24 13:00:00,2.406,0.328,2.588,0.0,0.0,0.0
2022-07-24 14:00:00,2.422,0.317,2.575,0.0,0.0,0.0
2022-07-24 15:00:00,2.434,0.316,2.568,0.0,0.0,0.0
2022-07-24 16:00:00,2.445,0.317,2.552,0.0,0.0,0.0
2022-07-24 17:00:00,2.427,0.313,2.538,0.0,0.0,0.0
2022-07-24 18:00:00,2.433,0.306,2.523,0.39460785656767555,0.3650107324935493,6.0923922884372805
2022-07-24 19:00:00,2.424,0.306,2.508,0.85287051343819,0.5718165189548727,1.3106775806660527
2022-07-24 20:00:00,2.434,0.309,2.492,0.0,0.0,0.0
2022-07-24 21:00:00,2.429,0.294,2.477,11.730153032752284,6.694219291095532,0.10668837949356119
2022-07-24 22:00:00,2.429,0.287,2.463,0.0,0.0,11.487654310426354
2022-07-24 23:00:00,2.422,0.288,2.449,0.0,0.0,0.0
2022-07-25 00:00:00,2.394,0.287,2.435,0.0,0.21256795708286227,0.0
2022-07-25 01:00:00,2.315,0.293,2.425,0.0,0.0,0.0
2022-07-25 02:00:00,2.219,0.291,2.415,1.6919995176121612,1.4742580459302164,3.4812152640324903
2022-07-25 03:00:00,2.199,0.28,2.404,0.0,0.0,0.0
2022-07-25 04:00:00,2.222,0.288,2.397,0.0,0.0,0.0
2022-07-25 05:00:00,2.202,0.289,2.386,0.0,0.0,0.0
2022-07-25 06:00:00,2.229,0.289,2.376,0.0,0.0,0.0
2022-07-25 07:00:00,2.2545,0.276,2.367,0.0,0.0,0.0
2022-07-25 08:00:00,2.28,0.267,2.359,0.120052347492967,2.5553276944333296,1.1995494136765403
2022-07-25 09:00:00,2.248,0.265,2.353,0.0,0.0,0.0
2022-07-25 10:00:00,2.19,0.243,2.344,0.0,0.0,0.0
2022-07-25 11:00:00,2.195,0.225,2.338,0.0,0.0,0.0
2022-07-25 12:00:00,2.228,0.216,2.323,0.0,0.0,0.0
2022-07-25 13:00:00,2.308,0.246,2.314,7.027320325030624,0.4741647993105839,0.01695140595594212
2022-07-25 14:00:00,2.329,0.225,2.306,0.0,0.0,0.0
2022-07-25 15:00:00,2.342,0.141,2.292,0.0,0.0,0.0
2022-07-25 16:00:00,2.369,0.137,2.281,0.0,0.0,0.0
2022-07-25 17:00:00,2.359,0.261,2.269,0.0,0.0,0.0
2022-07-25 18:00:00,2.364,0.312,2.263,0.0,0.0,0.0
2022-07-25 19:00:00,2.398,0.333,2.254,0.0,0.0,0.0
2022-07-25 20:00:00,1.275,0.337,2.243,0.0,0.0,0.0
2022-07-25 21:00:00,0.896,0.34,2.236,0.0,0.0,0.0
2022-07-25 22:00:00,1.241,0.335,2.228,0.0,0.0,0.0
2022-07-25 23:00:00,1.604,0.329,2.223,0.0,0.0,0.0
2022-07-26 00:00:00,1.785,0.565,2.212,0.6141075929724517,5.662016641395281,5.1571028346433705
2022-07-26 01:00:00,1.869,0.623,2.215,0.0,0.0,0.0
2022-07-26 02:00:00,1.91,0.593,2.213,0.0,16.14519699348951,0.0
2022-07-26 03:00:00,1.523,0.592,2.209,0.0,0.0,6.610758848117133
2022-07-26 04:00:00,0.954,0.547,2.176,0.0,0.0,0.0
2022-07-26 05:00:00,0.956,0.503,2.2,0.0,0.0,0.0
2022-07-26 06:00:00,1.509,0.554,2.198,1.0624610732633655,2.5805263415805317,0.5385466360648934
2022-07-26 07:00:00,1.633,0.727,2.197,0.0,0.0,0.0
2022-07-26 08:00:00,1.687,0.811,2.197,0.0,0.0,0.0
2022-07-26 09:00:00,1.819,0.841,2.198,0.0,0.0,0.0
2022-07-26 10:00:00,1.89,0.792,2.2,0.0,0.0,0.0
2022-07-26 11:00:00,1.932,0.744,2.202,0.0,0.0,0.0
2022-07-26 12:00:00,1.982,0.68,2.204,0.0,0.0,0.0
2022-07-26 13:00:00,2.048,0.631,2.193,0.0,0.0,0.0
2022-07-26 14:00:00,2.076,0.615,2.177,0.0,0.0,0.0
2022-07-26 15:00:00,2.125,0.572,2.172,0.0,0.0,0.7706590541926659
2022-07-26 16:00:00,2.144,0.568,2.173,0.0,0.0,0.0
2022-07-26 17:00:00,1.98,0.567,2.17,0.0,0.0,0.0
2022-07-26 18:00:00,1.967,0.548,2.173,0.03172717915258751,4.465923543944999,0.35045323940047657
2022-07-26 19:00:00,1.976,0.538,2.171,0.0,0.0,0.0
2022-07-26 20:00:00,2.1,0.535,2.175,0.0,0.0,0.0
2022-07-26 21:00:00,2.109,0.586,2.178,1.2257543620040627,2.881053070992701,2.459807949964554
2022-07-26 22:00:00,2.103,0.608,2.185,0.0,0.0,0.0
2022-07-26 23:00:00,2.023,0.579,2.184,6.300744993967003,0.0178021551224669,0.07372694883973092
2022-07-27 00:00:00,1.962,0.568,2.183,0.0,0.0,0.0
2022-07-27 01:00:00,1.975,0.548,2.192,0.0,0.0,0.0
2022-07-27 02:00:00,1.94,0.534,2.212,0.0,0.0,0.0
2022-07-27 03:00:00,2.009,0.524,2.236,0.0,0.0,0.0
2022-07-27 04:00:00,1.973,0.51,2.257,0.0,0.0,0.0
2022-07-27 05:00:00,1.964,0.505,2.272,0.0,0.0,0.0
2022-07-27 06:00:00,1.965,0.511,2.282,0.0,0.0,0.0
2022-07-27 07:00:00,1.967,0.507,2.29,0.6853862828283053,0.314435833414501,0.42508124073873915
2022-07-27 08:00:00,1.952,0.498,2.292,0.0,0.0,0.0
2022-07-27 09:00:00,1.99,0.487,2.286,9.559948932669952,1.90749303653732,1.2607851486483561
2022-07-27 10:00:00,2.032,0.5,2.274,0.16119052800073977,6.775318383249756,0.31095099994990405
2022-07-27 11:00:00,2.045,0.493,2.258,0.0,0.0,0.0
2022-07-27 12:00:00,2.105,0.483,2.036,3.3788825826261046,1.761437584061096,7.124878877062082
2022-07-27 13:00:00,2.107,0.481,2.085,0.8301943510509824,3.863464021700752,4.678613839480831
2022-07-27 14:00:00,2.108,0.466,2.376,1.008774700015612,0.01643376161011099,4.3452429053720865
2022-07-27 15:00:00,2.09,0.465,2.48,0.0,0.0,0.0
2022-07-27 16:00:00,2.07,0.467,2.56,0.0,0.0,0.0
2022-07-27 17:00:00,1.017,0.46,2.556,3.635894509870194,0.9148614171976658,5.807463494978663
2022-07-27 18:00:00,1.166,0.436,2.493,0.0,0.0,0.0
2022-07-27 19:00:00,1.532,0.448,2.438,0.0,0.0,0.0
2022-07-27 20:00:00,1.584,0.443,2.363,0.0,0.0,0.0
2022-07-27 21:00:00,1.677,0.605,2.281,0.0,0.0,0.0
2022-07-27 22:00:00,1.669,0.628,2.229,0.0,0.0,0.0
2022-07-27 23:00:00,1.709,0.605,2.197,5.099349145099238,3.86933973241543,1.380236786020236
2022-07-28 00:00:00,1.672,0.568,2.178,0.0,0.0,0.0
2022-07-28 01:00:00,1.67,0.541,2.164,0.0,0.0,0.0
2022-07-28 02:00:00,1.748,0.523,2.154,8.609550752509804,10.16781535228381,6.015305357636034
2022-07-28 03:00:00,1.746,0.502,2.15,0.0,0.0,0.41792675388874856
2022-07-28 04:00:00,1.84,0.492,2.151,0.0,0.0,0.0
2022-07-28 05:00:00,1.849,0.475,2.151,0.0,0.0,0.0
2022-07-28 06:00:00,1.868,0.464,2.153,0.0,0.0,0.0
2022-07-28 07:00:00,1.855,0.453,2.157,0.0,0.0,0.0
2022-07-28 08:00:00,1.921,0.474,2.164,0.0,0.0,0.0
2022-07-28 09:00:00,1.864,0.459,2.162,0.0,0.0,0.0
2022-07-28 10:00:00,1.896,0.459,2.155,0.4078666155479712,0.0,0.0
2022-07-28 11:00:00,1.859,0.467,2.145,0.0,0.0,0.0
2022-07-28 12:00:00,1.905,0.463,2.007,0.00044668391514661237,4.590089507847097,1.8273407138782924
2022-07-28 13:00:00,1.967,0.472,2.119,0.0,0.0,0.0
2022-07-28 14:00:00,1.975,0.486,2.132,0.0,0.0,0.0
2022-07-28 15:00:00,2.007,0.507,2.14,1.5582352927833483,0.3994684160978431,8.065250034918384
2022-07-28 16:00:00,1.955,0.5,2.139,0.0,0.0,0.0
2022-07-28 17:00:00,1.892,0.493,2.137,0.0,0.0,0.0
2022-07-28 18:00:00,1.941,0.486,2.135,0.0,0.0,0.0
2022-07-28 19:00:00,1.925,0.479,2.13,10.745313593950918,0.0,0.0
2022-07-28 20:00:00,1.934,0.476,2.14,0.0,0.0,0.0
2022-07-28 21:00:00,1.952,0.515,2.151,4.183084675799351,35.735788593087335,6.590053652348166
2022-07-28 22:00:00,1.857,0.532,2.144,0.0,0.0,0.0
2022-07-28 23:00:00,1.525,0.516,2.143,0.0,0.0,0.0
2022-07-29 00:00:00,1.556,0.506,2.137,0.0,0.0,0.0
2022-07-29 01:00:00,1.693,0.497,2.133,5.439907044305362,0.5995306906329416,1.4035057848913157
2022-07-29 02:00:00,1.729,0.483,2.129,3.6650084612285077,13.918387394404846,8.246837294790756
2022-07-29 03:00:00,1.825,0.479,2.125,0.0,0.0,0.0
2022-07-29 04:00:00,1.859,0.525,2.124,0.0,0.0,0.0
2022-07-29 05:00:00,1.886,0.554,2.124,0.0,0.0,0.0
2022-07-29 06:00:00,1.898,0.553,2.119,0.0,0.0,0.0
2022-07-29 07:00:00,1.596,0.534,2.122,0.0,0.0,0.0
2022-07-29 08:00:00,0.544,0.521,2.121,3.3380951987621055,1.1487212851170499,1.4620343706524617
2022-07-29 09:00:00,0.551,0.515,2.122,0.0,0.0,0.0
2022-07-29 10:00:00,0.826,0.511,2.12,0.0,0.0,0.0
2022-07-29 11:00:00,1.097,0.503,2.118,1.4528346974202773,2.1872497043374777,3.2015012333970585
2022-07-29 12:00:00,0.99,0.693,2.112,1.9393924056577996,1.5007361774175108,3.941259830423202
2022-07-29 13:00:00,1.073,0.786,2.111,0.0,0.0,0.0
2022-07-29 14:00:00,1.077,0.873,2.128,0.002450086161519151,2.6374595852997613,1.1376847500602245
2022-07-29 15:00:00,1.162,0.89,2.131,0.0,0.0,0.0
2022-07-29 16:00:00,1.292,0.845,2.13,0.0,0.0,0.0
2022-07-29 17:00:00,1.42,0.787,2.131,0.0,0.0,0.0
2022-07-29 18:00:00,1.487,0.734,2.142,1.5165361700048436,1.8030069909516084,0.0070743460087614365
2022-07-29 19:00:00,1.416,0.684,2.148,0.0,0.0,0.0
2022-07-29 20:00:00,1.493,0.644,2.149,0.0,0.0,0.0
2022-07-29 21:00:00,1.521,0.637,2.15,1.7770385152722354,2.380269012170358,4.7737245992946695
2022-07-29 22:00:00,1.582,0.695,2.147,0.0,0.0,0.0
2022-07-29 23:00:00,1.418,0.704,2.141,1.3324772762087187,0.3247293121046327,8.37038847189668
2022-07-30 00:00:00,1.481,0.684,2.141,3.7221041599844433,2.576910986636504,1.6721958153979914
2022-07-30 01:00:00,1.628,0.65,2.146,0.0,34.530789720046286,0.0
2022-07-30 02:00:00,1.643,0.663,2.154,1.6685357399268947,0.8406283809669192,2.953595919738639
2022-07-30 03:00:00,1.658,0.671,2.153,0.0,0.10698960494850014,0.0
2022-07-30 04:00:00,1.774,0.656,2.154,1.2162358659277985,0.07860756385326188,7.062362380566949
2022-07-30 05:00:00,1.735,0.628,2.149,0.0,0.0,0.0
2022-07-30 06:00:00,1.814,0.616,2.146,0.0800967008504197,2.1806794974583417,0.6185951044888952
2022-07-30 07:00:00,1.801,0.574,2.148,0.0,0.0,0.0
2022-07-30 08:00:00,1.798,0.575,2.147,0.0,0.0,0.0
2022-07-30 09:00:00,1.81,0.573,2.141,0.0,0.0,0.0
2022-07-30 10:00:00,1.847,0.547,2.127,0.006725155463925362,1.8346964522293316,1.5444478307700136
2022-07-30 11:00:00,1.87,0.544,2.136,0.0,2.812656780883278,0.0
2022-07-30 12:00:00,1.943,0.539,2.131,0.0,5.630782169210082,0.0
2022-07-30 13:00:00,1.959,0.531,2.122,0.0,0.0,0.0
2022-07-30 14:00:00,1.942,0.532,2.111,0.0,0.0,0.0
2022-07-30 15:00:00,1.932,0.509,2.106,0.0,0.0,0.0
2022-07-30 16:00:00,1.959,0.507,2.096,6.171561989953093,0.720424727379048,0.4137472084240764
2022-07-30 17:00:00,1.995,0.498,2.093,1.7326398097573077,3.6800715953719743,1.1300417548651054
2022-07-30 18:00:00,1.984,0.492,2.09,0.0,0.0,0.0
2022-07-30 19:00:00,1.973,0.488,2.083,0.0,0.0,0.0
2022-07-30 20:00:00,1.989,0.491,2.085,4.9868681103036625,0.41418110824483234,0.6244169057496269
2022-07-30 21:00:00,2.057,0.485,2.086,3.5295053948274258,3.6557809072373084,0.34682656216894414
2022-07-30 22:00:00,2.014,0.484,2.112,0.0,0.0,0.0
2022-07-30 23:00:00,2.032,0.485,2.142,0.0,0.0,0.0
2022-07-31 00:00:00,2.021,0.479,2.153,0.0,0.1345578867248814,0.0
2022-07-31 01:00:00,2.052,0.477,2.15,17.031437914478023,0.061671814136971925,0.6417955536116577
2022-07-31 02:00:00,1.956,0.478,2.134,0.0,0.0,0.0
2022-07-31 03:00:00,1.961,0.468,2.12,0.0,0.0,0.0
2022-07-31 04:00:00,1.949,0.483,2.109,5.465613319395837,0.0,6.507920661211387
2022-07-31 05:00:00,2.005,0.483,2.102,0.0,0.0,0.0
2022-07-31 06:00:00,2.014,0.457,2.094,9.057641726970207,0.21895246708788388,2.519272270509737
2022-07-31 07:00:00,2.024,0.467,2.087,2.7657986441519546,1.134159200542459,2.4429962828256624
2022-07-31 08:00:00,2.031,0.471,1.883,0.0,9.572006546404142,0.0
2022-07-31 09:00:00,2.045,0.483,1.887,0.10085168468808794,0.5743771702353918,0.46408920965742095
2022-07-31 10:00:00,2.072,0.478,1.937,0.0,0.0,0.09479261125364108
2022-07-31 11:00:00,2.019,0.51,2.153,0.0,0.0,0.0
2022-07-31 12:00:00,1.952,0.519,2.275,0.0,0.0,0.0
2022-07-31 13:00:00,1.529,0.524,2.416,0.0,0.0,0.0
2022-07-31 14:00:00,1.135,0.529,2.566,3.966910013876862,0.8189017467022248,2.4931783121063145
2022-07-31 15:00:00,0.894,0.527,2.691,1.7555272777136142,0.0,0.0
2022-07-31 16:00:00,1.029,0.67,2.774,3.1743864189644233,0.37745680879660015,1.5618632629781484
2022-07-31 17:00:00,1.191,0.731,2.818,0.0,0.0,0.0
2022-07-31 18:00:00,1.227,0.755,2.833,0.6167268112258468,2.9895692340582762,0.024177799488990126
2022-07-31 19:00:00,1.337,0.788,2.82,0.0,0.0,0.0
2022-07-31 20:00:00,1.468,0.773,2.797,0.0,0.0,0.0
2022-07-31 21:00:00,1.53,0.754,2.769,0.0,0.0,0.0
2022-07-31 22:00:00,1.539,0.728,2.741,0.0,0.0,0.0
2022-07-31 23:00:00,1.554,0.69,2.709,0.0,0.0,0.0
2022-08-01 00:00:00,1.594,0.684,2.683,0.0,0.0,0.0
2022-08-01 01:00:00,1.601,0.675,2.662,0.0,0.0,0.0
2022-08-01 02:00:00,1.618,0.66,2.638,0.28064232612717555,1.08803806857478,0.5820848237765267
2022-08-01 03:00:00,1.557,0.673,2.617,40.30479532533336,4.030763746560069,2.7775254766150623
2022-08-01 04:00:00,1.272,0.676,2.594,0.0,0.0,0.0
2022-08-01 05:00:00,0.884,0.681,2.573,0.0,0.0,3.092745395572924
2022-08-01 06:00:00,0.929,0.691,2.549,0.0,0.0,0.0
2022-08-01 07:00:00,0.926,0.76,2.532,7.026903913630486,9.805950485647559,0.009523045211280686
2022-08-01 08:00:00,0.859,0.843,2.513,0.0,0.0,0.0
2022-08-01 09:00:00,0.896,0.876,2.498,2.5653281471613587,3.5508582568129436,5.387402741688089
2022-08-01 10:00:00,0.997,0.9,2.484,0.07237726029420871,4.198905432555369,0.0925538471253064
2022-08-01 11:00:00,1.024,0.893,2.468,0.0,0.0,0.0
2022-08-01 12:00:00,0.868,0.91,2.455,0.0,0.0,0.0
2022-08-01 13:00:00,0.84,0.883,2.431,0.0,0.0,6.683727165458368
2022-08-01 14:00:00,0.749,0.854,2.233,0.0,0.0,0.0
2022-08-01 15:00:00,0.872,0.833,2.295,0.0,0.0,0.0
2022-08-01 16:00:00,0.692,0.818,2.502,0.0,0.0,0.0
2022-08-01 17:00:00,0.848,0.806,2.535,4.421801953340261,0.8035376662589243,0.9018651528864197
2022-08-01 18:00:00,0.965,0.755,2.609,0.0,0.0,0.0
2022-08-01 19:00:00,1.065,0.783,2.717,0.0,0.0,0.0
2022-08-01 20:00:00,0.997,0.79,2.805,0.0,0.9031221150076334,0.0
2022-08-01 21:00:00,1.096,0.774,2.844,0.0,0.0,0.0
2022-08-01 22:00:00,0.999,0.762,2.847,0.0,0.0,0.0
2022-08-01 23:00:00,1.076,0.757,2.834,0.0,0.0,0.0
2022-08-02 00:00:00,1.114,0.745,2.81,0.0,0.0,0.0
2022-08-02 01:00:00,1.132,0.729,2.783,2.2819406084766474,0.8967185018467152,0.23628737249368204
2022-08-02 02:00:00,1.118,0.716,2.755,0.0,0.0,0.0
2022-08-02 03:00:00,1.147,0.7055,2.727,0.0,0.0,0.0
2022-08-02 04:00:00,1.091,0.695,2.702,0.7037110911621604,0.08515384435713796,0.2886408914533498
2022-08-02 05:00:00,1.189,0.684,2.678,0.0,0.0,0.0
2022-08-02 06:00:00,1.227,0.673,2.656,0.9036777686463962,0.47328582009923686,0.5581099189680321
2022-08-02 07:00:00,1.363,0.669,2.638,2.3517697859113254,5.0704027032156205,6.112676617711539
2022-08-02 08:00:00,1.301,0.665,2.623,0.0,0.0,0.0
2022-08-02 09:00:00,1.344,0.664,2.606,0.0,0.0,0.0
2022-08-02 10:00:00,1.323,0.651,2.592,0.0,0.0,0.0
2022-08-02 11:00:00,1.271,0.647,2.578,3.091133817310166,0.0,0.0
2022-08-02 12:00:00,1.346,0.6458776978417267,2.563,0.0,0.0,0.0
2022-08-02 13:00:00,1.487,0.6447553956834533,2.549,0.0,0.0,0.0
2022-08-02 14:00:00,1.491,0.6436330935251798,2.533,0.0,0.0,0.0
2022-08-02 15:00:00,1.47,0.6425107913669065,2.516,0.0,0.0,0.0
2022-08-02 16:00:00,1.408,0.6413884892086331,2.499,0.0,0.0,0.0
2022-08-02 17:00:00,1.2875,0.6402661870503598,2.479,3.5474246371909244,2.67422111409976,40.220034084504064
2022-08-02 18:00:00,1.167,0.6391438848920864,2.283,1.8514129470574034,1.710477289053778,1.8669979753717711
2022-08-02 19:00:00,1.219,0.6380215827338129,2.336,0.0,0.0,0.0
2022-08-02 20:00:00,1.279,0.6368992805755396,2.389,0.0,0.0,0.0
2022-08-02 21:00:00,1.358,0.6357769784172662,2.554,0.0,0.0,0.0
2022-08-02 22:00:00,1.274,0.6346546762589929,3.214,0.28245891899944925,6.1906649846701525,1.0623108700623969
2022-08-02 23:00:00,1.34,0.6335323741007195,3.859,0.0,0.0,0.0
2022-08-03 00:00:00,1.294,0.632410071942446,4.2,0.0,0.0,0.0
2022-08-03 01:00:00,1.244,0.6312877697841727,4.446,7.793311985670721,6.345619727921796,16.657312415631843
2022-08-03 02:00:00,1.281,0.6301654676258993,4.507,0.0,0.0,0.0
2022-08-03 03:00:00,1.349,0.629043165467626,4.506,0.0,0.0,0.0
2022-08-03 04:00:00,1.347,0.6279208633093525,4.508,0.0,0.0,0.14412818627191104
2022-08-03 05:00:00,1.362,0.6267985611510791,4.548,0.0,0.0,0.0
2022-08-03 06:00:00,1.42,0.6256762589928058,4.373,0.0,0.0,0.0
2022-08-03 07:00:00,1.376,0.6245539568345324,4.416,1.9308765064297142,1.7134490903520734,0.33250862422939104
2022-08-03 08:00:00,1.422,0.623431654676259,4.249,12.056537289205941,2.889016565308694,0.5949781919033054
2022-08-03 09:00:00,1.388,0.6223093525179856,4.147,0.0,0.0,0.0
2022-08-03 10:00:00,1.389,0.6211870503597122,4.171,5.266742995386949,0.8654902503242368,0.1757603884609574
2022-08-03 11:00:00,1.5,0.6200647482014389,4.087,0.0,0.0,0.0
2022-08-03 12:00:00,1.462,0.6200647482014389,4.009,0.0,0.0,0.0
2022-08-03 13:00:00,1.502,0.6200647482014389,3.93,0.0,0.0,2.0249554059560673
2022-08-03 14:00:00,1.51,0.6189382109406815,3.868,14.42572230229567,0.8119839943101513,0.8577063807288142
2022-08-03 15:00:00,1.533,0.617811673679924,3.797,0.5362946231688751,0.565836927993096,5.254175382688606
2022-08-03 16:00:00,1.595,0.6166851364191666,3.727,9.547132163656602,15.021977365311681,5.140049503859553
2022-08-03 17:00:00,1.557,0.6155585991584092,3.67,0.0,0.0,0.0
2022-08-03 18:00:00,1.526,0.6144320618976518,3.637,0.0,0.0,0.0
2022-08-03 19:00:00,1.526,0.6133055246368943,3.653,0.0,0.0,0.0
2022-08-03 20:00:00,1.578,0.6121789873761369,3.712,0.0,0.0,0.0
2022-08-03 21:00:00,1.573,0.6110524501153795,3.749,0.0,0.1371970160686553,0.0
2022-08-03 22:00:00,1.531,0.6099259128546219,3.735,0.0,0.0,0.0
2022-08-03 23:00:00,1.533,0.6087993755938645,3.68,0.0,0.0,0.0
2022-08-04 00:00:00,1.544,0.6076728383331071,3.606,0.37558751110312405,3.5689343400308493,0.1316711633480972
2022-08-04 01:00:00,1.567,0.6065463010723496,3.544,0.0,0.0,0.0
2022-08-04 02:00:00,1.616,0.6054197638115922,3.474,1.3316284450153284,0.2749507505910697,0.7074188103016898
2022-08-04 03:00:00,1.607,0.6042932265508348,3.42,0.0,0.0,0.0
2022-08-04 04:00:00,1.617,0.6031666892900774,3.371,0.0,0.0,0.0
2022-08-04 05:00:00,1.573,0.6020401520293199,3.334,8.238543492177762,11.132614448553088,6.293879686527043
2022-08-04 06:00:00,1.648,0.6009136147685625,3.295,6.421368370803272,4.118178010293186,9.005135835821479
2022-08-04 07:00:00,1.633,0.5997870775078051,3.259,5.3422107566776855,9.955432109122656,24.620537183548656
2022-08-04 08:00:00,1.668,0.5986605402470476,3.223,0.0,0.0,0.0
2022-08-04 09:00:00,1.665,0.5975340029862902,3.2,0.0,0.0,0.0
2022-08-04 10:00:00,1.663,0.5964074657255328,3.17,0.0,0.0,0.0
2022-08-04 11:00:00,1.665,0.5952809284647753,3.134,0.0,0.0,0.0
2022-08-04 12:00:00,1.681,0.5941543912040179,3.116,0.0,0.0,0.0
2022-08-04 13:00:00,1.689,0.5930278539432605,3.096,1.3123565272816764,0.06616792825892036,2.1092710296409973
2022-08-04 14:00:00,1.716,0.5930278539432605,3.105,16.5043513177032,14.20523421939985,1.200053255135208
2022-08-04 15:00:00,1.706,0.5930278539432605,3.207,0.0,0.0,0.0
2022-08-04 16:00:00,1.6665,0.5930278539432605,3.436,0.0,0.0,0.0
2022-08-04 17:00:00,1.627,0.5930278539432605,3.618,0.3468739968901484,0.0,0.0
2022-08-04 18:00:00,1.611,0.5930278539432605,3.667,0.0,0.0,0.0
2022-08-04 19:00:00,1.62,0.5930278539432605,3.64,4.235373095878416,9.252356068874619,0.012081392165474865
2022-08-04 20:00:00,1.584,0.5930278539432605,3.583,0.0,0.0,0.0
2022-08-04 21:00:00,1.597,0.5930278539432605,3.515,0.0,0.0,0.0
2022-08-04 22:00:00,1.617,0.5930278539432605,3.453,0.0,0.0,0.0
2022-08-04 23:00:00,1.695,0.5930278539432605,3.392,0.0,0.0,0.0
2022-08-05 00:00:00,1.709,0.5930278539432605,3.339,0.0,0.0,0.0
2022-08-05 01:00:00,1.721,0.5930278539432605,3.291,0.5386399040964922,6.910689884623394,0.12482798238247882
2022-08-05 02:00:00,1.774,0.5930278539432605,3.25,5.427385590391009,0.0,0.0
2022-08-05 03:00:00,1.735,0.5930278539432605,3.206,0.0,0.0,0.0
2022-08-05 04:00:00,1.802,0.5930278539432605,3.169,0.0,0.0,0.045679164391025616
2022-08-05 05:00:00,1.809,0.5930278539432605,3.132,2.399554391015672,1.314776460581828,5.641906212382538
2022-08-05 06:00:00,1.8,0.5930278539432605,3.102,0.0,0.0,0.0
2022-08-05 07:00:00,1.798,0.5930278539432605,3.0789999999999997,0.0,0.0,0.0
2022-08-05 08:00:00,1.784,0.5930278539432605,3.056,0.06373580391487811,0.0,0.0
2022-08-05 09:00:00,1.77,0.5930278539432605,3.036,13.677643810002948,1.4265290479825696,3.9667862612444815
2022-08-05 10:00:00,1.78,0.5930278539432605,3.009,1.7277474385475926,3.7502249887706833,1.1838204986729919
2022-08-05 11:00:00,1.778,0.5930278539432605,2.985,0.0,0.7672210452937882,0.0
2022-08-05 12:00:00,1.76,0.5930278539432605,2.968,0.0,0.0,3.567031347195537
2022-08-05 13:00:00,1.769,0.5930278539432605,2.95,2.4355905626084033,12.21794892686908,0.36211217590233424
2022-08-05 14:00:00,1.791,0.5930278539432605,2.927,0.0,0.0,0.0
2022-08-05 15:00:00,1.784,0.5930278539432605,2.903,0.0,0.0,0.0
2022-08-05 16:00:00,1.797,0.5930278539432605,2.876,0.0,0.0,0.0
2022-08-05 17:00:00,1.736,0.5930278539432605,2.852,0.0,0.0,0.0
2022-08-05 18:00:00,1.81,0.5930278539432605,2.827,0.0,0.0,0.0
2022-08-05 19:00:00,1.832,0.5930278539432605,2.811,0.0,4.5239750212815135,0.0
2022-08-05 20:00:00,1.78,0.5930278539432605,2.827,0.0,0.0,0.0
2022-08-05 21:00:00,1.782,0.5930278539432605,2.912,0.0040896360506406425,0.6783962422475862,6.637172272614938
2022-08-05 22:00:00,1.735,0.5930278539432605,3.055,0.0,0.0,0.0
2022-08-05 23:00:00,1.728,0.5930278539432605,3.207,0.47369899168422563,3.251182783538705,0.06503211082230557
2022-08-06 00:00:00,1.792,0.5930278539432605,3.306,0.030237044488546534,1.1754599118235591,0.14901147609248058
2022-08-06 01:00:00,1.708,0.5930278539432605,3.322,0.0,0.0,0.0
2022-08-06 02:00:00,1.724,0.5930278539432605,3.153,0.0,0.0,0.0
2022-08-06 03:00:00,1.757,0.5930278539432605,3.198,0.42287207526472076,4.999802191192415,4.0822414502725
2022-08-06 04:00:00,1.742,0.5930278539432605,3.12,0.0,0.3886145425806635,0.0
2022-08-06 05:00:00,1.731,0.5930278539432605,2.875,0.045231655984019466,0.9612902389177093,2.7436088212174354
2022-08-06 06:00:00,1.734,0.5930278539432605,3.001,0.0,0.0,0.0
2022-08-06 07:00:00,1.745,0.5930278539432605,2.96,0.0,0.0,0.0
2022-08-06 08:00:00,1.752,0.5930278539432605,2.922,0.0,0.0,0.0
2022-08-06 09:00:00,1.759,0.5930278539432605,2.882,0.0,0.0,0.0
2022-08-06 10:00:00,1.757,0.5930278539432605,2.845,0.0,0.0,0.0
2022-08-06 11:00:00,1.738,0.5930278539432605,2.659,0.0,0.0,0.0
2022-08-06 12:00:00,1.768,0.5930278539432605,2.602,1.505213078644728,2.5827133772396786,0.16480547417366187
2022-08-06 13:00:00,1.76,0.5930278539432605,2.799,0.02409586403660422,2.1571963073076725,0.4183265424247718
2022-08-23 15:00:00,2.285,0.023,2.106,0.0,0.0,0.0
2022-08-23 16:00:00,2.284,0.023,2.102,0.0,0.33433924200569703,0.0
2022-08-23 17:00:00,2.25,0.023,2.106,0.0,0.0,0.0
2022-08-23 18:00:00,2.228,0.023,2.115,1.0870391570426836,2.252878654126911,0.07611099578918135
2022-08-23 19:00:00,2.236,0.023,2.131,1.8441604849166284,0.0,0.0
2022-08-23 20:00:00,2.25,0.023,2.157,0.0,0.0,0.0
2022-08-23 21:00:00,2.229,0.023,2.17,0.18332159476212118,9.314047003442989,4.248630179693313
2022-08-23 22:00:00,2.237,0.023,2.188,0.0,15.015948623699705,0.0
2022-08-23 23:00:00,2.266,0.023,2.185,0.0,0.0,0.0
2022-08-24 00:00:00,2.262,0.023,2.1799999999999997,0.0,0.0,0.0
2022-08-24 01:00:00,2.243,0.023,2.175,0.0,0.0,34.44465481462474
2022-08-24 02:00:00,2.271,0.023,2.179,7.6086517634104105,5.067936611571707,0.5349703290076105
2022-08-24 03:00:00,2.27,0.023,2.1784999999999997,6.180669409721652,2.006246606817142,1.4878912094441468
2022-08-24 04:00:00,2.269,0.023,2.178,0.0,1.3400952744981303,0.0
2022-08-24 05:00:00,2.312,0.023,2.177,0.0,0.0,0.0
2022-08-24 06:00:00,2.328,0.023,2.176,0.0,0.0,2.534141671955066
2022-08-24 07:00:00,2.314,0.023,2.175,0.3197333210417546,0.31310553260113505,5.124111541189157
2022-08-24 08:00:00,2.331,0.023,2.173,0.0,0.0,0.0
2022-08-24 09:00:00,2.352,0.023,2.16,0.0,0.0,0.0
2022-08-24 10:00:00,2.376,0.023,2.152,0.0,0.0,0.0
2022-08-24 11:00:00,2.376,0.023,2.153,0.0,0.0,0.0
2022-08-24 12:00:00,2.372,0.023,2.161,0.0,0.4548869647514585,0.0
2022-08-24 13:00:00,2.377,0.023,2.165,0.892326862158092,5.526333077677568,1.4052450268601862
2022-08-24 14:00:00,2.387,0.023,2.162,0.0,0.0,0.0
2022-08-24 15:00:00,2.364,0.023,2.158,0.0,0.0,0.0
2022-08-24 16:00:00,2.374,0.023,2.152,0.0,0.0,0.0
2022-08-24 17:00:00,2.383,0.023,2.148,3.3729591625222075,0.3610984349249936,2.6119390714135227
2022-08-24 18:00:00,2.383,0.023,2.143,0.0,0.0,0.0
2022-08-24 19:00:00,2.382,0.023,2.137,12.906868914429754,1.317095246561528,0.4067053571682439
2022-08-24 20:00:00,2.383,0.023,2.129,0.0,0.0,0.0
2022-08-24 21:00:00,2.392,0.023,2.124,0.0,0.0,0.0
2022-08-24 22:00:00,2.373,0.023,2.121,0.3369865663943766,0.42253813106530247,5.527428204119449
2022-08-24 23:00:00,2.366,0.023,2.119,0.0,0.0,0.0
2022-08-25 00:00:00,2.357,0.023,2.117,0.24157812195070255,37.92417295921992,0.4752159955030456
2022-08-25 01:00:00,2.349,0.023,2.111,0.0,0.0,0.0
2022-08-25 02:00:00,2.37,0.023,2.108,0.37070096305041217,1.3215459355692951,0.5395549363629912
2022-08-25 03:00:00,2.375,0.023,2.105,5.022340164358477,0.6471829056649891,1.2073366661014526
2022-08-25 04:00:00,2.374,0.023,2.103,0.0,0.0,0.0
2022-08-25 05:00:00,2.373,0.023,2.099,0.0,0.0,0.0
2022-08-25 06:00:00,2.379,0.023,2.097,0.0,0.0,0.0
2022-08-25 07:00:00,2.379,0.023,2.096,0.0,0.0,0.0
2022-08-25 08:00:00,2.375,0.023,2.095,0.0,0.0,0.0
2022-08-25 09:00:00,2.375,0.023,2.085,0.0,0.0,0.0
2022-08-25 10:00:00,2.386,0.023,2.092,0.0,0.0,0.0
2022-08-25 11:00:00,2.401,0.023,2.093,0.0,0.0,0.0
2022-08-25 12:00:00,2.402,0.023,2.095,0.0,0.0,0.0
2022-08-25 13:00:00,2.41,0.023,2.092,0.0,0.0,0.0
2022-08-25 14:00:00,2.403,0.023,2.086,0.0,0.0,0.0
2022-08-25 15:00:00,2.414,0.023,2.08,5.176486285329505,3.637757379481574,2.2631353131506016
2022-08-25 16:00:00,2.408,0.149,2.078,0.0,0.0,0.0
2022-08-25 17:00:00,2.417,0.165,2.071,0.0,0.0,0.0
2022-08-25 18:00:00,2.416,0.192,2.067,0.0,0.0,0.0
2022-08-25 19:00:00,2.411,0.206,2.067,0.0,0.0,0.0
2022-08-25 20:00:00,2.413,0.183,2.072,0.0,0.0,0.0
2022-08-25 21:00:00,2.408,0.201,2.086,23.342841432183796,1.9020775189326395,8.64646204236903
2022-08-25 22:00:00,2.402,0.236,2.091,0.0,0.0,0.0
2022-08-25 23:00:00,2.395,0.23299999999999998,2.089,0.0,1.2839901965869192,0.0
2022-08-26 00:00:00,2.406,0.23,2.09,2.1451430851708566,6.580914043744285,7.629916559768381
2022-08-26 01:00:00,2.409,0.215,2.091,0.0,0.0,0.0
2022-08-26 02:00:00,2.396,0.249,2.09,0.0,0.0,0.0
2022-08-26 03:00:00,2.407,0.279,2.085,1.1796327667393083,0.5442136774760689,0.29942923273643623
2022-08-26 04:00:00,2.39,0.269,2.081,0.0,0.0,0.0
2022-08-26 05:00:00,2.38,0.278,2.076,0.10471823139648385,1.776649532837013,0.7718726620257395
2022-08-26 06:00:00,2.391,0.26,2.073,0.12385040128178042,12.816724708965584,3.967210241967052
2022-08-26 07:00:00,2.39,0.281,2.07,0.0,0.0,0.0
2022-08-26 08:00:00,2.421,0.246,2.072,0.0,0.0,0.0
2022-08-26 09:00:00,2.414,0.263,2.071,0.0,0.0,0.0
2022-08-26 10:00:00,2.431,0.284,2.069,0.0,0.0,0.0
2022-08-26 11:00:00,2.449,0.295,2.071,1.8527415436009145,0.0,0.0
2022-08-26 12:00:00,2.43,0.311,2.108,0.0,0.0,0.0
2022-08-26 13:00:00,2.437,0.302,2.199,0.0,0.0,0.0
2022-08-26 14:00:00,2.449,0.308,2.286,0.0,0.0,0.0
2022-08-26 15:00:00,2.433,0.31,2.327,0.0,0.0,0.0
2022-08-26 16:00:00,2.428,0.327,2.307,0.0,0.0,0.0
2022-08-26 17:00:00,2.447,0.337,2.209,5.664344148819152,1.2918948434027642,0.4828004248479046
2022-08-26 18:00:00,2.448,0.317,2.123,0.0,0.0,0.0
2022-08-26 19:00:00,2.435,0.34,2.072,0.7112748167170586,11.283439664672077,0.2552572517289545
2022-08-26 20:00:00,2.453,0.346,2.043,0.0,0.0,0.0
2022-08-26 21:00:00,2.46,0.376,2.033,0.9414916312219626,39.16813933800632,1.4178011621630628
2022-08-26 22:00:00,2.474,0.372,2.023,0.0,0.0,0.0
2022-08-26 23:00:00,2.484,0.371,2.022,0.0,0.0,0.0
2022-08-27 00:00:00,2.473,0.368,2.023,0.0,0.0,0.0
2022-08-27 01:00:00,2.478,0.355,2.024,0.0,0.0,0.0
2022-08-27 02:00:00,2.484,0.373,2.024,0.0,0.0,5.542952804943171
2022-08-27 03:00:00,2.474,0.363,2.024,0.0,0.0,0.0
2022-08-27 04:00:00,2.476,0.353,2.022,0.0,0.0,0.0
2022-08-27 05:00:00,2.47,0.361,2.022,0.0,0.0,0.0
2022-08-27 06:00:00,2.465,0.371,2.023,0.0,0.0,0.0
2022-08-27 07:00:00,2.478,0.353,2.021,0.0,0.0,0.0
2022-08-27 08:00:00,2.483,0.362,2.023,0.0,0.0,0.0
2022-08-27 09:00:00,2.48,0.352,2.023,0.0,0.0,0.0
2022-08-27 10:00:00,2.486,0.339,2.026,5.593111853288347,0.0,0.0
2022-08-27 11:00:00,2.477,0.337,2.028,0.0,0.0,0.0
2022-08-27 12:00:00,2.478,0.347,2.028,0.0,0.0,0.0
2022-08-27 13:00:00,2.47,0.344,2.028,0.0,0.0,0.0
2022-08-27 14:00:00,2.49,0.342,2.028,0.0,0.0,0.0
2022-08-27 15:00:00,2.475,0.333,2.026,0.0,0.0,0.0
2022-08-27 16:00:00,2.474,0.346,2.022,6.425371446245739,4.248745271972245,0.7358303705521232
2022-08-27 17:00:00,2.503,0.35,2.018,0.0,0.0,0.0
2022-08-27 18:00:00,2.49,0.364,2.012,1.4370006647180373,10.099051566704135,0.48078512635997456
2022-08-27 19:00:00,2.492,0.379,2.008,0.0,0.0,0.0
2022-08-27 20:00:00,2.491,0.378,2.005,1.543601745979756,0.0,1.2160819898246968
2022-08-27 21:00:00,2.485,0.375,2.003,0.0,0.0,0.0
2022-08-27 22:00:00,2.455,0.377,2.003,0.0,0.0,0.0
2022-08-27 23:00:00,2.47,0.371,2.002,0.0,0.0,0.0
2022-08-28 00:00:00,2.447,0.359,2.002,0.0,0.0,0.0
2022-08-28 01:00:00,2.347,0.321,2.0,0.0,0.0,0.0
2022-08-28 02:00:00,2.108,0.363,1.999,0.0,0.0,0.0
2022-08-28 03:00:00,2.082,0.375,1.998,1.3508180073308167,5.351507851673352,0.13607757372645957
2022-08-28 04:00:00,2.116,0.379,1.996,0.0,0.0,0.0
2022-08-28 05:00:00,2.167,0.392,1.997,0.0,0.0,0.0
2022-08-28 06:00:00,2.15,0.386,1.996,0.0,0.0,0.0
2022-08-28 07:00:00,2.189,0.377,1.997,0.0,0.0,0.0
2022-08-28 08:00:00,2.205,0.374,1.993,0.0,0.0,0.0
2022-08-28 09:00:00,2.243,0.369,2.0,0.0,0.0,0.0
2022-08-28 10:00:00,2.264,0.374,1.997,0.0,0.0,0.0
2022-08-28 11:00:00,2.292,0.379,1.995,0.0,0.0,0.0
2022-08-28 12:00:00,2.312,0.362,1.996,0.0,0.0,0.0
2022-08-28 13:00:00,2.323,0.385,1.996,1.0164965519788285,6.565078615006033,2.144215715960119
2022-08-28 14:00:00,2.315,0.385,1.995,0.0,0.0,0.0
2022-08-28 15:00:00,2.283,0.384,1.993,0.0,0.0,0.0
2022-08-28 16:00:00,2.206,0.393,1.994,0.0,0.0,0.0
2022-08-28 17:00:00,2.206,0.387,1.994,0.0,0.0,0.0
2022-08-28 18:00:00,2.137,0.378,1.989,0.0,0.0,0.0
2022-08-28 19:00:00,2.139,0.378,1.989,0.0,0.0,0.0
2022-08-28 20:00:00,2.153,0.39,1.985,0.0,0.0,0.0
2022-08-28 21:00:00,2.173,0.4,1.985,0.0,0.0,0.0
2022-08-28 22:00:00,2.176,0.4,1.986,11.566681425629254,23.58865160661789,3.1175547487110578
2022-08-28 23:00:00,2.195,0.406,1.989,0.0,0.0,0.0
2022-08-29 00:00:00,2.198,0.399,1.991,0.0,0.0,0.0
2022-08-29 01:00:00,2.225,0.404,1.996,0.0,0.0,0.0
2022-08-29 02:00:00,2.245,0.351,2.002,0.0,0.0,0.0
2022-08-29 03:00:00,2.285,0.39,2.003,0.0,0.0,0.0
2022-08-29 04:00:00,2.274,0.386,2.004,1.9355519076246135,0.0,0.0
2022-08-29 05:00:00,2.271,0.387,2.003,0.0,0.0,0.0
2022-08-29 06:00:00,2.282,0.383,2.0,3.650603314839157,0.0,0.0
2022-08-29 07:00:00,2.278,0.374,2.0,0.0,0.0,0.0
2022-08-29 08:00:00,2.293,0.383,2.001,0.0,0.0,0.0
2022-08-29 09:00:00,2.296,0.374,1.999,0.0,0.0,0.0
2022-08-29 10:00:00,2.304,0.372,2.0,0.0,0.0,0.0
2022-08-29 11:00:00,2.311,0.346,1.996,4.936260059681575,2.390949462664432,1.886660080338049
2022-08-29 12:00:00,2.33,0.359,1.998,0.005073367630020298,9.540224889102758,3.0412779317667527
2022-08-29 13:00:00,2.323,0.333,2.001,6.0790029980427756,0.0,0.0
2022-08-29 14:00:00,2.376,0.357,2.07,0.0,0.0,0.0
2022-08-29 15:00:00,2.34,0.349,2.137,2.810562675222963,0.019513918067290758,0.9355548899200183
2022-08-29 16:00:00,2.333,0.328,2.1,0.0,0.0,0.0
2022-08-29 17:00:00,2.353,0.34,2.036,0.0,0.0,0.0
2022-08-29 18:00:00,2.34,0.338,2.001,0.0,0.0,0.0
2022-08-29 19:00:00,2.343,0.366,1.983,0.0,0.0,0.0
2022-08-29 20:00:00,2.339,0.343,1.97,0.0,10.119031921128842,0.0
2022-08-29 21:00:00,2.321,0.328,1.964,0.0,0.0,0.0
2022-08-29 22:00:00,2.302,0.345,1.959,0.38857099142186186,4.477706221677813,18.82145894673409
2022-08-29 23:00:00,2.307,0.341,1.954,0.0,0.0,0.0
2022-08-30 00:00:00,2.312,0.349,1.951,0.0,0.0,0.0
2022-08-30 01:00:00,2.314,0.335,1.953,0.0,0.0,0.0
2022-08-30 02:00:00,2.333,0.356,1.951,0.0,0.0,0.0
2022-08-30 03:00:00,2.334,0.349,1.952,0.0,0.0,0.0
2022-08-30 04:00:00,2.357,0.341,1.952,0.0,0.0,0.0
2022-08-30 05:00:00,2.351,0.308,1.954,1.5247402517944,1.4551352259207384,0.27400665407359454
2022-08-30 06:00:00,2.353,0.338,1.954,0.816124863234905,0.19888290220554367,0.7234321639469969
2022-08-30 07:00:00,2.353,0.343,1.958,0.0,0.0,0.0
2022-08-30 08:00:00,2.352,0.337,1.963,0.2429581851590614,8.672525200452514,2.2056915300579574
2022-08-30 09:00:00,2.384,0.348,1.964,0.0,0.0,0.0
2022-08-30 10:00:00,2.387,0.348,1.975,0.0,0.0,0.0
2022-08-30 11:00:00,2.388,0.349,2.037,0.0,0.0,0.0
2022-08-30 12:00:00,2.385,0.35,2.111,0.0,0.0,0.0
2022-08-30 13:00:00,2.397,0.348,2.171,0.0,0.0,0.0
2022-08-30 14:00:00,2.411,0.351,2.216,0.0,0.0,0.0
2022-08-30 15:00:00,2.421,0.359,2.249,0.0,0.0,0.0
2022-08-30 16:00:00,2.422,0.348,2.276,0.0,0.0,0.0
2022-08-30 17:00:00,2.38,0.341,2.228,0.0,0.0,0.0
2022-08-30 18:00:00,2.335,0.352,2.104,3.4840818124873527,1.127939373849161,3.266774000263534
2022-08-30 19:00:00,2.323,0.363,2.031,0.0,0.0,0.0
2022-08-30 20:00:00,2.334,0.373,1.992,0.0,0.0,0.0
2022-08-30 21:00:00,2.323,0.376,1.969,0.0,0.0,0.0
2022-08-30 22:00:00,2.33,0.377,1.959,0.0,0.0,0.0
2022-08-30 23:00:00,2.33,0.369,1.956,0.0,6.7611484000572695,0.0
2022-08-31 00:00:00,2.345,0.363,1.954,0.0,0.0,0.0
2022-08-31 01:00:00,2.347,0.366,1.952,8.76116703847046,25.611501149002663,3.5557761169223285
2022-08-31 02:00:00,2.345,0.369,1.955,0.0,0.0,0.0
2022-08-31 03:00:00,2.351,0.375,1.953,0.0,0.0,0.0
2022-08-31 04:00:00,2.364,0.386,1.957,2.8486935960490554,0.0,0.0
2022-08-31 05:00:00,2.375,0.397,1.956,0.6548676678870361,0.38507760771806565,3.0805024970991512
2022-08-31 06:00:00,2.392,0.397,1.955,0.623314417808721,8.655767495703815,6.385052701988435
2022-08-31 07:00:00,2.358,0.398,1.959,0.0,0.0,0.0
2022-08-31 08:00:00,2.359,0.4,1.963,0.0,0.0,0.0
2022-08-31 09:00:00,2.365,0.403,1.965,0.0,0.0,0.0
2022-08-31 10:00:00,2.354,0.41,1.966,0.0,0.0,1.4190928747407996
2022-08-31 11:00:00,2.344,0.422,1.965,0.0,0.0,0.0
2022-08-31 12:00:00,2.331,0.479,1.972,0.0,0.0,0.0
2022-08-31 13:00:00,2.362,0.481,2.019,0.0,0.0,0.0
2022-08-31 14:00:00,2.335,0.459,2.101,0.0,0.0,0.0
2022-08-31 15:00:00,2.335,0.496,2.157,0.0,0.0,0.0
2022-08-31 16:00:00,2.342,0.468,2.091,0.0,0.0,0.0
2022-08-31 17:00:00,2.329,0.489,2.04,0.0,0.0,0.0
2022-08-31 18:00:00,2.336,0.494,2.028,0.0,0.0,0.0
2022-08-31 19:00:00,2.333,0.513,2.037,0.0,0.0,0.0
2022-08-31 20:00:00,2.342,0.515,2.05,0.0,0.0,0.0
2022-08-31 21:00:00,2.358,0.518,2.058,0.0,0.0,0.0
2022-08-31 22:00:00,2.3475,0.523,2.053,0.0,0.0,0.0
2022-08-31 23:00:00,2.337,0.524,2.044,1.4685482421996758,1.1017854591412393,3.948664996573584
2022-09-01 00:00:00,2.333,0.524,2.042,0.0,0.0,0.0
2022-09-01 01:00:00,2.327,0.531,2.035,0.0,0.0,0.0
2022-09-01 02:00:00,2.336,0.537,2.032,2.4301965742289906,1.1736212605660705,6.926433939266265
2022-09-01 03:00:00,2.308,0.534,2.028,0.0,0.0,0.0
2022-09-01 04:00:00,2.309,0.534,2.024,3.5273807015769005,0.9871575411931541,0.4672794562769306
2022-09-01 05:00:00,2.329,0.529,2.022,0.0,0.0,0.0
2022-09-01 06:00:00,2.346,0.525,2.018,0.0,0.0,0.0
2022-09-01 07:00:00,2.345,0.516,2.019,0.0,0.0,0.0
2022-09-01 08:00:00,2.346,0.515,2.019,0.0,0.0,0.0
2022-09-01 09:00:00,2.355,0.506,2.016,4.71469622304052,2.296593633377401,0.5486346308788353
2022-09-01 10:00:00,2.385,0.516,2.013,0.0,0.0,0.0
2022-09-01 11:00:00,2.384,0.521,2.009,0.0,0.0,0.0
2022-09-01 12:00:00,2.373,0.526,2.008,0.0,0.0,0.0
2022-09-01 13:00:00,2.354,0.512,2.003,0.1853333437524309,2.0320900285225663,0.4655900172291328
2022-09-01 14:00:00,2.358,0.527,2.001,0.0,0.0,0.0
2022-09-01 15:00:00,2.366,0.503,2.0,0.0,0.0,0.0
2022-09-01 16:00:00,2.393,0.532,1.996,0.0,0.0,0.0
2022-09-01 17:00:00,2.389,0.537,1.996,0.0,0.0,0.0
2022-09-01 18:00:00,2.399,0.545,1.991,0.0,0.0,0.0
2022-09-01 19:00:00,2.396,0.55,1.991,0.0,0.0,0.0
2022-09-01 20:00:00,2.38,0.548,1.995,0.0,0.0,0.0
2022-09-01 21:00:00,2.401,0.547,2.0,0.0,0.0,0.0
2022-09-01 22:00:00,2.4,0.548,1.999,0.0,0.0,0.30294588239750814
2022-09-01 23:00:00,2.394,0.546,1.998,0.0,0.0,0.0
2022-09-02 00:00:00,2.416,0.542,1.996,0.0,0.0,0.0
2022-09-02 01:00:00,2.387,0.541,1.99,0.617697657606309,0.5635450882018982,6.009087045415202
2022-09-02 02:00:00,2.4,0.539,1.989,0.00038091437972106367,0.0,0.0
2022-09-02 03:00:00,2.39,0.536,1.987,0.0,0.0,0.0
2022-09-02 04:00:00,2.368,0.532,1.985,0.0,0.0,0.0
2022-09-02 05:00:00,2.371,0.525,1.981,0.0,0.0,0.0
2022-09-02 06:00:00,2.377,0.526,1.979,0.0,0.0,0.0
2022-09-02 07:00:00,2.379,0.515,1.98,1.6374662343125825,1.3854672165430197,1.5094852328044632
2022-09-02 08:00:00,2.385,0.491,1.983,0.0,0.0,0.0
2022-09-02 09:00:00,2.376,0.498,1.98,0.0,0.0,0.0
2022-09-02 10:00:00,2.394,0.486,1.975,0.0,0.0,0.0
2022-09-02 11:00:00,2.401,0.484,1.97,0.0,0.0,0.0
2022-09-02 12:00:00,2.414,0.479,1.968,0.0,0.0,0.0
2022-09-02 13:00:00,2.409,0.503,1.967,7.008089392277289,0.09725165451932587,1.264047498931662
2022-09-02 14:00:00,2.398,0.506,1.971,0.0,0.0,0.0
2022-09-02 15:00:00,2.419,0.476,1.969,0.0,0.0,0.0
2022-09-02 16:00:00,2.422,0.476,1.965,0.0,0.0,0.0
2022-09-02 17:00:00,2.41,0.488,1.966,0.8082256411092079,0.0,0.0
2022-09-02 18:00:00,2.41,0.486,1.971,0.0,0.0,0.0
2022-09-02 19:00:00,2.415,0.509,1.976,0.0,0.0,0.0
2022-09-02 20:00:00,2.419,0.491,1.975,0.0,4.763349436500261,0.0
2022-09-02 21:00:00,2.413,0.501,1.976,0.0,0.0,0.0
2022-09-02 22:00:00,2.418,0.504,1.978,0.0,0.0,0.0
2022-09-02 23:00:00,2.418,0.485,1.977,0.0,0.0,0.0
2022-09-03 00:00:00,2.403,0.473,1.98,1.2688871186847468,0.6142360916572358,2.2904502713940835
2022-09-03 01:00:00,2.099,0.479,1.975,3.7924209870495824,4.52214876050183,12.581298763871123
2022-09-03 02:00:00,2.036,0.473,1.976,8.540759839758781,0.14618336336333138,6.637429760202557
2022-09-03 03:00:00,2.069,0.471,1.974,5.634638568780312,0.0,0.0
2022-09-03 04:00:00,2.117,0.479,1.972,0.0,0.0,0.0
2022-09-03 05:00:00,2.188,0.492,1.973,0.0,0.0,0.0
2022-09-03 06:00:00,2.237,0.473,1.97,0.0,0.0,0.0
2022-09-03 07:00:00,2.242,0.486,1.973,0.0,0.0,0.0
2022-09-03 08:00:00,2.292,0.483,1.974,0.0,0.0,0.0
2022-09-03 09:00:00,2.303,0.477,1.975,0.0,0.0,0.0
2022-09-03 10:00:00,2.3,0.505,1.976,0.0,0.0,0.0
2022-09-03 11:00:00,2.312,0.493,1.976,0.0,0.0,0.0
2022-09-03 12:00:00,2.313,0.503,1.979,0.0,0.0,0.0
2022-09-03 13:00:00,2.318,0.498,1.981,0.0,0.0,0.0
2022-09-03 14:00:00,2.342,0.506,1.977,0.0,0.0,0.0
2022-09-03 15:00:00,2.343,0.508,1.976,0.0,0.0,0.0
2022-09-03 16:00:00,2.35,0.506,1.974,1.353313299426555,3.9112957787091496,0.04164500801338197
2022-09-03 17:00:00,2.372,0.491,1.957,0.0,0.0,0.0
2022-09-03 18:00:00,2.356,0.502,1.961,0.03324485706094541,7.1324857579334235,0.4765952525046655
2022-09-03 19:00:00,2.367,0.512,1.957,2.5426329007885813,0.5500808236997073,0.7549811382803873
2022-09-03 20:00:00,2.382,0.516,1.954,0.9486980217696931,0.11332706512970071,1.6771931385211831
2022-09-03 21:00:00,2.357,0.51,1.952,0.0,0.0,0.0
2022-09-03 22:00:00,2.38,0.509,1.948,0.0,0.0,0.0
2022-09-03 23:00:00,2.378,0.506,1.944,0.0,0.0,0.0
2022-09-04 00:00:00,2.419,0.498,1.944,0.0,0.0,0.0
2022-09-04 01:00:00,2.385,0.497,1.942,1.4373867097348147,8.279857937489297,2.1515367055038492
2022-09-04 02:00:00,2.362,0.493,1.942,0.0,0.0,0.0
2022-09-04 03:00:00,2.327,0.492,1.945,3.9283578209269017,3.6140310464067036,3.2495901001310163
2022-09-04 04:00:00,2.284,0.492,1.947,0.0,0.0,0.0
2022-09-04 05:00:00,2.232,0.49,1.949,1.3235275659907781,0.006733617414363649,0.40214581686258344
2022-09-04 06:00:00,2.14,0.491,1.952,0.0,0.0,0.0
2022-09-04 07:00:00,2.011,0.469,1.956,7.591598704773397,0.0,0.0
2022-09-04 08:00:00,1.985,0.482,1.965,0.04642970661512544,0.06441565733189761,0.1320572753739797
2022-09-04 09:00:00,2.043,0.587,1.979,0.0,0.0,0.0
2022-09-04 10:00:00,2.027,0.656,1.991,0.0,0.0,0.0
2022-09-04 11:00:00,2.034,0.737,2.008,0.0,0.0,0.0
2022-09-04 12:00:00,2.049,0.707,2.022,0.0,0.0,0.0
2022-09-04 13:00:00,2.047,0.686,2.025,0.0,0.0,0.0
2022-09-04 14:00:00,2.09,0.703,2.02,0.0,0.0,0.0
2022-09-04 15:00:00,2.104,0.726,2.012,0.2124106978559212,1.726751545560255,2.6622996575713627
2022-09-04 16:00:00,2.125,0.729,2.012,0.0,0.0,0.0
2022-09-04 17:00:00,2.049,0.707,2.006,0.0,0.0,0.0
2022-09-04 18:00:00,1.97,0.689,2.034,0.0,0.5314629252884658,0.0
2022-09-04 19:00:00,1.958,0.678,2.024,0.0,0.0,0.0
2022-09-04 20:00:00,2.009,0.658,2.006,0.0,0.0,0.0
2022-09-04 21:00:00,2.025,0.64,1.994,0.0,0.0,0.0
2022-09-04 22:00:00,2.066,0.62,1.984,0.0,0.0,0.0
2022-09-04 23:00:00,2.109,0.608,1.978,0.0,0.0,0.0
2022-09-05 00:00:00,2.112,0.614,1.971,0.0,0.0,0.0
2022-09-05 01:00:00,2.149,0.595,1.966,0.0,0.0,0.0
2022-09-05 02:00:00,2.135,0.601,1.962,0.0,0.0,0.0
2022-09-05 03:00:00,2.192,0.607,1.958,0.0,0.0,0.0
2022-09-05 04:00:00,2.199,0.599,1.953,0.0,0.0,0.0
2022-09-05 05:00:00,2.179,0.583,1.95,0.0,0.0,0.0
2022-09-05 06:00:00,2.207,0.572,1.947,3.734785069900622,11.033094071876347,1.7787185411704056
2022-09-05 07:00:00,2.26,0.572,1.948,0.0,0.0,0.0
2022-09-05 08:00:00,2.227,0.559,1.947,0.0,0.0,0.0
2022-09-05 09:00:00,2.253,0.571,1.948,0.0,0.0,0.0
2022-09-05 10:00:00,2.229,0.568,1.946,0.0,0.0,0.0
2022-09-05 11:00:00,2.235,0.565,1.943,0.0,0.0,0.0
2022-09-05 12:00:00,2.209,0.563,1.943,0.0,0.0,0.0
2022-09-05 13:00:00,2.192,0.581,1.944,0.0,0.0,0.0
2022-09-05 14:00:00,2.196,0.551,1.941,5.2551813360476025,0.1350417195887895,0.042929842037782724
2022-09-05 15:00:00,2.142,0.542,1.937,0.0,0.0,0.0
2022-09-05 16:00:00,2.059,0.54,1.932,0.0,0.0,0.0
2022-09-05 17:00:00,2.031,0.543,1.933,0.0,0.0,0.0
2022-09-05 18:00:00,2.014,0.548,1.949,0.0,0.0,0.0
2022-09-05 19:00:00,2.047,0.549,1.994,0.0,0.0,0.0
2022-09-05 20:00:00,2.059,0.538,2.087,0.0,0.0,0.0
2022-09-05 21:00:00,2.069,0.554,2.21,0.0,0.0,0.0
2022-09-05 22:00:00,2.042,0.562,2.273,0.0,0.0,0.0
2022-09-05 23:00:00,2.03,0.571,2.287,0.0,0.0,0.0
2022-09-06 00:00:00,1.896,0.575,2.28,0.0,0.0,0.0
2022-09-06 01:00:00,1.924,0.576,2.259,0.0,0.0,0.0
2022-09-06 02:00:00,1.751,0.575,2.233,0.0,0.0,0.0
2022-09-06 03:00:00,1.721,0.568,2.198,0.0,0.0,0.0
2022-09-06 04:00:00,1.81,0.562,2.164,0.0,0.0,0.0
2022-09-06 05:00:00,1.811,0.558,2.136,0.0,0.0,0.0
2022-09-06 06:00:00,1.574,0.538,2.112,0.14328171233827205,3.4419678767219435,0.525677142350119
2022-09-06 07:00:00,1.675,0.508,2.095,0.0,0.0,0.0
2022-09-06 08:00:00,1.812,0.57,2.08,6.176933181937425,0.45641575520911337,2.0503144782281812
2022-09-06 09:00:00,1.861,0.632,2.066,0.0,0.0,0.0
2022-09-06 10:00:00,1.925,0.729,2.056,0.0,0.0,0.0
2022-09-06 11:00:00,1.966,0.749,2.052,0.09180974774241212,3.5313539430795817,0.0549153147119977
2022-09-06 12:00:00,1.994,0.735,2.052,0.0,0.0,0.0
2022-09-06 13:00:00,1.964,0.739,2.055,0.0,0.0,0.0
2022-09-06 14:00:00,2.018,0.744,2.046,0.0,3.7065236190188355,0.0
2022-09-06 15:00:00,1.986,0.73,2.029,0.0,0.0,0.0
2022-09-06 16:00:00,1.962,0.706,2.014,0.0,0.0,0.0
2022-09-06 17:00:00,1.935,0.685,2.004,0.0,0.0,0.0
2022-09-06 18:00:00,1.922,0.676,1.995,0.0,0.0,0.0
2022-09-06 19:00:00,1.959,0.659,1.997,3.153850921419725,1.6717751482121574,0.20501359218118487
2022-09-06 20:00:00,1.998,0.653,2.002,2.711129775368212,0.45421474947060697,1.5517707714618778
2022-09-06 21:00:00,2.031,0.647,2.029,0.0,0.0,0.0
2022-09-06 22:00:00,1.977,0.641,2.056,0.2338310492165077,0.9112336815682006,3.0304721318325023
2022-09-06 23:00:00,1.869,0.639,2.061,0.0,0.0,0.0
2022-09-07 00:00:00,1.881,0.632,2.053,0.0,0.0,0.0
2022-09-07 01:00:00,1.95,0.633,2.04,0.0,0.0,0.0
2022-09-07 02:00:00,1.992,0.625,2.055,2.8725865713026537,0.30934629719794104,5.729016723090279
2022-09-07 03:00:00,1.515,0.622,2.11,0.0,0.0,0.0
2022-09-07 04:00:00,1.451,0.605,2.166,0.0,0.0,0.0
2022-09-07 05:00:00,1.56,0.615,2.197,0.0,0.0,0.0
2022-09-07 06:00:00,1.653,0.708,2.2,0.0,0.0,0.0
2022-09-07 07:00:00,1.719,0.829,2.186,0.0,0.0,0.0
2022-09-07 08:00:00,1.767,0.869,2.165,0.0,0.0,0.0
2022-09-07 09:00:00,1.79,0.83,2.141,0.0,0.0,0.0
2022-09-07 10:00:00,1.82,0.78,2.115,0.0,0.0,0.0
2022-09-07 11:00:00,1.83,0.716,2.099,0.0,0.0,0.0
2022-09-07 12:00:00,1.868,0.68,2.085,0.0,0.0,0.0
2022-09-07 13:00:00,1.902,0.682,2.069,0.0,0.0,0.0
2022-09-07 14:00:00,1.94,0.708,2.053,0.0,0.0,0.0
2022-09-07 15:00:00,1.916,0.696,2.037,0.0,0.0,0.0
2022-09-07 16:00:00,1.935,0.673,2.028,0.0,0.0,0.0
2022-09-07 17:00:00,1.926,0.652,2.016,0.0,0.0,0.0
2022-09-07 18:00:00,1.95,0.645,2.008,0.0,0.0,0.0
2022-09-07 19:00:00,1.97,0.633,2.008,0.0,0.0,0.6208129591036363
2022-09-07 20:00:00,1.943,0.629,2.03,0.0,0.0,0.0
2022-09-07 21:00:00,1.95,0.629,2.078,0.0,0.0,0.0
2022-09-07 22:00:00,1.947,0.62,2.131,0.0,0.0,0.0
2022-09-07 23:00:00,1.973,0.622,2.167,0.0,0.0,0.0
2022-09-08 00:00:00,1.946,0.622,2.176,0.0,0.0,0.0
2022-09-08 01:00:00,1.939,0.624,2.165,0.0,0.0,0.0
2022-09-08 02:00:00,1.95,0.626,2.147,0.0,0.0,0.0
2022-09-08 03:00:00,1.953,0.625,2.125,0.0,0.0,0.0
2022-09-08 04:00:00,1.98,0.62,2.101,0.265670421426952,7.191559300698345,0.3819109390527677
2022-09-08 05:00:00,1.998,0.623,2.081,12.174463851986122,1.0556810856035703,7.176095616202811
2022-09-08 06:00:00,2.018,0.614,2.068,0.15635178951701076,5.140223106099174,2.3441143866572283
2022-09-08 07:00:00,2.025,0.606,2.056,1.8288110994123725,0.03454375927223571,2.771406556910519
2022-09-08 08:00:00,2.022,0.594,2.048,0.0,0.0,0.0
2022-09-08 09:00:00,2.051,0.6,2.041,1.618328185147998,2.38879195770007,0.11809156643789198
2022-09-08 10:00:00,2.051,0.589,2.036,1.0149843442669673,0.3484241755879185,0.8267547447392725
2022-09-08 11:00:00,2.026,0.587,2.031,0.0,0.0,4.36057572040619
2022-09-08 12:00:00,2.046,0.603,2.028,0.0,0.0,0.0
2022-09-08 13:00:00,2.011,0.594,2.023,0.0,0.0,0.0
2022-09-08 14:00:00,2.013,0.583,2.017,0.0,0.0,0.0
2022-09-08 15:00:00,2.003,0.591,2.011,0.0,0.0,0.0
2022-09-08 16:00:00,1.996,0.579,2.007,6.1391536533355495,61.492340018315666,1.1021201768105595
2022-09-08 17:00:00,2.007,0.585,2.011,0.0,0.0,0.0
2022-09-08 18:00:00,2.033,0.584,2.025,2.4459615002539654,2.5394361770936933,0.30348367117848785
2022-09-08 19:00:00,2.008,0.588,2.047,0.0,0.0,0.0
2022-09-08 20:00:00,2.021,0.582,2.087,0.0,0.0,0.0
2022-09-08 21:00:00,2.034,0.593,2.2,0.0,0.0,0.0
2022-09-08 22:00:00,2.014,0.594,2.312,0.0,0.0,0.0
2022-09-08 23:00:00,1.992,0.587,2.356,8.678830162058201,0.0,0.04023805073128809
2022-09-09 00:00:00,1.97,0.589,2.341,0.0,0.0,0.0
2022-09-09 01:00:00,1.976,0.577,2.311,0.004081580577635123,1.240732221281295,1.1394148808451554
2022-09-09 02:00:00,2.01,0.579,2.282,0.0,0.0,0.0
2022-09-09 03:00:00,1.99,0.572,2.253,0.0,0.0,0.0
2022-09-09 04:00:00,1.979,0.57,2.232,0.0,0.0,0.0
2022-09-09 05:00:00,1.955,0.563,2.21,0.0,0.0,12.947686866025403
2022-09-09 06:00:00,1.96,0.568,2.193,0.0,0.0,0.0
2022-09-09 07:00:00,1.993,0.565,2.179,0.0,0.0,0.0
2022-09-09 08:00:00,2.034,0.545,2.167,0.3567440877221153,0.6224650671664341,0.970367600595205
2022-09-09 09:00:00,2.068,0.557,2.153,0.0,0.0,0.0
2022-09-09 10:00:00,2.085,0.553,2.143,0.0,0.0,0.0
2022-09-09 11:00:00,2.096,0.534,2.133,1.3876977687781376,9.615116213881944,2.2523814210093676
2022-09-09 12:00:00,2.095,0.532,2.126,0.0,0.0,0.0
2022-09-09 13:00:00,2.142,0.539,2.113,0.0,0.0,0.0
2022-09-09 14:00:00,2.131,0.546,2.105,0.0,0.0,0.0
2022-09-09 15:00:00,2.121,0.555,2.094,0.0,0.0,0.0
2022-09-09 16:00:00,2.13,0.554,2.078,0.0,0.0,0.0
2022-09-09 17:00:00,2.135,0.547,2.063,0.0,0.0,0.0
2022-09-09 18:00:00,2.155,0.547,2.051,0.0,0.0,0.0
2022-09-09 19:00:00,2.125,0.552,2.034,0.0,0.0,0.0
2022-09-09 20:00:00,2.118,0.548,2.027,0.0,0.0,0.0
2022-09-09 21:00:00,2.131,0.548,2.018,0.0,0.0,0.0
2022-09-09 22:00:00,2.119,0.549,2.01,0.0,0.0,0.0
2022-09-09 23:00:00,2.138,0.547,2.007,0.0,0.0,0.0
2022-09-10 00:00:00,2.132,0.548,2.002,0.0,0.0,0.0
2022-09-10 01:00:00,2.139,0.545,1.997,0.0,0.0,0.0
2022-09-10 02:00:00,2.136,0.542,1.994,0.0,0.0,0.0
2022-09-10 03:00:00,2.115,0.539,1.992,0.0,0.0,0.0
2022-09-10 04:00:00,2.128,0.538,1.988,0.6643636956334589,0.3844824527644175,8.182356190875293
2022-09-10 05:00:00,2.14,0.535,1.986,0.0,0.0,0.0
2022-09-10 06:00:00,2.134,0.537,1.983,0.0,0.0,0.0
2022-09-10 07:00:00,2.158,0.531,1.982,0.0,0.12465098830205093,0.0
2022-09-10 08:00:00,2.173,0.511,1.985,0.0,0.0,0.0
2022-09-10 09:00:00,2.163,0.511,1.989,0.0,0.0,0.0
2022-09-10 10:00:00,2.172,0.531,1.991,0.0,0.0,0.0
2022-09-10 11:00:00,2.191,0.522,1.995,0.0,0.0,0.0
2022-09-10 12:00:00,2.178,0.517,1.994,0.0,0.0,0.0
2022-09-10 13:00:00,2.173,0.493,1.996,0.0,0.0,0.0
2022-09-10 14:00:00,2.181,0.507,1.988,0.0,0.0,0.0
2022-09-10 15:00:00,2.179,0.517,1.985,6.708383335542377,7.365762375419033,80.0
2022-09-10 16:00:00,2.173,0.508,1.975,0.0,0.0,0.0
2022-09-10 17:00:00,2.166,0.487,1.97,0.0,0.0,0.0
2022-09-10 18:00:00,2.173,0.484,1.957,0.0,0.0,0.0
2022-09-10 19:00:00,2.167,0.499,1.947,1.7144049005821855,1.7576655686370315,0.11169977450073908
2022-09-10 20:00:00,2.177,0.497,1.943,0.0,0.0,0.0
2022-09-10 21:00:00,2.177,0.497,1.942,0.0,0.0,0.0
2022-09-10 22:00:00,2.193,0.496,1.945,0.0,0.0,0.0
2022-09-10 23:00:00,2.181,0.499,1.95,0.0,0.0,0.0
2022-09-11 00:00:00,2.196,0.496,1.956,0.0,0.0,0.0
2022-09-11 01:00:00,2.196,0.495,1.967,0.0,0.0,0.0
2022-09-11 02:00:00,2.215,0.493,1.976,0.0,0.0,0.0
2022-09-11 03:00:00,2.21,0.491,1.984,0.0,0.0,0.0
2022-09-11 04:00:00,2.204,0.491,1.987,0.0,0.0,0.0
2022-09-11 05:00:00,2.217,0.487,1.987,0.0,0.0,0.0
2022-09-11 06:00:00,2.204,0.485,1.986,0.0,0.0,0.0
2022-09-11 07:00:00,2.241,0.482,1.981,0.0,0.0,0.0
2022-09-11 08:00:00,2.233,0.478,1.979,10.248534406187868,0.28027251790628993,1.4028109462099891
2022-09-11 09:00:00,2.244,0.477,1.974,0.0,0.0,0.0
2022-09-11 10:00:00,2.259,0.457,1.975,0.0,0.0,0.0
2022-09-11 11:00:00,2.263,0.454,2.004,0.0,0.0,0.0
2022-09-11 12:00:00,2.258,0.451,2.074,0.0,0.0,0.0
2022-09-11 13:00:00,2.287,0.45,2.133,0.0,0.0,0.0
2022-09-11 14:00:00,2.245,0.467,2.181,2.120766955083279,2.828309318733776,18.368627265537313
2022-09-11 15:00:00,2.26,0.451,2.221,0.0,0.0,0.0
2022-09-11 16:00:00,2.245,0.438,2.249,0.7002222111999261,0.4332654439555538,0.9592773473839917
2022-09-11 17:00:00,2.266,0.442,2.269,0.0,0.0,0.0
2022-09-11 18:00:00,2.252,0.444,2.283,0.0,0.0,0.0
2022-09-11 19:00:00,2.274,0.442,2.295,0.0,0.0,0.0
2022-09-11 20:00:00,2.261,0.437,2.304,0.0,0.0,0.0
2022-09-11 21:00:00,2.271,0.451,2.314,0.0,0.0,0.0
2022-09-11 22:00:00,2.269,0.455,2.321,18.231476344150806,2.06711527136807,3.128438090978845
2022-09-11 23:00:00,2.259,0.452,2.328,0.0,0.0,0.0
2022-09-12 00:00:00,2.269,0.43,2.324,0.0,0.0,0.0
2022-09-12 01:00:00,2.265,0.461,2.355,0.0,0.0,0.0
2022-09-12 02:00:00,2.25,0.438,2.369,0.0,0.0,0.03134453592868131
2022-09-12 03:00:00,2.264,0.46,2.381,0.0,0.0,0.0
2022-09-12 04:00:00,2.24,0.462,2.404,0.0,0.0,0.0
2022-09-12 05:00:00,2.233,0.46,2.442,0.0,0.0,0.0
2022-09-12 06:00:00,2.248,0.455,2.474,0.0,0.0,0.0
2022-09-12 07:00:00,2.261,0.452,2.496,0.0,0.0,0.0
2022-09-12 08:00:00,2.244,0.462,2.506,0.0,0.0,0.0
2022-09-12 09:00:00,2.249,0.468,2.506,0.0,0.0,0.0
2022-09-12 10:00:00,2.274,0.465,2.502,0.0,0.0,0.0
2022-09-12 11:00:00,2.253,0.465,2.494,0.0,0.0,0.0
2022-09-12 12:00:00,2.272,0.441,2.467,2.2747902660038277,2.5873064991781196,8.179377003924769
2022-09-12 13:00:00,2.249,0.46,2.393,0.0,0.0,0.0
2022-09-12 14:00:00,2.254,0.46,2.329,0.0,0.0,0.0
2022-09-12 15:00:00,2.249,0.46,2.258,0.0,0.0,1.1071891828069393
2022-09-12 16:00:00,2.264,0.452,2.129,0.0,1.8809122162556315,0.0
2022-09-12 17:00:00,2.277,0.437,2.053,0.0,0.0,0.0
2022-09-12 18:00:00,2.267,0.437,2.025,0.0,0.0,0.0
2022-09-12 19:00:00,2.256,0.457,2.044,0.0,0.0,0.0
2022-09-12 20:00:00,2.254,0.439,2.07,0.0,0.0,0.0
2022-09-12 21:00:00,2.261,0.461,2.089,6.826805764627255,1.6158085936118518,0.25290383187000876
2022-09-12 22:00:00,2.275,0.466,2.103,0.0,0.0,0.0
2022-09-12 23:00:00,2.231,0.435,2.172,0.0,0.0,0.0
2022-09-13 00:00:00,2.269,0.437,2.28,0.022402210754692363,0.3534820451307241,3.4611372276745715
2022-09-13 01:00:00,2.253,0.438,2.347,2.235311672061721,0.30580486736906165,3.220783845369037
2022-09-13 02:00:00,2.239,0.438,2.351,0.0,0.0,0.0
2022-09-13 03:00:00,2.25,0.443,2.37,2.792510780576717,2.262233902495831,8.847067280737015
2022-09-13 04:00:00,2.222,0.493,2.352,0.7515841267225203,1.7954277039700837,2.110561137157497
2022-09-13 05:00:00,2.188,0.503,2.316,0.0,0.0,0.0
2022-09-13 06:00:00,2.178,0.514,2.28,0.0,0.0,0.0
2022-09-13 07:00:00,1.828,0.551,2.247,0.0,0.0,0.0
2022-09-13 08:00:00,1.58,0.573,2.216,0.0,0.0,0.0
2022-09-13 09:00:00,1.513,0.591,2.192,0.0,0.0,0.0
2022-09-13 10:00:00,1.549,0.605,2.171,0.0,0.0,0.0
2022-09-13 11:00:00,1.66,0.609,2.152,0.0,0.0,0.0
2022-09-13 12:00:00,1.771,0.641,2.135,0.0,0.0,0.0
2022-09-13 13:00:00,1.809,0.711,2.131,0.0,0.0,0.0
2022-09-13 14:00:00,1.868,0.707,2.114,0.29377165773637604,1.0093978532299863,1.8409060182862442
2022-09-13 15:00:00,1.883,0.699,2.104,0.2832088356321592,0.0,0.0
2022-09-13 16:00:00,1.913,0.692,2.098,0.0,0.0,0.0
2022-09-13 17:00:00,1.918,0.693,2.091,0.0,0.0,0.0
2022-09-13 18:00:00,1.914,0.675,2.087,0.0,0.0,0.0
2022-09-13 19:00:00,1.947,0.66,2.085,0.0,0.0,0.0
2022-09-13 20:00:00,1.991,0.649,2.092,0.0,0.0,1.2372568279159608
2022-09-13 21:00:00,2.004,0.637,2.122,0.0,0.0,0.0
2022-09-13 22:00:00,2.005,0.645,2.178,5.204472837506153,0.357129503009485,0.008890746476300945
2022-09-13 23:00:00,2.03,0.646,2.228,0.027720519452091173,0.042974660627419066,3.279046013804546
2022-09-14 00:00:00,2.027,0.648,2.265,0.0,0.0,0.0
2022-09-14 01:00:00,2.061,0.637,2.279,0.0,0.0,0.0
2022-09-14 02:00:00,2.057,0.634,2.276,0.0,0.0,0.0
2022-09-14 03:00:00,2.048,0.632,2.263,0.0,0.0,0.0
2022-09-14 04:00:00,1.989,0.613,2.243,0.0,0.0,0.0
2022-09-14 05:00:00,1.86,0.631,2.222,0.0,1.0237735111309094,0.0
2022-09-14 06:00:00,1.925,0.626,2.206,0.0,0.0,0.0
2022-09-14 07:00:00,1.998,0.614,2.193,0.0,0.0,0.0
2022-09-14 08:00:00,2.054,0.623,2.18,0.0,0.0,0.0
2022-09-14 09:00:00,2.068,0.624,2.173,0.0,0.0,1.6316060114167057
2022-09-14 10:00:00,2.124,0.598,2.166,0.0,0.0,0.0
2022-09-14 11:00:00,2.107,0.594,2.16,0.0,0.0,0.0
2022-09-14 12:00:00,2.12,0.617,2.155,1.245953677986768,0.0,0.0
2022-09-14 13:00:00,2.126,0.623,2.153,0.0,0.0,0.0
2022-09-14 14:00:00,2.155,0.621,2.145,0.0,0.0,0.0
2022-09-14 15:00:00,2.143,0.605,2.134,0.0,0.0,0.0
2022-09-14 16:00:00,2.109,0.605,2.154,0.0,0.0,0.36180147726892153
2022-09-14 17:00:00,2.127,0.602,2.17,0.0,0.0,0.0
2022-09-14 18:00:00,2.133,0.581,2.214,0.0,0.0,0.0
2022-09-14 19:00:00,2.144,0.596,2.287,4.598606926205073,1.4902403570052967,1.1766599915205989
2022-09-14 20:00:00,2.12,0.579,2.419,0.0,0.0,0.0
2022-09-14 21:00:00,2.109,0.576,2.594,0.0,0.0,0.0
2022-09-14 22:00:00,2.09,0.572,2.747,0.0,0.0,0.0
2022-09-14 23:00:00,2.108,0.572,2.825,3.398445060064674,3.7082484873426025,0.033427879943214604
2022-09-15 00:00:00,2.114,0.585,2.847,0.0,0.0,0.0
2022-09-15 01:00:00,2.13,0.58,2.838,0.0,0.0,0.0
2022-09-15 02:00:00,2.126,0.566,2.814,0.0,0.0,0.0
2022-09-15 03:00:00,2.13,0.567,2.783,0.0,0.0,0.0
2022-09-15 04:00:00,2.169,0.562,2.756,0.0,0.0,0.0
2022-09-15 05:00:00,2.164,0.576,2.725,0.0,0.0,0.0
2022-09-15 06:00:00,2.152,0.577,2.693,0.0,0.0,0.0
2022-09-15 07:00:00,2.152,0.578,2.663,10.731462872651448,1.2649862896770456,4.440626567205844
2022-09-15 08:00:00,2.173,0.577,2.634,0.0,0.0,0.0
2022-09-15 09:00:00,2.162,0.558,2.601,0.0,0.0,0.0
2022-09-15 10:00:00,2.169,0.571,2.57,0.0,0.0,0.0
2022-09-15 11:00:00,2.182,0.558,2.544,0.0,0.0,0.0
2022-09-15 12:00:00,2.232,0.549,2.515,0.0,0.0,0.0
2022-09-15 13:00:00,2.236,0.537,2.493,0.0,0.0,0.0
2022-09-15 14:00:00,2.225,0.54,2.488,0.0,0.0,0.0
2022-09-15 15:00:00,2.231,0.537,2.492,0.0,0.0,0.0
2022-09-15 16:00:00,2.213,0.544,2.513,0.0,0.0,0.0
2022-09-15 17:00:00,2.214,0.527,2.536,2.181133929362992,0.9072740618436153,11.556181876713964
2022-09-15 18:00:00,2.21,0.528,2.55,7.618354993305117,9.292149704755726,0.168057036273575
2022-09-15 19:00:00,2.209,0.542,2.559,0.0,0.0,0.0
2022-09-15 20:00:00,2.213,0.542,2.553,0.0,0.0,0.0
2022-09-15 21:00:00,2.18,0.54,2.538,0.0,0.0,0.0
2022-09-15 22:00:00,2.161,0.524,2.514,0.0,0.0,8.293194058645003
2022-09-15 23:00:00,2.153,0.527,2.493,0.0,0.0,0.0
2022-09-16 00:00:00,2.087,0.53,2.469,0.0,0.0,0.0
2022-09-16 01:00:00,1.995,0.547,2.45,0.0,0.0,0.0
2022-09-16 02:00:00,1.995,0.548,2.434,0.0,0.0,0.0
2022-09-16 03:00:00,2.05,0.729,2.419,0.0,0.0,0.0
2022-09-16 04:00:00,2.078,0.748,2.404,0.0,0.0,0.0
2022-09-16 05:00:00,2.144,0.698,2.392,0.0,0.0,0.08759296938714875
2022-09-16 06:00:00,2.149,0.659,2.38,32.12147499680871,0.8972087091270055,16.29968721618969
2022-09-16 07:00:00,2.182,0.64,2.368,0.0,0.0,0.0
2022-09-16 08:00:00,2.192,0.619,2.359,3.0212203244907356,0.460560172420639,1.6692302159120238
2022-09-16 09:00:00,2.203,0.573,2.351,0.0,0.0,0.0
2022-09-16 10:00:00,2.195,0.565,2.341,0.0,0.0,0.0
2022-09-16 11:00:00,2.2184999999999997,0.551,2.336,0.0,4.161832777935862,0.0
2022-09-16 12:00:00,2.242,0.55,2.325,0.0,0.0,0.0
2022-09-16 13:00:00,2.249,0.561,2.311,0.0,0.0,0.0
2022-09-16 14:00:00,2.224,0.55,2.304,0.3700596006985765,5.413800254989571,3.4610825609944027
2022-09-16 15:00:00,2.216,0.565,2.295,0.0,0.0,0.0
2022-09-16 16:00:00,2.234,0.553,2.293,0.0,0.0,0.0
2022-09-16 17:00:00,2.268,0.547,2.303,3.7332021051638593,0.5078158945082302,1.716171176529367
2022-09-16 18:00:00,2.221,0.577,2.334,0.0,0.0,0.0
2022-09-16 19:00:00,2.168,0.578,2.362,0.0,0.0,0.2229333913428745
2022-09-16 20:00:00,2.05,0.576,2.372,0.0,0.0,0.0
2022-09-16 21:00:00,2.043,0.576,2.361,0.0,0.0,0.0
2022-09-16 22:00:00,2.066,0.577,2.342,0.0,0.0,0.0
2022-09-16 23:00:00,2.064,0.582,2.32,0.0,0.0,0.0
2022-09-17 00:00:00,2.07,0.596,2.299,0.0,0.0,0.0
2022-09-17 01:00:00,2.118,0.67,2.282,0.0,0.0,0.0
2022-09-17 02:00:00,2.068,0.691,2.267,0.0,0.0,0.0
2022-09-17 03:00:00,2.105,0.688,2.254,0.0,0.0,0.0
2022-09-17 04:00:00,2.092,0.68,2.243,0.0,0.0,0.0
2022-09-17 05:00:00,2.096,0.672,2.232,0.0,0.0,0.0
2022-09-17 06:00:00,2.12,0.669,2.225,0.0,0.0,1.4635781511376678
2022-09-17 07:00:00,2.085,0.66,2.218,1.3716421557726604,3.8517014017663898,7.768645672732751
2022-09-17 08:00:00,2.103,0.652,2.213,0.0,0.0,0.0
2022-09-17 09:00:00,1.923,0.649,2.207,1.4003488936695767,2.997282396427753,0.2314475896509033
2022-09-17 10:00:00,1.929,0.634,2.2,0.0,0.0,0.0
2022-09-17 11:00:00,1.981,0.6425000000000001,2.1985,0.0,0.0,0.0
2022-09-17 12:00:00,2.025,0.651,2.197,0.0,0.0,0.0
2022-09-17 13:00:00,2.063,0.692,2.189,0.0,0.0,0.0
2022-09-17 14:00:00,2.054,0.772,2.184,0.0,0.0,0.0
2022-09-17 15:00:00,2.083,0.755,2.177,0.0,0.0,0.0
2022-09-17 16:00:00,2.108,0.7375,2.167,0.0,0.0,0.0
2022-09-17 17:00:00,2.098,0.72,2.16,0.0,0.0,0.0
2022-09-17 18:00:00,2.146,0.715,2.157,0.0,0.0,0.0
2022-09-17 19:00:00,2.136,0.704,2.163,0.0,0.0,0.0
2022-09-17 20:00:00,2.165,0.694,2.173,0.0,0.0,0.0
2022-09-17 21:00:00,2.123,0.688,2.196,0.0,0.0,0.0
2022-09-17 22:00:00,2.185,0.683,2.221,0.0,0.0,0.0
2022-09-17 23:00:00,2.162,0.679,2.233,1.3987305679580466,3.1111847106072914,9.911848998932406
2022-09-18 00:00:00,2.19,0.674,2.227,0.5042473860554365,0.0,0.0
2022-09-18 01:00:00,2.206,0.679,2.211,2.90195638750697,3.957811572931966,4.639349165016158
2022-09-18 02:00:00,2.187,0.682,2.2,0.0,0.0,0.0
2022-09-18 03:00:00,2.174,0.675,2.187,0.0,0.0,0.0
2022-09-18 04:00:00,2.208,0.682,2.172,3.1270993294570264,2.0612771805856633,2.7210294856688635
2022-09-18 05:00:00,2.21,0.657,2.157,0.0,0.0,0.0
2022-09-18 06:00:00,2.18,0.675,2.15,1.3127646847788768,1.370464275023466,1.2476372620199947
2022-09-18 07:00:00,2.211,0.661,2.142,0.398462092434098,8.737160388113868,0.15349668490861929
2022-09-18 08:00:00,2.204,0.657,2.138,0.0,0.0,0.0
2022-09-18 09:00:00,2.22,0.654,2.136,0.0,0.0,0.0
2022-09-18 10:00:00,2.262,0.65,2.139,0.0,0.0,0.0
2022-09-18 11:00:00,2.222,0.643,2.141,0.0,0.0,0.0
2022-09-18 12:00:00,2.217,0.641,2.146,0.0,0.0,0.0
2022-09-18 13:00:00,2.228,0.638,2.146,0.0,0.0,0.0
2022-09-18 14:00:00,2.231,0.627,2.144,0.6446635435564972,0.5233306461761349,1.6516077828162583
2022-09-18 15:00:00,2.233,0.62,2.133,5.212784817000633,9.047412455832822,0.9623345617662137
2022-09-18 16:00:00,2.21,0.607,2.119,0.0,0.0,0.0
2022-09-18 17:00:00,2.232,0.61,2.116,0.0,0.19486462884199227,0.0
2022-09-18 18:00:00,2.23,0.605,2.104,6.013960799908178,0.0,0.0
2022-09-18 19:00:00,2.224,0.603,2.095,0.0,0.0,0.0
2022-09-18 20:00:00,2.26,0.601,2.092,0.0,0.0,0.0
2022-09-18 21:00:00,2.258,0.598,2.088,2.8431141876018224,0.06347706437907787,0.4714402509411947
2022-09-18 22:00:00,2.243,0.591,2.083,0.0,0.0,0.0
2022-09-18 23:00:00,2.27,0.591,2.08,0.0,0.0,0.0
2022-09-19 00:00:00,2.275,0.589,2.076,0.0,0.0,0.0
2022-09-19 01:00:00,2.242,0.59,2.074,0.0,0.0,0.0
2022-09-19 02:00:00,2.237,0.59,2.071,0.0,0.0,0.0
2022-09-19 03:00:00,2.246,0.591,2.071,3.9753284046124318,2.4547969913359777,0.17561302573072662
2022-09-19 04:00:00,2.236,0.59,2.067,0.0,0.0,0.0
2022-09-19 05:00:00,2.219,0.59,2.066,0.0,0.0,0.0
2022-09-19 06:00:00,2.27,0.59,2.064,0.0,0.0,0.0
2022-09-19 07:00:00,2.257,0.587,2.063,0.7000886693810344,5.914108329082953,1.0775663015442982
2022-09-19 08:00:00,2.263,0.584,2.06,0.0,0.0,0.0
2022-09-19 09:00:00,2.266,0.588,2.062,1.9943436300257393,2.9850753467934865,8.457173677146764
2022-09-19 10:00:00,2.265,0.586,2.068,0.0,0.8195335901064792,0.0
2022-09-19 11:00:00,2.268,0.587,2.069,0.46815866891171565,2.868236249930101,1.7956429767148998
2022-09-19 12:00:00,2.266,0.588,2.077,0.0,0.0,0.0
2022-09-19 13:00:00,2.311,0.582,2.083,0.0,0.0,0.0
2022-09-19 14:00:00,2.302,0.583,2.085,0.0,0.0,0.0
2022-09-19 15:00:00,2.285,0.578,2.089,5.183579388401576,0.0,0.0
2022-09-19 16:00:00,2.282,0.573,2.089,0.0,0.0,0.0
2022-09-19 17:00:00,2.281,0.569,2.083,0.0,0.0,0.0
2022-09-19 18:00:00,2.295,0.564,2.079,0.0,0.0,0.0
2022-09-19 19:00:00,2.321,0.561,2.075,0.0,0.0,0.0
2022-09-19 20:00:00,2.295,0.558,2.069,0.0,0.0,0.0
2022-09-19 21:00:00,2.313,0.554,2.063,0.0,0.0,0.0
2022-09-19 22:00:00,2.305,0.558,2.062,0.0,0.0,0.0
2022-09-19 23:00:00,2.311,0.555,2.065,0.0,0.0,0.0
2022-09-20 00:00:00,2.302,0.552,2.078,0.0,0.0,0.0
2022-09-20 01:00:00,2.314,0.551,2.111,0.0,0.0,0.0
2022-09-20 02:00:00,2.313,0.519,2.155,0.0,0.0,0.0
2022-09-20 03:00:00,2.315,0.521,2.196,2.7495247321613876,0.34393436873173,0.22386934109538303
2022-09-20 04:00:00,2.311,0.546,2.232,0.0,0.0,0.0
2022-09-20 05:00:00,2.328,0.529,2.253,0.0,0.0,0.0
2022-09-20 06:00:00,2.314,0.54,2.26,0.0,0.0,0.0
2022-09-20 07:00:00,2.34,0.533,2.253,0.0,0.0,1.678566472430182
2022-09-20 08:00:00,2.367,0.541,2.242,0.26750862049541657,0.9447515549240755,0.6448782719773054
2022-09-20 09:00:00,2.35,0.527,2.226,0.0,0.0,0.0
2022-09-20 10:00:00,2.364,0.544,2.209,0.0,0.0,0.0
2022-09-20 11:00:00,2.373,0.543,2.194,0.0,0.0,0.0
2022-09-20 12:00:00,2.365,0.549,2.177,0.0,0.0,0.0
2022-09-20 13:00:00,2.355,0.533,2.16,0.0,0.0,0.0
2022-09-20 14:00:00,2.376,0.529,2.147,0.0,0.0,0.0
2022-09-20 15:00:00,2.335,0.538,2.138,0.0,0.0,0.0
2022-09-20 16:00:00,2.356,0.521,2.128,0.0,0.0,0.0
2022-09-20 17:00:00,2.355,0.533,2.117,0.0,0.0,0.0
2022-09-20 18:00:00,2.362,0.535,2.105,0.0,0.0,0.0
2022-09-20 19:00:00,2.357,0.534,2.097,0.0,0.0,0.9175262184166666
2022-09-20 20:00:00,2.363,0.527,2.09,0.0,0.0,0.0
2022-09-20 21:00:00,2.349,0.526,2.083,0.0,0.0,0.0
2022-09-20 22:00:00,2.371,0.508,2.076,0.0,0.0,0.0
2022-09-20 23:00:00,2.372,0.503,2.071,0.0,0.0,0.0
2022-09-21 00:00:00,2.37,0.505,2.064,0.4250398434852601,0.5636113567107343,0.39442697405159144
2022-09-21 01:00:00,2.373,0.505,2.058,0.7725447546452515,1.377138661169279,2.5989893473679047
2022-09-21 02:00:00,2.391,0.519,2.055,2.2101171421589103,4.850452030020868,11.290281261886639
2022-09-21 03:00:00,2.395,0.52,2.05,0.0,0.0,0.0
2022-09-21 04:00:00,2.398,0.522,2.048,0.0,0.0,0.0
2022-09-21 05:00:00,2.387,0.519,2.045,0.0,0.0,0.0
2022-09-21 06:00:00,2.405,0.508,2.043,0.8845600783494788,1.2510602705327232,10.055505862772566
2022-09-21 07:00:00,2.405,0.488,2.042,0.0,0.0,0.0
2022-09-21 08:00:00,2.391,0.494,2.042,0.0,0.0,0.0
2022-09-21 09:00:00,2.399,0.501,2.044,0.0,0.0,0.0
2022-09-21 10:00:00,2.387,0.494,2.042,0.0,0.0,0.0
2022-09-21 11:00:00,2.393,0.505,2.041,0.0,3.5362463195349223,0.0
2022-09-21 12:00:00,2.414,0.477,2.046,0.22729112176462335,3.715321836132627,4.997157497014166
2022-09-21 13:00:00,2.418,0.485,2.046,0.0,0.0,0.0
2022-09-21 14:00:00,2.41,0.509,2.043,0.48623075941296623,1.5015088868997881,2.1094118673339164
2022-09-21 15:00:00,2.435,0.491,2.033,0.0,0.0,0.0
2022-09-21 16:00:00,2.396,0.491,2.031,0.0,0.0,0.0
2022-09-21 17:00:00,2.408,0.505,2.027,0.0,0.0,0.0
2022-09-21 18:00:00,2.385,0.491,2.023,2.192528492032013,0.0,0.0
2022-09-21 19:00:00,2.404,0.481,2.02,0.0,0.0,0.0
2022-09-21 20:00:00,2.409,0.477,2.018,0.0,0.0,2.0014985097005282
2022-09-21 21:00:00,2.425,0.486,2.023,0.0,0.0,0.0
2022-09-21 22:00:00,2.427,0.486,2.03,0.0,0.0,0.0
2022-09-21 23:00:00,2.425,0.488,2.037,0.0,0.0,0.0
2022-09-22 00:00:00,2.45,0.503,2.043,0.0,0.0,0.0
2022-09-22 01:00:00,2.441,0.502,2.037,0.0,0.0,0.0
2022-09-22 02:00:00,2.441,0.504,2.034,0.0,0.0,0.0
2022-09-22 03:00:00,2.449,0.504,2.026,0.0,0.0,0.0
2022-09-22 04:00:00,2.437,0.495,2.022,0.5992679632104482,2.650608141313093,0.0018003285182775532
2022-09-22 05:00:00,2.428,0.503,2.016,0.0,0.0,0.0
2022-09-22 06:00:00,2.439,0.486,2.016,0.0,0.0,0.0
2022-09-22 07:00:00,2.461,0.479,2.014,0.0,0.0,0.0
2022-09-22 08:00:00,2.452,0.476,2.013,3.5693263817087084,0.7436547766059854,10.001865216316716
2022-09-22 09:00:00,2.451,0.472,2.012,0.0,0.0,0.0
2022-09-22 10:00:00,2.46475,0.407,2.013,0.0,0.0,0.0
2022-09-22 11:00:00,2.4785,0.441,2.012,4.50165161560593,0.6216354449146789,3.2780360964565785
2022-09-22 12:00:00,2.49225,0.479,2.013,0.0,0.0,0.0
2022-09-22 13:00:00,2.506,0.469,2.013,0.0,0.0,0.06983105568402828
2022-09-22 14:00:00,2.528,0.481,2.011,2.384059471788665,7.23652641004524,1.614579187632404
2022-09-22 15:00:00,2.412,0.447,2.005,0.0,0.0,0.0
2022-09-22 16:00:00,2.298,0.46,2.004,0.0,0.4305243644921469,0.0
2022-09-22 17:00:00,2.295,0.472,2.0,0.0,0.0,0.0
2022-09-22 18:00:00,2.324,0.491,1.995,0.0,0.0,0.0
2022-09-22 19:00:00,2.357,0.477,1.989,0.0,0.0,0.0
2022-09-22 20:00:00,2.383,0.482,1.986,0.0,0.0,0.0
2022-09-22 21:00:00,2.39,0.471,1.985,0.0,0.0,0.0
2022-09-22 22:00:00,2.41,0.467,1.981,0.0,0.0,0.0
2022-09-22 23:00:00,2.419,0.477,1.983,0.0,0.0,0.0
2022-09-23 00:00:00,2.414,0.46,1.981,0.0,0.0,0.0
2022-09-23 01:00:00,2.436,0.483,1.98,0.0,0.0,0.0
2022-09-23 02:00:00,2.426,0.482,1.976,4.53680250756489,0.8606923647633933,2.8897847232988036
2022-09-23 03:00:00,2.409,0.48,1.977,0.0,0.0,0.0
2022-09-23 04:00:00,2.414,0.483,1.974,0.0,0.0,0.0
2022-09-23 05:00:00,2.436,0.492,1.974,0.0,0.0,0.0
2022-09-23 06:00:00,2.441,0.504,1.974,0.0,0.0,0.0
2022-09-23 07:00:00,2.432,0.504,1.974,0.0,0.0,0.0
2022-09-23 08:00:00,2.454,0.472,1.978,0.0,0.0,0.0
2022-09-23 09:00:00,2.46,0.506,1.976,0.0,0.0,0.0
2022-09-23 10:00:00,2.435,0.504,1.98,0.1443441296675247,4.310733328745034,0.7704259101796344
2022-09-23 11:00:00,2.45,0.488,1.982,0.0,0.0,0.0
2022-09-23 12:00:00,2.456,0.481,1.977,0.0,0.0,0.0
2022-09-23 13:00:00,2.51,0.471,1.972,1.1495186230284185,2.4434907590211266,1.6400493718453744
2022-09-23 14:00:00,2.47,0.452,1.981,0.1755149982943172,0.0,0.0
2022-09-23 15:00:00,2.476,0.462,1.981,1.270718081314619,0.1710614413524019,4.878609775710312
2022-09-23 16:00:00,2.461,0.462,1.978,0.0,0.0,0.0
2022-09-23 17:00:00,2.468,0.463,1.976,0.0,0.0,0.0
2022-09-23 18:00:00,2.476,0.484,1.971,0.0,0.0,0.0
2022-09-23 19:00:00,2.476,0.478,1.968,2.3767493234150905,6.496695316038407,0.1964055579639395
2022-09-23 20:00:00,2.465,0.477,1.967,0.0,0.0,0.0
2022-09-23 21:00:00,2.47,0.457,1.962,0.0,0.0,0.0
2022-09-23 22:00:00,2.472,0.474,1.961,0.0,0.0,0.0
2022-09-23 23:00:00,2.478,0.469,1.957,0.0,0.0,0.0
2022-09-24 00:00:00,2.467,0.45,1.959,1.2269163289136422,5.54184836691841,0.0695061521397634
2022-09-24 01:00:00,2.503,0.469,1.955,0.0,0.0,0.0
2022-09-24 02:00:00,2.503,0.47,1.956,0.7444396612167197,1.1404646133453253,0.6398123950579641
2022-09-24 03:00:00,2.498,0.462,1.952,0.0,0.0,0.0
2022-09-24 04:00:00,2.464,0.456,1.952,0.0,0.0,0.0
2022-09-24 05:00:00,2.489,0.453,1.95,0.0,0.0,0.0
2022-09-24 06:00:00,2.484,0.482,1.953,0.0,0.0,0.0
2022-09-24 07:00:00,2.494,0.448,1.952,0.0,0.0,0.0
2022-09-24 08:00:00,2.514,0.46,1.953,1.9735378292569912,0.0,0.0
2022-09-24 09:00:00,2.494,0.474,1.956,0.0,0.0,0.0
2022-09-24 10:00:00,2.502,0.473,1.959,0.0,0.0,0.0
2022-09-24 11:00:00,2.502,0.477,1.959,0.0,0.0,0.0
2022-09-24 12:00:00,2.51,0.468,1.957,0.0,0.0,0.0
2022-09-24 13:00:00,2.512,0.487,1.96,0.0,0.0,0.0
2022-09-24 14:00:00,2.497,0.471,1.955,0.0,0.0,0.0
2022-09-24 15:00:00,2.505,0.469,1.958,0.0,0.0,0.0
2022-09-24 16:00:00,2.496,0.467,1.959,0.0,0.0,0.0
2022-09-24 17:00:00,2.494,0.469,1.96,0.0,0.0,0.0
2022-09-24 18:00:00,2.488,0.487,1.965,1.934294067244694,0.32107567514175966,0.6186143790124056
2022-09-24 19:00:00,2.511,0.484,1.967,0.0,0.0,0.0
2022-09-24 20:00:00,2.498,0.481,1.967,0.0,0.0,0.0
2022-09-24 21:00:00,2.503,0.478,1.971,0.0,0.0,0.0
2022-09-24 22:00:00,2.5,0.481,1.983,0.0,0.0,0.0
2022-09-24 23:00:00,2.497,0.481,1.995,0.0,0.0,0.0
2022-09-25 00:00:00,2.512,0.48,2.002,0.0,0.0,0.0
2022-09-25 01:00:00,2.492,0.48,1.999,0.0,0.0,0.0
2022-09-25 02:00:00,2.371,0.483,1.995,0.0,0.0,0.0
2022-09-25 03:00:00,2.38,0.481,1.99,0.0,0.0,0.0
2022-09-25 04:00:00,2.345,0.484,1.983,0.0,0.0,0.0
2022-09-25 05:00:00,2.341,0.484,1.976,0.0,0.0,0.0
2022-09-25 06:00:00,2.361,0.484,1.97,0.0,0.0,1.624311780930645
2022-09-25 07:00:00,2.365,0.48,1.967,2.7294590494205613,0.3719774413422585,5.933776329199146
2022-09-25 08:00:00,2.418,0.479,1.965,0.0,0.0,0.0
2022-09-25 09:00:00,2.441,0.473,1.961,5.533761621402379,0.858465811034492,10.741608518946908
2022-09-25 10:00:00,2.417,0.478,1.961,0.0,0.0,0.0
2022-09-25 11:00:00,2.444,0.482,1.961,0.0,0.0,0.0
2022-09-25 12:00:00,2.459,0.48,1.959,3.8672841264228635,7.193521221364761,1.0866481919068067
2022-09-25 13:00:00,2.435,0.47,1.958,0.0,0.0,0.0
2022-09-25 14:00:00,2.45,0.467,1.951,1.2772982074476813,2.1394551201296195,0.3568498235613482
2022-09-25 15:00:00,2.428,0.483,1.949,0.0,0.0,0.0
2022-09-25 16:00:00,2.403,0.48,1.946,0.0,0.0,0.0
2022-09-25 17:00:00,2.415,0.479,1.944,0.0,0.0,0.0
2022-09-25 18:00:00,2.388,0.48,1.938,0.0,0.0,0.0
2022-09-25 19:00:00,2.407,0.479,1.938,0.0,0.0,0.0
2022-09-25 20:00:00,2.407,0.473,1.936,0.7985145322999527,0.0,0.0
2022-09-25 21:00:00,2.399,0.48,1.935,0.0,0.0,0.0
2022-09-25 22:00:00,2.405,0.48,1.931,0.7074538628406011,0.6142354412035597,0.5051388767080598
2022-09-25 23:00:00,2.433,0.487,1.93,0.0,0.0,0.0
2022-09-26 00:00:00,2.436,0.49,1.929,0.0,0.0,0.0
2022-09-26 01:00:00,2.452,0.487,1.928,0.0,0.0,0.0
2022-09-26 02:00:00,2.443,0.487,1.927,0.0,0.0,0.0
2022-09-26 03:00:00,2.462,0.489,1.927,2.111040597026712,3.615075044269126,1.3490210273727725
2022-09-26 04:00:00,2.463,0.483,1.926,0.0,0.0,0.0
2022-09-26 05:00:00,2.459,0.484,1.926,0.0,0.0,0.0
2022-09-26 06:00:00,2.446,0.484,1.927,0.0,0.0,0.0
2022-09-26 07:00:00,2.458,0.479,1.927,0.0,0.0,0.0
2022-09-26 08:00:00,2.457,0.478,1.93,0.0,0.0,0.0
2022-09-26 09:00:00,2.477,0.473,1.932,0.0,0.0,0.0
2022-09-26 10:00:00,2.485,0.475,1.93,0.0,0.0,0.0
2022-09-26 11:00:00,2.476,0.473,1.936,5.042755000969915,5.359072962302331,3.2623867754320677
2022-09-26 12:00:00,2.477,0.463,1.937,0.0,0.0,0.0
2022-09-26 13:00:00,2.497,0.454,1.938,0.714797077639102,1.9293357293861553,0.9137100941630699
2022-09-26 14:00:00,2.494,0.465,1.935,0.0,0.0,0.0
2022-09-26 15:00:00,2.468,0.478,1.935,0.0,0.0,0.0
2022-09-26 16:00:00,2.461,0.462,1.931,0.6356425623556665,5.224510101741274,8.370715004800221
2022-09-26 17:00:00,2.458,0.48,1.928,0.0,0.0,0.0
2022-09-26 18:00:00,2.49,0.453,1.922,0.0,0.0,0.0
2022-09-26 19:00:00,2.481,0.466,1.913,0.0,0.0,0.0
2022-09-26 20:00:00,2.48,0.466,1.91,0.0,0.0,0.0
2022-09-26 21:00:00,2.488,0.457,1.907,0.05151546627655486,0.4658034329705557,1.1318682191418787
2022-09-26 22:00:00,2.459,0.463,1.906,0.0,0.0,0.0
2022-09-26 23:00:00,2.44,0.483,1.902,0.0,0.0,0.0
2022-09-27 00:00:00,2.437,0.475,1.904,0.0,0.0,0.0
2022-09-27 01:00:00,2.481,0.482,1.901,0.0,1.9896538302932238,0.0
2022-09-27 02:00:00,2.464,0.476,1.902,0.0,0.0,0.0
2022-09-27 03:00:00,2.494,0.47,1.903,0.26159608872215123,0.2840008487480521,3.497440702222599
2022-09-27 04:00:00,2.476,0.467,1.912,11.372194618471633,1.18272536116603,15.443941861565818
2022-09-27 05:00:00,2.484,0.469,1.919,0.0,0.0,4.9925298389395145
2022-09-27 06:00:00,2.481,0.473,1.93,0.0,0.0,0.0
2022-09-27 07:00:00,2.49,0.471,1.941,0.0,0.0,0.0
2022-09-27 08:00:00,2.492,0.474,1.952,0.0,0.0,0.0
2022-09-27 09:00:00,2.487,0.482,1.954,0.0,0.0,0.0
2022-09-27 10:00:00,2.482,0.486,1.946,0.0,0.0,0.0
2022-09-27 11:00:00,2.486,0.489,1.949,0.0,0.0,0.0
2022-09-27 12:00:00,2.502,0.487,1.947,0.0,0.0,0.0
2022-09-27 13:00:00,2.474,0.481,1.942,0.0,0.0,0.0
2022-09-27 14:00:00,2.481,0.474,1.933,0.0,0.0,0.0
2022-09-27 15:00:00,2.448,0.467,1.927,0.0,0.0,0.0
2022-09-27 16:00:00,2.44,0.468,1.921,0.0,0.0,0.0
2022-09-27 17:00:00,2.444,0.471,1.919,2.92620136440034,9.81789871445176,6.208593428193402
2022-09-27 18:00:00,2.45,0.47,1.911,0.0,0.0,0.0
2022-09-27 19:00:00,2.466,0.461,1.907,0.0,0.0,0.0
2022-09-27 20:00:00,2.472,0.43,1.899,0.0,0.0,0.0
2022-09-27 21:00:00,2.458,0.469,1.893,0.0,0.0,0.0
2022-09-27 22:00:00,2.468,0.467,1.889,10.027557379374159,0.0,0.0
2022-09-27 23:00:00,2.169,0.477,1.888,0.0,0.0,0.0
2022-09-28 00:00:00,1.98,0.476,1.89,0.0,0.0,0.0
2022-09-28 01:00:00,2.041,0.479,1.885,6.908799927605942,5.906700073646626,0.08771780136123808
2022-09-28 02:00:00,2.113,0.481,1.884,0.5891852228750639,1.8205926411637743,12.951494172285294
2022-09-28 03:00:00,2.218,0.481,1.887,0.10083864673613281,1.6002291448710604,5.5095774246752525
2022-09-28 04:00:00,2.263,0.479,1.885,0.0,1.3067595864168096,0.0
2022-09-28 05:00:00,2.285,0.519,1.886,0.0,0.0,0.0
2022-09-28 06:00:00,2.273,0.582,1.887,0.0,0.0,0.0
2022-09-28 07:00:00,2.296,0.5905,1.881,0.0,0.0,0.0
2022-09-28 08:00:00,2.25,0.599,1.893,0.6305396066443978,6.661580737199738,7.261068685187778
2022-09-28 09:00:00,2.29,0.595,1.895,0.0,0.0,0.0
2022-09-28 10:00:00,2.32,0.583,1.894,0.0,0.0,0.0
2022-09-28 11:00:00,2.287,0.566,1.898,0.0,0.0,0.0
2022-09-28 12:00:00,2.315,0.55,1.919,0.0,0.0,0.0
2022-09-28 13:00:00,2.316,0.54,1.975,3.5241608057816385,0.8394664195429772,0.21317617905985303
2022-09-28 14:00:00,2.343,0.527,2.034,0.0,0.0,0.0
2022-09-28 15:00:00,2.337,0.521,2.085,0.0,0.0,0.0
2022-09-28 16:00:00,2.364,0.515,2.128,3.7979171739459923,0.0,0.0
2022-09-28 17:00:00,2.311,0.51,2.159,0.0,0.0,0.0
2022-09-28 18:00:00,1.926,0.504,2.188,0.0,0.0,0.0
2022-09-28 19:00:00,1.995,0.504,2.208,0.0,0.0,0.0
2022-09-28 20:00:00,2.109,0.498,2.224,0.9879020200796639,0.9167813190611064,1.1767803457663004
2022-09-28 21:00:00,2.199,0.5,2.237,0.6162296582901186,0.0,0.0
2022-09-28 22:00:00,2.29,0.495,2.239,0.0,0.0,0.0
2022-09-28 23:00:00,2.319,0.494,2.239,0.0,0.0,0.0
2022-09-29 00:00:00,2.304,0.497,2.238,0.0,0.0,0.0
2022-09-29 01:00:00,2.318,0.493,2.239,0.0,0.0,0.0
2022-09-29 02:00:00,2.321,0.498,2.234,0.0,0.0,0.04114272963095024
2022-09-29 03:00:00,2.315,0.497,2.242,0.0,0.0,0.0
2022-09-29 04:00:00,2.337,0.497,2.242,0.0,0.0,0.0
2022-09-29 05:00:00,2.347,0.494,2.243,0.0,0.0,0.0
2022-09-29 06:00:00,2.376,0.496,2.244,0.0,0.0,0.0
2022-09-29 07:00:00,2.375,0.496,2.247,0.0,0.0,0.0
2022-09-29 08:00:00,2.356,0.499,2.249,0.0,0.0,0.0
2022-09-29 09:00:00,2.369,0.503,2.253,0.0,0.0,0.0
2022-09-29 10:00:00,2.361,0.509,2.251,0.0,0.0,0.0
2022-09-29 11:00:00,2.351,0.506,2.254,0.0,0.0,0.0
2022-09-29 12:00:00,2.376,0.506,2.259,0.09342319431722301,1.2349406922765536,1.9371895897120586
2022-09-29 13:00:00,2.408,0.504,2.258,0.0,0.0,0.6767930227258999
2022-09-29 14:00:00,2.416,0.498,2.258,0.0,0.0,0.0
2022-09-29 15:00:00,2.425,0.499,2.256,0.0,0.0,0.0
2022-09-29 16:00:00,2.404,0.501,2.254,1.5069983159754907,0.8117439406106817,37.47816614317589
2022-09-29 17:00:00,2.424,0.503,2.252,0.0,0.0,0.0
2022-09-29 18:00:00,2.415,0.504,2.248,0.0,0.0,0.0
2022-09-29 19:00:00,2.438,0.502,2.246,0.0,0.0,0.0
2022-09-29 20:00:00,2.411,0.501,2.241,0.0,0.0,0.0
2022-09-29 21:00:00,2.398,0.501,2.246,0.0,0.0,0.0
2022-09-29 22:00:00,2.403,0.499,2.246,0.626865832838277,0.6005722919644538,0.8983053327954985
2022-09-29 23:00:00,2.411,0.496,2.247,0.0,0.0,0.0
2022-09-30 00:00:00,2.395,0.497,2.237,0.0,0.0,0.0
2022-09-30 01:00:00,2.438,0.494,2.239,0.0,0.0,0.0
2022-09-30 02:00:00,2.424,0.491,2.237,0.0,0.0,0.0
2022-09-30 03:00:00,2.459,0.49,2.238,1.6485966384056288,1.6589874580848352,0.2923373751400126
2022-09-30 04:00:00,2.45,0.488,2.239,0.0,0.0,0.0
2022-09-30 05:00:00,2.457,0.489,2.239,0.8499430611586374,0.861606095694654,0.33352020486912365
2022-09-30 06:00:00,2.453,0.485,2.238,0.10507803382190717,1.6262710772051083,7.710150249363872
2022-09-30 07:00:00,2.456,0.485,2.239,0.0,0.0,0.0
2022-09-30 08:00:00,2.466,0.483,2.243,0.0,0.0,0.0
2022-09-30 09:00:00,2.486,0.477,2.6472499999999997,0.0,0.0,0.0
2022-09-30 10:00:00,2.491,0.487,3.0515,0.0,0.0,0.0
2022-09-30 11:00:00,2.478,0.491,3.053,0.0,0.0,0.0
2022-09-30 12:00:00,2.491,0.487,3.054,0.0,0.0,0.0
2022-09-30 13:00:00,2.482,0.489,2.941,0.0,0.0,0.0
2022-09-30 14:00:00,2.478,0.49,2.843,0.0,0.0,0.0
2022-09-30 15:00:00,2.461,0.493,2.787,0.0,0.0,0.0
2022-09-30 16:00:00,2.481,0.504,2.756,0.0,0.0,0.0
2022-09-30 17:00:00,2.456,0.496,2.739,0.5108183752383563,1.2416206258254798,2.745394746860635
2022-09-30 18:00:00,2.491,0.498,2.726,0.0,0.0,0.0
2022-09-30 19:00:00,2.474,0.505,2.719,0.0,0.0,0.0
2022-09-30 20:00:00,2.45,0.508,2.717,0.0,0.0,0.0
2022-09-30 21:00:00,2.451,0.509,2.713,0.0,0.0,0.0
2022-09-30 22:00:00,2.459,0.505,2.712,0.0,0.0,0.0
2022-09-30 23:00:00,2.458,0.503,2.71,0.0,0.0,1.6154496345598524
2022-10-01 00:00:00,2.436,0.498,2.709,0.0,0.0,0.0
2022-10-01 01:00:00,2.46,0.497,2.708,3.3628192479915415,5.1915926278437,0.6737548427495746
2022-10-01 02:00:00,2.438,0.494,2.709,0.0,0.0,0.0
2022-10-01 03:00:00,2.436,0.489,2.708,0.0,0.0,0.0
2022-10-01 04:00:00,2.436,0.486,2.709,0.0,0.0,0.0
2022-10-01 05:00:00,2.468,0.485,2.708,0.0,0.0,0.0
2022-10-01 06:00:00,2.44,0.485,2.708,1.9092222183858873,0.0,0.0
2022-10-01 07:00:00,2.454,0.48,2.709,0.0,0.0,0.0
2022-10-01 08:00:00,2.504,0.475,2.712,0.0,0.0,0.0
2022-10-01 09:00:00,2.469,0.473,2.713,0.0,0.0,0.0
2022-10-01 10:00:00,2.475,0.482,2.716,0.0,0.0,0.0
2022-10-01 11:00:00,2.474,0.483,2.717,0.0,0.0,0.0
2022-10-01 12:00:00,2.494,0.474,2.721,0.0,0.0,0.0
2022-10-01 13:00:00,2.496,0.5991666666666666,2.723,0.0,0.0,0.0
2022-10-01 14:00:00,2.491,0.7243333333333334,2.72,0.0,0.0,0.0
2022-10-01 15:00:00,2.498,0.8495,2.719,2.078629476151725,0.0,0.0
2022-10-01 16:00:00,2.487,0.9746666666666668,2.716,10.39748917761856,0.0,0.0
2022-10-01 17:00:00,2.472,1.0998333333333334,2.714,0.0,0.0,0.0
2022-10-01 18:00:00,2.481,1.225,2.708,0.0,0.0,0.0
2022-10-01 19:00:00,2.504,1.223,2.704,0.0,5.342259160042206,0.0
2022-10-01 20:00:00,2.493,1.224,2.699,0.0,0.0,0.0
2022-10-01 21:00:00,2.487,1.222,2.698,0.0,0.0,0.0
2022-10-01 22:00:00,2.511,1.221,2.698,2.345019366567744,6.56863016305331,6.347757424303234
2022-10-01 23:00:00,2.494,1.222,2.697,19.808195008250866,0.0,0.0
2022-10-02 00:00:00,2.51,1.22,2.696,0.0,0.0,0.0
2022-10-02 01:00:00,2.516,1.221,2.696,0.0,0.0,0.0
2022-10-02 02:00:00,2.509,1.221,2.697,0.0,0.0,3.721635029374797
2022-10-02 03:00:00,2.503,1.218,2.695,7.739317314717544,2.437958739358184,5.440674361157575
2022-10-02 04:00:00,2.51,1.223,2.697,0.0,0.0,0.0
2022-10-02 05:00:00,2.495,1.222,2.696,0.0,0.0,0.0
2022-10-02 06:00:00,2.514,1.219,2.696,0.6461451560373634,7.01115744639841,5.116552807158694
2022-10-02 07:00:00,2.536,1.223,2.714,0.0,0.0,0.0
2022-10-02 08:00:00,2.522,1.22,2.719,0.0,0.0,0.0
2022-10-02 09:00:00,2.529,1.22,2.725,0.0,0.0,0.0
2022-10-02 10:00:00,2.536,1.218,2.722,15.477641789502199,0.057924694622098385,1.1913951215166025
2022-10-02 11:00:00,2.535,1.217,2.721,0.2782161664727893,2.592183270062159,0.02533127502555257
2022-10-02 12:00:00,2.549,1.215,2.719,0.0,0.0,0.0
2022-10-02 13:00:00,2.541,1.214,2.725,0.0,0.0,0.0
2022-10-02 14:00:00,2.532,1.215,2.725,0.0,0.0,0.0
2022-10-02 15:00:00,2.525,1.206,2.728,0.0,0.0,0.0
2022-10-02 16:00:00,2.523,1.211,2.728,0.0,0.08608955736434512,0.0
2022-10-02 17:00:00,2.543,1.209,2.726,0.0,0.0,0.0
2022-10-02 18:00:00,2.544,1.216,2.716,0.0,0.0,0.0
2022-10-02 19:00:00,2.519,1.219,2.717,0.0,0.8605289086900002,0.0
2022-10-02 20:00:00,2.541,1.221,2.717,0.0,0.0,0.0
2022-10-02 21:00:00,2.53,1.22,2.72,1.3399629852503514,3.8762009421520114,0.02223133587687629
2022-10-02 22:00:00,2.546,1.222,2.709,0.0,0.0,0.0
2022-10-02 23:00:00,2.548,1.22,2.713,0.0,0.0,0.0
2022-10-03 00:00:00,2.544,1.22,2.418,0.0,0.0,0.0
2022-10-03 01:00:00,2.526,1.219,2.772,0.027181546960064338,0.19210234372277057,3.1436406769572356
2022-10-03 02:00:00,2.563,1.219,2.479,0.0,0.0,0.0
2022-10-03 03:00:00,2.531,1.22,2.52,0.0,0.0,0.0
2022-10-03 04:00:00,2.555,1.222,3.026,0.0,0.0,0.0
2022-10-03 05:00:00,2.537,1.201,3.243,0.0,0.0,0.0
2022-10-03 06:00:00,2.562,1.224,3.432,0.0,0.0,0.0
2022-10-03 07:00:00,2.549,1.21,3.533,0.0,0.0,0.0
2022-10-03 08:00:00,2.503,1.221,3.551,0.0,0.0,0.0
2022-10-03 09:00:00,2.499,1.234,3.199,0.0,0.0,0.0
2022-10-03 10:00:00,2.493,1.23,3.411,0.0,0.0,0.0
2022-10-03 11:00:00,2.492,1.229,3.316,0.0,0.0,0.7983406665545593
2022-10-03 12:00:00,2.519,1.232,2.892,0.0,0.486202759497357,0.0
2022-10-03 13:00:00,2.501,1.236,2.834,0.0,0.0,0.0
2022-10-03 14:00:00,2.512,1.248,2.794,0.0,0.0,0.0
2022-10-03 15:00:00,2.526,1.247,3.106,0.0,0.0,0.0
2022-10-03 16:00:00,2.488,1.249,2.746,0.0,0.0,0.0
2022-10-03 17:00:00,2.47,1.243,2.754,1.1013368254831024,9.279852808236738,1.8029862750253496
2022-10-03 18:00:00,2.503,1.264,3.119,0.0,0.0,0.0
2022-10-03 19:00:00,2.501,1.281,3.163,0.0,0.0,0.0
2022-10-03 20:00:00,2.508,1.29,3.21,0.0,0.0,0.0
2022-10-03 21:00:00,2.495,1.297,3.254,0.0,0.0,0.0
2022-10-03 22:00:00,2.495,1.301,3.304,0.0,0.0,0.0
2022-10-03 23:00:00,2.51,1.3,3.364,0.0,0.0,0.0
2022-10-04 00:00:00,2.511,1.302,3.429,0.0,0.0,0.0
2022-10-04 01:00:00,2.499,1.301,3.473,0.0,0.0,0.0
2022-10-04 02:00:00,2.529,1.3,3.493,0.763490233649953,0.6962541023506672,0.7287796669972662
2022-10-04 03:00:00,2.505,1.297,3.492,0.0,0.0,0.0
2022-10-04 04:00:00,2.525,1.297,3.476,0.0,0.0,0.0
2022-10-04 05:00:00,2.536,1.294,3.448,0.0,0.0,0.0
2022-10-04 06:00:00,2.505,1.292,3.401,0.0,0.0,0.0
2022-10-04 07:00:00,2.523,1.286,3.36,0.0,0.0,0.0
2022-10-04 08:00:00,2.54,1.287,3.319,0.892289071856143,2.495327163553165,3.0396613949040345
2022-10-04 09:00:00,2.562,1.29,3.279,0.0,0.0,0.0
2022-10-04 10:00:00,2.535,1.289,3.244,0.0,0.0,0.0
2022-10-04 11:00:00,2.542,1.283,3.207,0.0,0.0,0.0
2022-10-04 12:00:00,2.519,1.286,3.181,0.0,0.0,0.0
2022-10-04 13:00:00,2.522,1.284,3.153,0.0,6.267121720106917,0.0
2022-10-04 14:00:00,2.54,1.282,3.129,0.0,0.0,0.0
2022-10-04 15:00:00,2.515,1.267,3.111,0.0,0.0,0.0
2022-10-04 16:00:00,2.499,1.286,3.088,0.0,0.0,0.0
2022-10-04 17:00:00,2.506,1.278,3.073,0.0,0.0,0.0
2022-10-04 18:00:00,2.476,1.281,3.051,0.0,0.0,0.0
2022-10-04 19:00:00,2.482,1.278,3.036,0.0,0.0,0.0
2022-10-04 20:00:00,2.42,1.276,3.026,0.0,0.0,0.0
2022-10-04 21:00:00,2.374,1.274,3.016,0.0,0.0,0.0
2022-10-04 22:00:00,2.354,1.274,3.01,0.0,0.0,0.0
2022-10-04 23:00:00,2.294,1.269,3.011,0.0,0.0,0.0
2022-10-05 00:00:00,2.324,1.274,3.003,0.0,0.0,0.0
2022-10-05 01:00:00,2.297,1.276,2.999,0.0,0.0,0.0
2022-10-05 02:00:00,2.341,1.277,2.993,0.0,0.0,0.0
2022-10-05 03:00:00,2.352,1.281,2.988,1.7165659615448225,0.358401225223224,2.686793759741913
2022-10-05 04:00:00,2.295,1.302,2.976,0.0,0.0,0.0
2022-10-05 05:00:00,2.292,1.336,2.978,0.0,0.0,0.0
2022-10-05 06:00:00,2.285,1.37,2.971,0.0,0.0,0.0
2022-10-05 07:00:00,2.304,1.371,2.969,0.0,0.0,0.0
2022-10-05 08:00:00,2.301,1.375,2.961,0.0,0.0,0.0
2022-10-05 09:00:00,2.308,1.376,2.957,0.0,0.0,0.0
2022-10-05 10:00:00,2.317,1.361,2.952,0.0,0.0,0.0
2022-10-05 11:00:00,2.298,1.372,2.94,0.0,0.0,0.0
2022-10-05 12:00:00,2.307,1.348,2.954,0.0,0.0,0.0
2022-10-05 13:00:00,2.334,1.345,2.93,10.657940268720171,0.0,0.0
2022-10-05 14:00:00,2.354,1.339,2.914,0.0,0.0,0.0
2022-10-05 15:00:00,2.372,1.325,2.925,0.0,0.0,0.0
2022-10-05 16:00:00,2.39,1.331,2.916,0.0,0.0,0.0
2022-10-05 17:00:00,2.373,1.329,2.907,0.0,0.0,0.0
2022-10-05 18:00:00,2.239,1.331,2.904,0.0,0.0,0.0
2022-10-05 19:00:00,1.848,1.339,2.895,0.0,0.0,0.0
2022-10-05 20:00:00,1.94,1.35,2.896,0.0,0.0,0.0
2022-10-05 21:00:00,2.055,1.345,2.888,0.0,0.0,0.0
2022-10-05 22:00:00,2.133,1.341,2.885,0.0,0.0,0.0
2022-10-05 23:00:00,2.194,1.334,2.875,4.585475860395643,1.4321654845614251,4.463312729013982
2022-10-06 00:00:00,2.235,1.331,2.881,0.0,0.0,1.1372770521836935
2022-10-06 01:00:00,2.242,1.325,2.874,0.0,0.0,0.0
2022-10-06 02:00:00,2.262,1.307,2.874,4.900196515259934,1.1037209675355968,0.4816255483732871
2022-10-06 03:00:00,2.289,1.291,2.871,0.0,0.0,5.25427799559939
2022-10-06 04:00:00,2.247,1.307,2.865,0.0,0.0,0.0
2022-10-06 05:00:00,2.258,1.2999999999999998,2.867,0.0,0.0,0.0
2022-10-06 06:00:00,2.239,1.33,2.863,3.189145996607898,0.0,0.0
2022-10-06 07:00:00,2.244,1.314,2.863,0.31497225731638834,0.0,0.0
2022-10-06 08:00:00,2.289,1.324,2.861,0.0,0.0,0.0
2022-10-06 09:00:00,2.29,1.322,2.865,0.0,0.0,0.0
2022-10-06 10:00:00,2.318,1.308,2.861,0.0,0.0,0.0
2022-10-06 11:00:00,2.352,1.303,2.863,0.0,0.0,0.0
2022-10-06 12:00:00,2.314,1.283,2.863,0.0,0.0,0.0
2022-10-06 13:00:00,2.341,1.287,2.852,0.0,0.0,0.0
2022-10-06 14:00:00,2.332,1.287,2.854,0.0,1.6375347508592826,0.0
2022-10-06 15:00:00,2.354,1.269,2.849,0.0,0.0,0.0
2022-10-06 16:00:00,2.332,1.261,2.85,0.0,0.0,0.0
2022-10-06 17:00:00,2.306,1.269,2.845,5.88770267542851,0.025751485349477247,8.650814533974271
2022-10-06 18:00:00,2.184,1.264,2.84,0.0,0.0,0.0
2022-10-06 19:00:00,2.163,1.268,2.836,0.0,0.0,0.0
2022-10-06 20:00:00,2.173,1.258,2.829,0.0,0.0,0.0
2022-10-06 21:00:00,2.185,1.253,2.825,0.0,0.0,0.0
2022-10-06 22:00:00,2.235,1.262,2.823,0.0,0.0,0.0
2022-10-06 23:00:00,2.247,1.26,2.824,7.826772362587662,3.0444409195039364,8.193022719027391
2022-10-07 00:00:00,2.307,1.246,2.817,0.0,0.0,0.0
2022-10-07 01:00:00,2.309,1.256,2.817,0.0,0.0,0.0
2022-10-07 02:00:00,2.315,1.251,2.815,0.0,0.0,0.0
2022-10-07 03:00:00,2.293,1.254,2.815,0.08353835413475286,0.0,0.0
2022-10-07 04:00:00,2.329,1.26,2.815,0.0,0.0,0.0
2022-10-07 05:00:00,2.346,1.246,2.813,0.0,0.0,0.0
2022-10-07 06:00:00,2.349,1.261,2.815,1.3912428923720517,6.865102598886591,6.614771847809406
2022-10-07 07:00:00,2.366,1.245,2.811,0.0,0.0,0.0
2022-10-07 08:00:00,2.372,1.26,2.812,0.0,0.0,0.0
2022-10-07 09:00:00,2.357,1.259,2.81,0.0,0.0,0.0
2022-10-07 10:00:00,2.355,1.25,2.812,0.0,0.0,0.0
2022-10-07 11:00:00,2.397,1.26,2.812,0.0,0.0,0.0
2022-10-07 12:00:00,2.382,1.261,2.822,0.0,0.0,0.0
2022-10-07 13:00:00,2.384,1.245,2.822,0.9977006897926195,2.207334895400356,10.28371441228976
2022-10-07 14:00:00,2.394,1.236,2.814,0.0,0.0,0.0
2022-10-07 15:00:00,2.376,1.243,2.806,0.0,0.0,0.0
2022-10-07 16:00:00,2.392,1.254,2.809,0.0,0.0,0.0
2022-10-07 17:00:00,2.409,1.258,2.807,0.0,0.0,0.0
2022-10-07 18:00:00,2.414,1.241,2.802,0.0,0.0,0.0
2022-10-07 19:00:00,2.392,1.246,2.795,2.1074505004769275,1.2029426658069788,4.865799522682497
2022-10-07 20:00:00,2.397,1.233,2.793,0.0,0.0,0.0
2022-10-07 21:00:00,2.401,1.244,2.796,0.0,0.0,0.0
2022-10-07 22:00:00,2.409,1.228,2.797,0.0,0.0,0.0
2022-10-07 23:00:00,2.412,1.24,2.797,0.0,0.0,0.0
2022-10-08 00:00:00,2.427,1.236,2.801,0.0,0.0,0.0
2022-10-08 01:00:00,2.41,1.216,2.805,0.0,0.0,0.0
2022-10-08 02:00:00,2.4,1.238,2.804,3.4523145317208948,0.0,0.0
2022-10-08 03:00:00,2.403,1.242,2.805,0.0,0.0,0.0
2022-10-08 04:00:00,2.367,1.234,2.816,0.0,0.0,0.0
2022-10-08 05:00:00,2.363,1.244,2.814,0.0,0.0,0.0
2022-10-08 06:00:00,2.233,1.238,2.81,25.74333098902965,0.0,0.0
2022-10-08 07:00:00,2.208,1.23,2.81,0.0,0.0,0.0
2022-10-08 08:00:00,2.245,1.23,2.807,0.0,0.0,0.0
2022-10-08 09:00:00,2.265,1.237,2.801,0.0,0.0,0.0
2022-10-08 10:00:00,2.204,1.227,2.802,0.0,0.0,0.0
2022-10-08 11:00:00,2.198,1.227,2.798,12.244908965123093,0.013601062963724559,2.4004335404747317
2022-10-08 12:00:00,2.215,1.241,2.805,0.0,0.0,0.0
2022-10-08 13:00:00,2.283,1.23,2.807,0.0,0.0,0.0
2022-10-08 14:00:00,2.312,1.333,2.795,0.0,0.0,0.0
2022-10-08 15:00:00,2.328,1.375,2.791,2.778251175696532,1.3937855975555937,2.0635360329122534
2022-10-08 16:00:00,2.332,1.378,2.781,0.0,0.0,0.0
2022-10-08 17:00:00,2.342,1.376,2.433,9.31213434684756,3.393308433983501,7.295505462807771
2022-10-08 18:00:00,2.339,1.354,2.797,0.0,0.0,0.0
2022-10-08 19:00:00,2.37,1.344,2.792,0.0,0.0,0.0
2022-10-08 20:00:00,2.357,1.338,2.346,0.0,0.0,0.0
2022-10-08 21:00:00,2.379,1.332,2.347,0.0,0.0,0.0
2022-10-08 22:00:00,2.388,1.324,2.348,0.0,0.0,0.0
2022-10-08 23:00:00,2.384,1.313,2.346,0.0,0.0,0.0
2022-10-09 00:00:00,2.394,1.313,2.346,0.0,0.0,0.0
2022-10-09 01:00:00,2.406,1.312,2.346,0.0,0.0,0.0
2022-10-09 02:00:00,2.373,1.309,2.794,0.0,0.0,0.0
2022-10-09 03:00:00,2.378,1.305,2.794,0.0,1.322270622546472,0.0
2022-10-09 04:00:00,2.384,1.304,2.793,0.0,2.7154065076654192,0.0
2022-10-09 05:00:00,2.396,1.285,2.451,0.0,0.0,0.0
2022-10-09 06:00:00,2.412,1.286,2.827,0.0,0.0,0.0
2022-10-09 07:00:00,2.421,1.292,2.83,0.0,0.0,0.0
2022-10-09 08:00:00,2.411,1.283,2.742,0.0,0.0,0.0
2022-10-09 09:00:00,2.423,1.279,2.065,1.8381431656833536,1.3701977745502583,0.15537486746842452
2022-10-09 10:00:00,2.437,1.28,1.965,0.0,0.0,0.0
2022-10-09 11:00:00,2.433,1.285,2.073,0.0,0.0,0.0
2022-10-09 12:00:00,2.4395,1.276,2.077,4.619351396126596,0.5592811727133382,2.007697029438764
2022-10-09 13:00:00,2.446,1.293,2.076,0.0,0.0,0.0
2022-10-09 14:00:00,2.444,1.272,2.075,0.0,0.0,0.0
2022-10-09 15:00:00,2.44,1.273,2.159,0.0,0.0,0.0
2022-10-09 16:00:00,2.441,1.274,2.158,0.0,0.0,0.0
2022-10-09 17:00:00,2.419,1.278,2.121,0.0,0.0,0.0
2022-10-09 18:00:00,2.44,1.26,2.121,0.0,0.0,0.0
2022-10-09 19:00:00,2.442,1.268,2.119,0.0,0.0,0.0
2022-10-09 20:00:00,2.443,1.263,2.119,0.0,0.0,0.0
2022-10-09 21:00:00,2.457,1.263,2.12,0.0,0.0,0.0
2022-10-09 22:00:00,2.443,1.266,2.12,0.0,0.0,0.0
2022-10-09 23:00:00,2.463,1.272,2.118,0.0,0.0,0.0
2022-10-10 00:00:00,2.439,1.28,2.118,0.0,0.0,0.0
2022-10-10 01:00:00,2.444,1.28,2.118,0.9774118144206412,21.542891567501663,10.998038249917162
2022-10-10 02:00:00,2.45,1.271,2.119,0.0,0.0,0.0
2022-10-10 03:00:00,2.453,1.273,2.118,0.0,0.0,0.0
2022-10-10 04:00:00,2.445,1.268,2.119,2.837085197254165,2.29026757347428,0.8553869327553737
2022-10-10 05:00:00,2.415,1.258,2.119,0.0,0.0,0.0
2022-10-10 06:00:00,2.427,1.255,2.118,2.6172046929927433,0.0,0.0
2022-10-10 07:00:00,2.429,1.268,2.119,1.0624048299558004,3.170783165732812,0.34439366160473234
2022-10-10 08:00:00,2.402,1.263,2.12,0.0,0.0,0.0
2022-10-10 09:00:00,2.393,1.251,1.996,0.0,0.0,0.0
2022-10-10 10:00:00,2.358,1.245,2.3535,0.0,0.0,0.0
2022-10-10 11:00:00,2.324,1.242,1.997,0.0,0.0,0.0
2022-10-10 12:00:00,2.214,1.258,2.003,0.32971431208271335,4.073422014468124,1.3798199486655993
2022-10-10 13:00:00,2.163,1.27,2.002,0.0,0.0,0.0
2022-10-10 14:00:00,2.212,1.279,1.015,0.0,7.424298584981698e-05,0.0
2022-10-10 15:00:00,2.242,1.282,1.014,0.0,0.0,0.0
2022-10-10 16:00:00,2.285,1.329,1.015,0.0,0.0,0.0
2022-10-10 17:00:00,2.295,1.373,1.013,0.0,4.146454510100119,0.0
2022-10-10 18:00:00,2.286,1.376,1.0123333333333333,0.0,0.0,0.0
2022-10-10 19:00:00,2.28,1.365,1.0116666666666665,0.0,0.0,0.0
2022-10-10 20:00:00,2.277,1.362,1.011,0.0,0.0,0.0
2022-10-10 21:00:00,2.306,1.364,1.011,0.0,0.0,0.0
2022-10-10 22:00:00,2.298,1.378,1.01,0.0,0.0,0.0
2022-10-10 23:00:00,2.259,1.376,1.0095,0.0,0.0,0.0
2022-10-11 00:00:00,2.315,1.374,1.009,0.0,0.0,0.0
2022-10-11 01:00:00,2.316,1.374,1.01,0.0,0.0,0.0
2022-10-11 02:00:00,2.294,1.375,1.009,0.0,0.0,0.0
2022-10-11 03:00:00,2.319,1.376,1.009,5.716250288600988,2.9359078981822417,0.36170490454983556
2022-10-11 04:00:00,2.33,1.369,1.062,0.5432049851980901,5.425683603500824,0.3053897957005244
2022-10-11 05:00:00,2.346,1.371,0.977,0.0,0.0,0.0
2022-10-11 06:00:00,2.326,1.358,0.986,0.0,0.0,0.0
2022-10-11 07:00:00,2.333,1.353,1.037,0.0,0.0,0.0
2022-10-11 08:00:00,2.326,1.358,1.044,0.0,0.0,0.0
2022-10-11 09:00:00,2.341,1.354,1.118,0.0,0.0,0.0
2022-10-11 10:00:00,2.343,1.367,1.184,0.0,0.0,0.0
2022-10-11 11:00:00,2.347,1.362,1.187,0.0,0.0,0.0
2022-10-11 12:00:00,2.36,1.333,1.19,0.0,0.0,0.0
2022-10-11 13:00:00,2.366,1.346,1.194,0.0,0.0,0.0
2022-10-11 14:00:00,2.371,1.358,1.193,0.0,0.0,0.0
2022-10-11 15:00:00,2.373,1.354,1.191,0.0,0.0,0.0
2022-10-11 16:00:00,2.382,1.352,1.698,3.7999491672571653,0.0,0.0
2022-10-11 17:00:00,2.379,1.352,1.696,0.0,0.0,0.0
2022-10-11 18:00:00,2.386,1.347,1.695,0.0,0.0,0.0
2022-10-11 19:00:00,2.367,1.345,1.693,0.0,0.0,0.0
2022-10-11 20:00:00,2.391,1.34,1.694,0.0,0.0,0.0
2022-10-11 21:00:00,2.374,1.324,1.692,0.0,0.0,0.0
2022-10-11 22:00:00,2.389,1.33,1.692,0.0,0.0,0.0
2022-10-11 23:00:00,2.364,1.321,1.692,0.0,0.0,0.0
2022-10-12 00:00:00,2.385,1.283,2.178,28.51827233518927,9.170696916795565,0.010839971775784022
2022-10-12 01:00:00,2.384,1.324,2.157,0.0,0.0,0.0
2022-10-12 02:00:00,2.365,1.329,2.138,0.0,0.0,0.0
2022-10-12 03:00:00,2.382,1.334,2.126,0.0,0.0,0.0
2022-10-12 04:00:00,2.384,1.333,2.102,0.0,0.0,0.0
2022-10-12 05:00:00,2.375,1.319,2.091,0.0,0.0,0.0
2022-10-12 06:00:00,2.382,1.343,2.078,0.0,0.5091872356456826,0.0
2022-10-12 07:00:00,2.344,1.32,2.06,0.0,0.0,0.0
2022-10-12 08:00:00,2.33,1.327,2.053,0.0,0.0,0.2569921969084219
2022-10-12 09:00:00,2.324,1.338,2.057,0.0,0.0,0.0
2022-10-12 10:00:00,2.28,1.344,2.043,0.0,0.0,0.0
2022-10-12 11:00:00,2.298,1.338,1.099,0.0,0.0,0.0
2022-10-12 12:00:00,2.273,1.324,1.316,1.3088606386892532,0.8598315984096262,3.246044802316056
2022-10-12 13:00:00,2.279,1.334,1.334,0.0,0.0,0.0
2022-10-12 14:00:00,2.261,1.338,1.335,0.0,0.0,0.0
2022-10-12 15:00:00,2.289,1.359,1.336,0.0,0.0,0.0
2022-10-12 16:00:00,2.297,1.384,1.336,0.0,0.0,0.0
2022-10-12 17:00:00,2.3075,1.391,1.336,0.0,0.0,0.0
2022-10-12 18:00:00,2.318,1.397,1.335,0.0,0.0,0.0
2022-10-12 19:00:00,2.297,1.403,1.335,0.0,0.0,0.0
2022-10-12 20:00:00,2.269,1.4,1.334,4.308084331552084,0.0,0.0
2022-10-12 21:00:00,2.292,1.394,1.333,0.0,0.0,0.0
2022-10-12 22:00:00,2.28,1.391,1.333,0.0,0.0,0.0
2022-10-12 23:00:00,2.297,1.386,1.331,0.0,0.0,0.0
2022-10-13 00:00:00,2.333,1.381,1.333,0.0,0.0,0.0
2022-10-13 01:00:00,2.334,1.38,1.333,0.0,0.0,0.0
2022-10-13 02:00:00,2.348,1.376,1.333,0.0,0.0,0.0
2022-10-13 03:00:00,2.344,1.367,1.332,0.0,0.0,0.0
2022-10-13 04:00:00,2.364,1.364,1.331,0.0,0.0,0.0
2022-10-13 05:00:00,2.346,1.36,1.333,0.5063969063925212,10.830240650641844,0.309819053937831
2022-10-13 06:00:00,2.364,1.356,1.613,0.0,0.0,0.0
2022-10-13 07:00:00,2.36,1.352,1.623,0.0,0.0,0.0
2022-10-13 08:00:00,2.363,1.339,1.543,0.0,0.0,0.0
2022-10-13 09:00:00,2.353,1.353,1.582,0.0,0.0,0.0
2022-10-13 10:00:00,2.375,1.351,1.587,0.0,0.0,0.0
2022-10-13 11:00:00,2.348,1.342,1.589,0.0,0.0,0.0
2022-10-13 12:00:00,2.363,1.351,1.591,0.0,0.11729039017653803,0.0
2022-10-13 13:00:00,2.374,1.354,1.59,0.6332014955162629,0.13089589394026477,1.1409430705852934
2022-10-13 14:00:00,2.355,1.348,1.591,0.0,0.0,0.0
2022-10-13 15:00:00,2.369,1.35,1.605,0.0,0.0,0.0
2022-10-13 16:00:00,2.377,1.351,1.604,0.0,0.0,0.0
2022-10-13 17:00:00,2.364,1.348,1.587,0.0,0.0,0.0
2022-10-13 18:00:00,2.366,1.348,1.594,0.0,0.0,0.0
2022-10-13 19:00:00,2.342,1.347,1.594,0.0,0.0,0.0
2022-10-13 20:00:00,2.354,1.348,1.595,0.0,0.0,0.0
2022-10-13 21:00:00,2.356,1.349,1.593,0.0,0.0,0.0
2022-10-13 22:00:00,2.379,1.346,1.592,0.0,0.0,0.0
2022-10-13 23:00:00,2.349,1.349,1.592,2.5547296921290794,1.664149401652819,1.310297288714997
2022-10-14 00:00:00,2.337,1.345,1.592,3.1966259324760076,5.965046318292039,0.0
2022-10-14 01:00:00,2.361,1.341,1.592,0.0,0.0,0.0
2022-10-14 02:00:00,2.361,1.34,1.591,0.0,0.0,0.0
2022-10-14 03:00:00,2.384,1.34,1.593,0.0,0.0,0.0
2022-10-14 04:00:00,2.365,1.339,1.592,0.0,0.0,0.0
2022-10-14 05:00:00,2.394,1.338,1.593,0.0,0.0,0.0
2022-10-14 06:00:00,2.363,1.337,1.593,0.0,0.0,0.0
2022-10-14 07:00:00,2.407,1.333,1.594,0.0,0.0,0.0
2022-10-14 08:00:00,2.407,1.331,1.593,0.0,0.0,0.0
2022-10-14 09:00:00,2.4,1.318,1.597,0.0,0.0,0.0
2022-10-14 10:00:00,2.37,1.335,1.596,0.0,0.0,0.0
2022-10-14 11:00:00,2.358,1.304,1.599,0.0,0.0,0.0
2022-10-14 12:00:00,2.349,1.309,1.604,0.0,0.0,0.0
2022-10-14 13:00:00,2.352,1.304,1.606,0.330852067159318,0.6526465186657656,0.3097565957834625
2022-10-14 14:00:00,2.373,1.306,1.602,0.0,0.0,0.0
2022-10-14 15:00:00,2.411,1.307,1.602,0.0,0.0,0.0
2022-10-14 16:00:00,2.425,1.303,1.599,0.0,0.0,1.6696348058732033
2022-10-14 17:00:00,2.403,1.311,1.597,0.0,0.0,0.0
2022-10-14 18:00:00,2.409,1.312,1.597,0.0,0.0,0.0
2022-10-14 19:00:00,2.422,1.312,1.597,0.0,0.0,0.0
2022-10-14 20:00:00,2.413,1.316,1.596,1.3754265528247778,2.282889692435126,1.5566552205837592
2022-10-14 21:00:00,2.419,1.319,1.595,0.0,0.0,0.0
2022-10-14 22:00:00,2.397,1.318,1.594,0.0,0.0,0.0
2022-10-14 23:00:00,2.393,1.32,1.594,0.0,0.0,0.0
2022-10-15 00:00:00,2.377,1.318,1.594,0.0,0.0,0.0
2022-10-15 01:00:00,2.395,1.315,1.592,2.4858391032071054,3.875870581526775,10.523520825174382
2022-10-15 02:00:00,2.397,1.312,1.592,0.44072022588501286,5.938487467376887,1.2301534925855546
2022-10-15 03:00:00,2.407,1.313,1.593,0.0,0.0,0.0
2022-10-15 04:00:00,2.389,1.307,1.591,0.0,0.0,0.0
2022-10-15 05:00:00,2.425,1.309,2.018,0.8016404248334718,0.0,0.0
2022-10-15 06:00:00,2.43,1.308,2.02,0.0,0.0,0.0
2022-10-15 07:00:00,2.437,1.305,2.018,0.0,0.0,0.0
2022-10-15 08:00:00,2.42,1.303,2.018,0.0,0.0,0.0
2022-10-15 09:00:00,2.442,1.307,2.021,0.0,0.0,0.0
2022-10-15 10:00:00,2.444,1.306,2.021,0.0,0.0,0.0
2022-10-15 11:00:00,2.436,1.304,2.024,0.0,0.0,12.989747058441434
2022-10-15 12:00:00,2.432,1.304,2.028,0.0,1.3179289987351865,0.0
2022-10-15 13:00:00,2.452,1.305,2.03,5.092742127520235,0.0,0.0
2022-10-15 14:00:00,2.455,1.3,2.028,0.22006223982405929,2.6087635819202113,0.0
2022-10-15 15:00:00,2.465,1.299,2.026,0.0,0.0,0.0
2022-10-15 16:00:00,2.46,1.297,2.025,0.0,0.0,0.0
2022-10-15 17:00:00,2.449,1.293,2.024,5.735586265504738,0.7422628910645767,0.18447359917306283
2022-10-15 18:00:00,2.441,1.288,2.02,0.0,0.0,0.0
2022-10-15 19:00:00,2.472,1.284,2.02,0.0,0.0,0.0
2022-10-15 20:00:00,2.439,1.28,2.019,1.1638007250387234,0.0,0.0
2022-10-15 21:00:00,2.454,1.281,2.02,0.0,0.0,0.0
2022-10-15 22:00:00,2.456,1.277,2.019,0.0,0.0,0.0
2022-10-15 23:00:00,2.449,1.267,2.018,0.0,0.0,0.0
2022-10-16 00:00:00,2.468,1.275,2.019,0.0,0.0,3.675060741161672
2022-10-16 01:00:00,2.474,1.273,2.019,0.0,0.0,0.0
2022-10-16 02:00:00,2.477,1.273,2.019,0.0,0.0,0.0
2022-10-16 03:00:00,2.472,1.273,2.017,0.0,0.0,0.0
2022-10-16 04:00:00,2.452,1.272,2.018,13.534960078477102,8.821156851105018,0.6349065778094428
2022-10-16 05:00:00,2.453,1.271,2.015,0.0,0.0,0.0
2022-10-16 06:00:00,2.479,1.268,2.017,0.8024312911399665,0.0,0.0
2022-10-16 07:00:00,2.483,1.263,2.018,0.0,0.0,0.0
2022-10-16 08:00:00,2.479,1.267,2.019,0.0,0.0,0.0
2022-10-16 09:00:00,2.49,1.268,2.019,0.0,0.0,0.28732865902930277
2022-10-16 10:00:00,2.51,1.272,2.021,0.0,0.0,0.0
2022-10-16 11:00:00,2.506,1.267,2.023,0.0,0.0,0.0
2022-10-16 12:00:00,2.503,1.259,2.028,0.0,0.0,0.0
2022-10-16 13:00:00,2.498,1.266,2.028,0.0,0.0,0.0
2022-10-16 14:00:00,2.519,1.264,2.028,0.0,0.0,0.0
2022-10-16 15:00:00,2.501,1.266,2.026,0.0,0.0,0.0
2022-10-16 16:00:00,2.496,1.259,2.026,0.0,0.0,0.0
2022-10-16 17:00:00,2.487,1.26,2.024,0.0,0.0,0.0
2022-10-16 18:00:00,2.505,1.256,2.021,0.0,0.0,0.0
2022-10-16 19:00:00,2.495,1.252,2.022,0.0,0.0,0.0
2022-10-16 20:00:00,2.486,1.25,2.019,0.0,0.0,0.0
2022-10-16 21:00:00,2.499,1.249,2.021,0.0,0.0,0.0
2022-10-16 22:00:00,2.486,1.248,2.02,0.0,0.0,0.0
2022-10-16 23:00:00,2.490666666666667,1.242,2.02,0.0,0.0,0.0
2022-10-17 00:00:00,2.4953333333333334,1.243,2.02,0.0,0.0,0.0
2022-10-17 01:00:00,2.5,1.241,2.019,0.0,0.0,0.0
2022-10-17 02:00:00,2.486,1.24,2.019,0.8350455648029463,5.66120769218132,1.2951134178873303
2022-10-17 03:00:00,2.487,1.24,2.019,0.0,0.0,0.0
2022-10-17 04:00:00,2.492,1.237,2.02,0.0,0.0,0.0
2022-10-17 05:00:00,2.491,1.234,2.019,0.0,0.0,0.0
2022-10-17 06:00:00,2.497,1.24,2.018,0.0,0.0,0.0
2022-10-17 07:00:00,2.495,1.238,2.018,0.0,0.0,0.0
2022-10-17 08:00:00,2.506,1.235,2.021,0.0,0.0,0.0
2022-10-17 09:00:00,2.531,1.238,2.022,0.0,0.0,0.0
2022-10-17 10:00:00,2.526,1.229,2.025,0.0,0.0,0.0
2022-10-17 11:00:00,2.527,1.234,2.027,0.0,0.0,0.0
2022-10-17 12:00:00,2.526,1.239,2.027,0.0,0.0,1.3318599146293342
2022-10-17 13:00:00,2.542,1.244,2.029,0.0,2.6109102548623,0.0
2022-10-17 14:00:00,2.535,1.236,2.027,0.0,0.0,0.0
2022-10-17 15:00:00,2.538,1.242,2.028,0.0,0.0,0.0
2022-10-17 16:00:00,2.523,1.227,2.026,0.0,0.0,0.0
2022-10-17 17:00:00,2.535,1.237,2.023,0.0,0.0,0.0
2022-10-17 18:00:00,2.543,1.235,2.021,0.0,0.0,0.0
2022-10-17 19:00:00,2.516,1.231,2.023,0.0,0.0,0.0
2022-10-17 20:00:00,2.533,1.226,2.02,0.0,0.0,0.0
2022-10-17 21:00:00,2.529,1.227,2.021,0.0,0.0,0.0
2022-10-17 22:00:00,2.529,1.223,2.021,1.5179730824358284,6.493459859346682,1.308014175114886
2022-10-17 23:00:00,2.514,1.221,2.02,0.0,0.0,0.0
2022-10-18 00:00:00,2.533,1.206,2.018,0.0,0.0,0.0
2022-10-18 01:00:00,2.52,1.207,2.019,0.0,0.0,0.0
2022-10-18 02:00:00,2.538,1.217,2.02,0.0,0.0,0.0
2022-10-18 03:00:00,2.541,1.217,2.019,0.0,0.0,0.0
2022-10-18 04:00:00,2.533,1.222,2.02,0.0,0.0,0.0
2022-10-18 05:00:00,2.54,1.223,2.018,0.0,0.0,3.692489530842575
2022-10-18 06:00:00,2.535,1.22,2.019,0.0,0.0,0.0
2022-10-18 07:00:00,2.567,1.212,2.02,4.886973875091438,1.1470588134866126,2.986253315587509
2022-10-18 08:00:00,2.544,1.222,2.021,0.0,0.0,0.0
2022-10-18 09:00:00,2.566,1.228,2.022,0.0,0.0,0.0
2022-10-18 10:00:00,2.572,1.231,2.023,0.0,0.0,0.0
2022-10-18 11:00:00,2.578,1.226,2.024,0.0,0.0,0.0
2022-10-18 12:00:00,2.577,1.227,2.029,0.0,0.0,0.0
2022-10-18 13:00:00,2.578,1.225,2.029,0.0,0.0,0.0
2022-10-18 14:00:00,2.561,1.224,2.028,0.0,0.0,0.0
2022-10-18 15:00:00,2.573,1.231,2.027,0.0,4.142233200016063,0.0
2022-10-18 16:00:00,2.551,1.227,2.026,2.1743086088969785,0.48857404302513757,1.600574878350594
2022-10-18 17:00:00,2.554,1.214,2.024,0.0,0.0,0.0
2022-10-18 18:00:00,2.551,1.225,2.023,0.0,0.0,0.0
2022-10-18 19:00:00,2.545,1.222,2.021,0.0,0.0,0.0
2022-10-18 20:00:00,2.536,1.223,2.019,0.0,0.0,0.0
2022-10-18 21:00:00,2.526,1.215,2.019,0.0,0.0,0.0
2022-10-18 22:00:00,2.537,1.221,2.019,2.340851667232611,3.7480171623385816,1.1503221573739413
2022-10-18 23:00:00,2.538,1.213,2.018,1.4939044997951085,0.3493895208007203,2.5954980084597516
2022-10-19 00:00:00,2.548,1.216,2.016,0.0,0.0,0.0
2022-10-19 01:00:00,2.547,1.211,2.017,0.0,0.0,0.0
2022-10-19 02:00:00,2.538,1.214,2.017,0.0,0.0,0.0
2022-10-19 03:00:00,2.553,1.212,2.015,0.0,0.0,0.0
2022-10-19 04:00:00,2.542,1.214,2.015,0.9227988946704438,0.0,0.0
2022-10-19 05:00:00,2.534,1.211,2.016,0.0,0.0,0.0
2022-10-19 06:00:00,2.523,1.217,2.016,0.0,0.0,0.0
2022-10-19 07:00:00,2.534,1.213,2.017,0.0,0.0,0.0
2022-10-19 08:00:00,2.533,1.215,2.018,0.0,0.0,0.0
2022-10-19 09:00:00,2.553,1.22,2.018,0.0,0.0,0.0
2022-10-19 10:00:00,2.547,1.222,2.021,0.9627689575743295,3.997929426518993,2.7786199178494426
2022-10-19 11:00:00,2.54,1.225,2.022,0.0,0.0,0.0
2022-10-19 12:00:00,2.549,1.216,2.029,0.0,0.0,0.0
2022-10-19 13:00:00,2.568,1.221,2.028,3.8265350852289433,9.118624523977768,6.351336837386304
2022-10-19 14:00:00,2.562,1.218,2.027,0.0,0.0,0.0
2022-10-19 15:00:00,2.569,1.223,2.026,0.0,0.0,0.0
2022-10-19 16:00:00,2.558,1.224,2.026,3.2357137139074066,3.8123267071738676,2.289352885895191
2022-10-19 17:00:00,2.547,1.218,2.023,0.0,0.0,0.0
2022-10-19 18:00:00,2.552,1.217,2.021,0.13035717826166507,2.9521567084075695,0.9028916103798731
2022-10-19 19:00:00,2.564,1.216,2.02,0.0,0.0,0.0
2022-10-19 20:00:00,2.564,1.214,2.02,0.0,0.0,0.0
2022-10-19 21:00:00,2.565,1.208,2.018,0.3789448867781529,1.0816356725551068,2.74816013036516
2022-10-19 22:00:00,2.562,1.197,2.02,1.6381000926762046,0.0,0.0
2022-10-19 23:00:00,2.562,1.203,2.019,0.0,0.0,0.0
2022-10-20 00:00:00,2.562,1.202,2.018,0.3730452380862131,26.189443031430955,0.5623816385346223
2022-10-20 01:00:00,2.562,1.203,2.017,0.0,0.0,0.0
2022-10-20 02:00:00,2.554,1.2,2.018,0.0,0.0,0.0
2022-10-20 03:00:00,2.548,1.202,2.016,0.0,0.0,0.0
2022-10-20 04:00:00,2.551,1.2,2.017,0.0,0.0,0.5531267963826751
2022-10-20 05:00:00,2.557,1.21,2.017,0.0,0.0,0.0
2022-10-20 06:00:00,2.555,1.209,2.016,0.0,0.0,0.0
2022-10-20 07:00:00,2.564,1.21,2.018,0.0,0.0,0.0
2022-10-20 08:00:00,2.573,1.213,2.019,0.0,0.0,0.0
2022-10-20 09:00:00,2.568,1.212,2.02,0.0,0.0,2.973293491646626
2022-10-20 10:00:00,2.599,1.217,2.021,0.0,0.0,3.3143180648500277
2022-10-20 11:00:00,2.589,1.197,2.023,1.8667411384726524,0.021192009412635653,7.173092889615248
2022-10-20 12:00:00,2.591,1.212,2.026,0.0,0.0,0.0
2022-10-20 13:00:00,2.584,1.209,2.028,0.0,0.0,0.0
2022-10-20 14:00:00,2.592,1.207,2.028,5.792067945023663,0.6340198748954915,2.1827856148059914
2022-10-20 15:00:00,2.588,1.209,2.026,0.0,0.0,0.0
2022-10-20 16:00:00,2.581,1.21,2.023,0.0,0.0,0.0
2022-10-20 17:00:00,2.576,1.204,2.022,0.0,0.41837845189443323,0.0
2022-10-20 18:00:00,2.582,1.206,2.021,0.0,0.0,0.0
2022-10-20 19:00:00,2.578,1.205,2.018,0.0,0.0,0.0
2022-10-20 20:00:00,2.571,1.201,2.019,0.0,0.0,0.0
2022-10-20 21:00:00,2.584,1.204,2.018,0.0,0.0,0.0
2022-10-20 22:00:00,2.586,1.196,2.017,0.0,0.0,0.0
2022-10-20 23:00:00,2.576,1.196,2.019,0.0,0.0,0.0
2022-10-21 00:00:00,2.587,1.194,2.017,0.0,2.568047249797816,0.7564987080022689
2022-10-21 01:00:00,2.572,1.191,2.018,0.0,0.0,0.0
2022-10-21 02:00:00,2.575,1.201,2.018,0.0,0.0,0.0
2022-10-21 03:00:00,2.574,1.204,2.016,0.0,0.0,0.0
2022-10-21 04:00:00,2.586,1.209,2.016,0.0,0.0,0.0
2022-10-21 05:00:00,2.599,1.211,2.016,0.0,0.0,0.0
2022-10-21 06:00:00,2.588,1.211,2.015,1.6053068687933012,4.873868775913229,0.004159590083282002
2022-10-21 07:00:00,2.619,1.212,2.017,0.0,0.0,0.0
2022-10-21 08:00:00,2.632,1.22,2.017,0.0,0.0,0.0
2022-10-21 09:00:00,2.625,1.206,2.018,0.0,0.887600986288969,0.0
2022-10-21 10:00:00,2.623,1.227,2.02,0.0,0.0,0.0
2022-10-21 11:00:00,2.625,1.22,2.02,0.0,0.0,0.0
2022-10-21 12:00:00,2.641,1.214,2.028,0.0,0.0,0.0
2022-10-21 13:00:00,2.627,1.226,2.029,0.0,0.0,0.0
2022-10-21 14:00:00,2.64,1.223,2.028,0.0,0.0,0.0
2022-10-21 15:00:00,2.598,1.23,2.026,0.0,0.0,0.0
2022-10-21 16:00:00,2.614,1.231,2.023,0.0,0.0,0.4857955132977572
2022-10-21 17:00:00,2.618,1.214,2.023,2.025383119405785,0.03741559713580782,7.4984470377798615
2022-10-21 18:00:00,2.618,1.215,2.02,0.0,0.0,0.0
2022-10-21 19:00:00,2.618,1.209,2.021,0.0,0.0,0.0
2022-10-21 20:00:00,2.606,1.202,2.021,0.0,0.0,0.0
2022-10-21 21:00:00,2.613,1.213,2.018,2.6738387382707303,2.6182020300187663,3.964731261746616
2022-10-21 22:00:00,2.627,1.21,2.018,0.0,0.0,1.6001083409536514
2022-10-21 23:00:00,2.618,1.193,2.017,0.0,0.0,0.0
2022-10-22 00:00:00,2.62,1.201,2.018,0.0,0.0,0.0
2022-10-22 01:00:00,2.602,1.198,2.018,0.0,0.0,0.0
2022-10-22 02:00:00,2.623,1.204,2.017,0.0,0.0,0.0
2022-10-22 03:00:00,2.61,1.202,2.016,0.0,0.0,0.0
2022-10-22 04:00:00,2.619,1.196,2.015,0.0,0.0,0.41285380627963175
2022-10-22 05:00:00,2.613,1.205,2.016,0.0,0.0,0.0
2022-10-22 06:00:00,2.623,1.208,2.014,2.990431103487631,8.082706387354198,0.30976516148628797
2022-10-22 07:00:00,2.635,1.207,2.015,0.0,0.0,0.0
2022-10-22 08:00:00,2.613,1.208,2.017,0.0,0.0,0.0
2022-10-22 09:00:00,2.612,1.214,2.018,0.0,0.0,0.0
2022-10-22 10:00:00,2.623,1.21,2.02,0.0,0.0,0.0
2022-10-22 11:00:00,2.647,1.213,2.021,1.5294609467858395,1.994846814351571,0.4653307457789946
2022-10-22 12:00:00,2.656,1.217,2.028,0.0,0.0,0.0
2022-10-22 13:00:00,2.659,1.212,2.03,0.0,0.0,0.0
2022-10-22 14:00:00,2.651,1.208,2.026,0.0,0.0,0.0
2022-10-22 15:00:00,2.633,1.222,2.025,0.0,0.0,0.0
2022-10-22 16:00:00,2.658,1.206,2.025,0.0,0.0,0.0
2022-10-22 17:00:00,2.646,1.199,2.022,2.2961632914600223,1.9304941091570158,12.152778348111816
2022-10-22 18:00:00,2.649,1.209,2.02,0.0,0.0,0.0
2022-10-22 19:00:00,2.634,1.21,2.018,0.0,0.0,0.0
2022-10-22 20:00:00,2.645,1.207,2.021,0.0,0.0,0.0
2022-10-22 21:00:00,2.655,1.207,2.018,0.0,0.0,0.0
2022-10-22 22:00:00,2.642,1.203,2.019,0.0,0.0,0.0
2022-10-22 23:00:00,2.654,1.204,2.018,0.0,0.0,0.0
2022-10-23 00:00:00,2.627,1.203,2.017,0.0,0.0,0.0
2022-10-23 01:00:00,2.629,1.201,2.016,0.8573084369808041,0.0,0.0
2022-10-23 02:00:00,2.633,1.199,2.017,0.0,0.0,0.0
2022-10-23 03:00:00,2.629,1.2,2.015,0.0,0.0,0.0
2022-10-23 04:00:00,2.629,1.199,2.016,0.0,0.0,0.0
2022-10-23 05:00:00,2.627,1.205,2.016,0.0,0.0,0.0
2022-10-23 06:00:00,2.63,1.2,2.014,0.0,1.8902516281671502,0.0
2022-10-23 07:00:00,2.659,1.204,2.016,0.0,0.0,0.0
2022-10-23 08:00:00,2.653,1.206,2.017,0.0,0.0,0.0
2022-10-23 09:00:00,2.671,1.205,2.019,0.0,0.0,0.0
2022-10-23 10:00:00,2.664,1.208,2.022,0.0,0.0,0.0
2022-10-23 11:00:00,2.66,1.209,2.024,0.0,0.0,0.0
2022-10-23 12:00:00,2.655,1.207,2.024,0.0,7.820966145575724,0.0
2022-10-23 13:00:00,2.663,1.205,2.024,0.0,0.0,0.0
2022-10-23 14:00:00,2.677,1.207,2.025,0.0,0.0,0.0
2022-10-23 15:00:00,2.658,1.209,2.024,0.0,0.0,0.0
2022-10-23 16:00:00,2.663,1.21,2.022,0.0,0.0,0.0
2022-10-23 17:00:00,2.652,1.21,2.021,0.0,0.0,0.0
2022-10-23 18:00:00,2.666,1.207,2.021,0.0,0.0,0.0
2022-10-23 19:00:00,2.642,1.215,2.02,0.0,1.9863932302279457,0.0
2022-10-23 20:00:00,2.668,1.212,2.02,0.0,4.963142580979217,0.0
2022-10-23 21:00:00,2.665,1.21,2.019,0.0,0.0,0.0
2022-10-23 22:00:00,2.678,1.21,2.018,0.0,0.0,0.0
2022-10-23 23:00:00,2.658,1.208,2.018,0.0,0.0,0.0
2022-10-24 00:00:00,2.684,1.214,2.018,0.0,0.0,36.22685197354019
2022-10-24 01:00:00,2.669,1.21,2.017,0.015506848759745846,12.434672233964596,7.084286072422587
2022-10-24 02:00:00,2.676,1.21,2.017,1.85608075536256,0.884089294246829,3.147230370194452
2022-10-24 03:00:00,2.675,1.215,2.018,0.0,0.0,0.0
2022-10-24 04:00:00,2.682,1.211,2.017,0.0,0.0,0.0
2022-10-24 05:00:00,2.679,1.215,2.018,0.44140989165363514,0.9823677003093627,1.932308542203938
2022-10-24 06:00:00,2.699,1.213,2.018,0.0,0.0,0.0
2022-10-24 07:00:00,2.688,1.214,2.017,0.0,0.0,0.0
2022-10-24 08:00:00,2.671,1.215,2.018,0.0,0.0,0.0
2022-10-24 09:00:00,2.679,1.217,2.019,0.0,0.0,0.0
2022-10-24 10:00:00,2.678,1.218,2.02,0.0,0.0,0.0
2022-10-24 11:00:00,2.666,1.217,2.019,0.0,0.0,0.0
2022-10-24 12:00:00,2.672,1.216,2.019,0.0,0.0,0.0
2022-10-24 13:00:00,2.685,1.209,2.019,0.0,0.0,0.0
2022-10-24 14:00:00,2.659,1.218,2.017,0.0,0.0,0.0
2022-10-24 15:00:00,2.674,1.214,2.016,0.35359008320239327,0.005257057691365078,5.118545490624946
2022-10-24 16:00:00,2.66,1.218,2.015,0.0,0.0,0.0
2022-10-24 17:00:00,2.666,1.216,2.014,0.0,0.0,0.0
2022-10-24 18:00:00,2.666,1.216,0.762,0.0,0.0,0.48005388799076176
2022-10-24 19:00:00,2.662,1.212,0.825,0.0,0.0,0.0
2022-10-24 20:00:00,2.659,1.215,0.846,0.0,0.0,0.0
2022-10-24 21:00:00,2.656,1.216,0.866,0.0,0.0,0.0
2022-10-24 22:00:00,2.658,1.218,0.919,0.0,0.0,0.0
2022-10-24 23:00:00,2.63,1.214,1.016,0.0,0.0,0.0
2022-10-25 00:00:00,2.633,1.228,1.222,0.0,0.9503145877686284,0.0
2022-10-25 01:00:00,2.62,1.226,1.289,0.0,0.0,0.0
2022-10-25 02:00:00,2.607,1.237,1.442,0.0,0.0,0.0
2022-10-25 03:00:00,2.571,1.237,1.62,0.0,0.0,0.0
2022-10-25 04:00:00,2.562,1.245,1.811,0.0,0.0,0.0
2022-10-25 05:00:00,2.537,1.263,1.961,0.0,0.0,0.0
2022-10-25 06:00:00,2.507,1.295,1.959,0.0,0.0,0.0
2022-10-25 07:00:00,2.428,1.339,1.96,0.0,0.0,0.0
2022-10-25 08:00:00,2.379,1.349,1.962,0.0,0.0,0.0
2022-10-25 09:00:00,2.265,1.36,1.961,1.3982201833411787,2.038774941825488,7.5646161016641225
2022-10-25 10:00:00,2.117,1.372,1.962,0.0,0.0,0.0
2022-10-25 11:00:00,1.215,1.385,1.964,0.0,7.031965912493073,0.0
2022-10-25 12:00:00,0.938,1.395,1.964,0.0,0.0,0.0
2022-10-25 13:00:00,0.877,1.411,1.964,0.0,0.0,0.0
2022-10-25 14:00:00,0.69,1.468,1.963,0.0,0.0,0.0
2022-10-25 15:00:00,0.616,1.503,1.964,0.0,0.0,0.0
2022-10-25 16:00:00,0.421,1.537,1.963,0.0,0.0,0.0
2022-10-25 17:00:00,0.272,1.539,1.962,0.0,0.0,0.0
2022-10-25 18:00:00,0.533,1.528,1.962,0.0,0.0,0.0
2022-10-25 19:00:00,0.383,1.532,1.962,0.0,0.0,0.0
2022-10-25 20:00:00,0.499,1.571,1.962,0.0,0.0,0.0
2022-10-25 21:00:00,0.5,1.586,1.962,0.0,0.0,0.0
2022-10-25 22:00:00,0.56,1.601,1.961,0.0,0.0,0.0
2022-10-25 23:00:00,0.488,1.607,1.962,0.0,0.0,0.0
2022-10-26 00:00:00,0.62,1.572,1.962,0.0,0.0,0.0
2022-10-26 01:00:00,0.607,1.572,1.962,0.0,0.0,0.6939939750323517
2022-10-26 02:00:00,0.66,1.567,1.961,0.0,0.0,0.0
2022-10-26 03:00:00,0.785,1.553,1.962,6.4414639163215925,0.0,0.0
2022-10-26 04:00:00,0.876,1.547,1.96,0.0,0.0,0.10699777878693503
2022-10-26 05:00:00,1.021,1.539,2.016,0.0,0.0,0.0
2022-10-26 06:00:00,1.098,1.52,2.016,0.0,0.0,0.0
2022-10-26 07:00:00,1.1600000000000001,1.496,2.016,0.23198838900927804,3.5177720420250322,0.5097372497709232
2022-10-26 08:00:00,1.222,1.486,2.018,0.0,0.0,0.0
2022-10-26 09:00:00,1.238,1.47,2.018,0.0,0.0,0.0
2022-10-26 10:00:00,1.248,1.46,2.02,0.0,0.0,0.0
2022-10-26 11:00:00,1.335,1.454,2.023,0.0,0.0,0.0
2022-10-26 12:00:00,1.341,1.445,2.024,0.0,0.0,0.0
2022-10-26 13:00:00,1.417,1.44,2.027,0.0,0.0,0.0
2022-10-26 14:00:00,1.414,1.43,2.027,0.0,0.0,0.0
2022-10-26 15:00:00,1.439,1.429,2.023,0.0,0.0,0.0
2022-10-26 16:00:00,1.468,1.425,2.023,0.0,0.0,0.0
2022-10-26 17:00:00,1.462,1.429,2.02,0.0,0.0,0.0
2022-10-26 18:00:00,1.473,1.426,2.019,0.0,4.429600280613806,0.0
2022-10-26 19:00:00,1.477,1.426,2.019,0.0,0.0,0.0
2022-10-26 20:00:00,1.5,1.417,2.017,0.0,0.0,2.221840624931488
2022-10-26 21:00:00,1.556,1.424,2.018,0.0,0.0,0.0
2022-10-26 22:00:00,1.555,1.416,2.018,0.08594467302123288,1.5919767826212163,0.6646461735232561
2022-10-26 23:00:00,1.566,1.414,2.015,0.0,0.0,0.0
2022-10-27 00:00:00,1.607,1.401,2.303,0.7042473399317755,5.126582659175821,7.439066216881111
2022-10-27 01:00:00,1.599,1.407,2.298,4.647912185288407,4.135441406565567,0.597848925710061
2022-10-27 02:00:00,1.636,1.402,2.297,0.0,1.134368019623957,0.0
2022-10-27 03:00:00,1.66,1.401,2.299,0.0,0.8501790880198137,0.0
2022-10-27 04:00:00,1.721,1.4,2.299,0.0,0.0,0.0
2022-10-27 05:00:00,1.725,1.406,2.297,0.0,0.0,0.0
2022-10-27 06:00:00,1.754,1.399,2.297,0.0,0.0,0.0
2022-10-27 07:00:00,1.771,1.404,2.297,0.0,0.0,0.0
2022-10-27 08:00:00,1.788,1.396,2.299,0.0,0.0,0.0
2022-10-27 09:00:00,1.817,1.393,2.301,0.0,0.0,0.0
2022-10-27 10:00:00,1.822,1.397,2.302,0.0,0.0,0.0
2022-10-27 11:00:00,1.84,1.395,2.306,0.0,0.0,0.0
2022-10-27 12:00:00,1.87,1.391,2.309,0.0,0.0,0.0
2022-10-27 13:00:00,1.911,1.388,2.31,0.0,0.0,0.0
2022-10-27 14:00:00,1.93,1.383,2.308,0.0,0.0,0.0
2022-10-27 15:00:00,1.944,1.374,2.308,6.249557720749678,5.8939522816363485,1.3519921507172936
2022-10-27 16:00:00,1.956,1.36,2.306,1.2527124662557378,0.4538915518349272,2.0200871883074014
2022-10-27 17:00:00,1.958,1.352,2.303,0.0,0.0,0.0
2022-10-27 18:00:00,1.973,1.332,2.303,0.0,0.0,0.0
2022-10-27 19:00:00,1.971,1.338,2.303,0.9909041307474069,1.9619964203118698,1.122308133348176
2022-10-27 20:00:00,1.994,1.329,2.3,8.11962312364826,3.2255035539990278,0.12373886642162675
2022-10-27 21:00:00,2.0,1.336,2.3,0.0,0.0,0.0
2022-10-27 22:00:00,1.995,1.331,2.301,0.0,0.0,0.0
2022-10-27 23:00:00,2.032,1.328,2.3,0.0,0.0,0.0
2022-10-28 00:00:00,2.009,1.316,2.299,0.0,0.0,0.0
2022-10-28 01:00:00,2.099,1.336,2.298,0.0,0.0,0.0
2022-10-28 02:00:00,2.069,1.341,2.299,4.903424556658202,4.794258706855088,1.296631407630431
2022-10-28 03:00:00,2.075,1.33,2.298,0.0,0.0,0.0
2022-10-28 04:00:00,2.087,1.324,2.299,0.0,0.0,0.0
2022-10-28 05:00:00,2.064,1.337,2.3,0.0,0.0,0.0
2022-10-28 06:00:00,2.07,1.324,2.3,0.0,4.459434241559654,0.0
2022-10-28 07:00:00,2.028,1.3,2.299,0.0,0.0,0.0
2022-10-28 08:00:00,2.034,1.344,2.301,1.9569452656609856,8.298913893111067,3.8995119051964626
2022-10-28 09:00:00,2.09,1.345,2.301,0.0,0.0,0.0
2022-10-28 10:00:00,2.032,1.356,2.3,0.0,0.0,0.0
2022-10-28 11:00:00,2.074,1.337,2.302,7.993407541998512,0.0,0.0
2022-10-28 12:00:00,2.059,1.354,2.307,0.0,0.0,0.0
2022-10-28 13:00:00,2.019,1.318,2.31,0.0,0.0,0.0
2022-10-28 14:00:00,2.022,1.311,2.309,0.0,0.0,0.0
2022-10-28 15:00:00,2.08,1.314,2.308,6.436954956947015,0.0,0.0
2022-10-28 16:00:00,2.024,1.309,2.307,0.0,0.0,0.0
2022-10-28 17:00:00,2.041,1.299,2.304,0.0,0.0,0.0
2022-10-28 18:00:00,2.02,1.299,2.304,0.0,0.0,0.0
2022-10-28 19:00:00,2.052,1.297,2.301,0.0,0.0,0.0
2022-10-28 20:00:00,2.043,1.3,2.302,0.0,0.0,0.0
2022-10-28 21:00:00,2.069,1.294,2.302,0.0,0.0,0.0
2022-10-28 22:00:00,2.013,1.295,2.301,0.0,0.0,0.0
2022-10-28 23:00:00,2.052,1.295,2.301,0.0,0.0,0.0
2022-10-29 00:00:00,2.004,1.298,2.301,0.0,0.0,0.0
2022-10-29 01:00:00,2.011,1.297,2.3,0.5452356989035281,0.0,0.0
2022-10-29 02:00:00,2.022,1.296,2.3,0.0,0.0,1.06428846393507
2022-10-29 03:00:00,2.072,1.299,2.3,0.0,0.0,0.0
2022-10-29 04:00:00,2.024,1.293,2.298,18.54607863916179,0.7773204409552479,0.9463246592343714
2022-10-29 05:00:00,2.005,1.293,2.298,0.0,0.0,0.0
2022-10-29 06:00:00,2.046,1.3,2.299,0.03837219323933591,3.3650935686129806,2.977199981561821
2022-10-29 07:00:00,2.011,1.295,2.3,0.0,0.0,0.0
2022-10-29 08:00:00,2.011,1.296,2.3,0.0,0.0,0.0
2022-10-29 09:00:00,2.076,1.302,2.3,0.0,0.0,0.0
2022-10-29 10:00:00,2.059,1.309,2.301,0.0,0.0,0.0
2022-10-29 11:00:00,2.061,1.309,2.302,0.0,0.0,0.0
2022-10-29 12:00:00,2.054,1.308,2.307,0.0,0.0,0.0
2022-10-29 13:00:00,2.099,1.307,2.312,0.0,0.0,0.0
2022-10-29 14:00:00,2.061,1.305,2.311,0.20634913531810598,0.0,0.0
2022-10-29 15:00:00,2.064,1.307,2.308,1.3261032680006068,0.0,0.0
2022-10-29 16:00:00,2.051,1.304,2.307,0.0,0.0,0.0
2022-10-29 17:00:00,2.048,1.305,2.306,0.0,0.0,0.0
2022-10-29 18:00:00,2.058,1.299,2.304,0.0,0.0,0.0
2022-10-29 19:00:00,2.059,1.3,2.304,4.941935644389875,4.679026083563238,0.7190128560744877
2022-10-29 20:00:00,2.042,1.301,2.303,0.0,0.0,0.0
2022-10-29 21:00:00,2.07,1.298,2.302,0.0,0.0,0.0
2022-10-29 22:00:00,2.028,1.301,2.302,0.0,0.0,0.0
2022-10-29 23:00:00,2.032,1.298,2.302,0.0,0.0,0.0
2022-10-30 00:00:00,2.031,1.299,2.3,0.0,0.0,0.0
2022-10-30 01:00:00,2.069,1.299,2.301,0.0,0.0,0.0
2022-10-30 02:00:00,2.044,1.301,2.3,0.0,0.0,0.0
2022-10-30 03:00:00,2.09,1.302,2.301,0.0,0.0,0.0
2022-10-30 04:00:00,2.037,1.304,2.3,0.0,0.0,0.0
2022-10-30 05:00:00,2.041,1.302,2.298,0.0,0.0,0.0
2022-10-30 06:00:00,2.063,1.301,2.3,0.0,0.0,0.0
2022-10-30 07:00:00,2.074,1.297,2.299,0.0,0.0,0.0
2022-10-30 08:00:00,2.067,1.306,2.299,0.0,1.6772209771385564,0.0
2022-10-30 09:00:00,2.098,1.311,2.3,0.0,0.0,0.0
2022-10-30 10:00:00,2.074,1.313,2.303,0.0,0.0,0.0
2022-10-30 11:00:00,2.077,1.313,2.303,0.0,0.0,1.5452415464331737
2022-10-30 12:00:00,2.101,1.313,2.309,0.0,0.0,0.0
2022-10-30 13:00:00,2.106,1.312,2.313,0.0,0.0,0.0
2022-10-30 14:00:00,2.078,1.313,2.312,0.0,0.0,0.0
2022-10-30 15:00:00,2.056,1.312,2.309,0.0,0.0,0.0
2022-10-30 16:00:00,2.062,1.309,2.306,0.0,0.0,0.0
2022-10-30 17:00:00,2.074,1.308,2.305,2.051207630698979,0.5933388162875138,0.27026281228803606
2022-10-30 18:00:00,2.055,1.307,2.305,0.0,0.0,0.0
2022-10-30 19:00:00,2.056,1.306,2.304,0.0,0.0,0.0
2022-10-30 20:00:00,2.053,1.307,2.301,0.0,0.0,0.0
2022-10-30 21:00:00,2.045,1.304,2.303,0.0,0.0,0.0
2022-10-30 22:00:00,2.068,1.304,2.3,0.0,0.0,0.0
2022-10-30 23:00:00,2.099,1.303,2.3,0.31339617678376763,0.0,0.0
2022-10-31 00:00:00,2.065,1.303,2.302,0.0,0.0,0.0
2022-10-31 01:00:00,2.105,1.303,2.301,0.0,0.0,0.0
2022-10-31 02:00:00,2.043,1.302,2.3,0.0,0.0,0.0
2022-10-31 03:00:00,2.079,1.302,2.299,0.0,0.0,0.0
2022-10-31 04:00:00,2.069,1.299,2.299,0.0,0.0,0.0
2022-10-31 05:00:00,2.065,1.299,2.299,0.0,0.0,0.0
2022-10-31 06:00:00,2.09,1.299,2.299,0.0,0.0,0.0
2022-10-31 07:00:00,2.088,1.3,2.302,0.0,0.0,0.0
2022-10-31 08:00:00,2.08,1.305,2.3,0.0,0.0,0.0
2022-10-31 09:00:00,2.105,1.308,2.304,0.0,0.0,0.0
2022-10-31 10:00:00,2.117,1.307,2.303,0.13435699293014447,4.389528806817864,0.16684839872898383
2022-10-31 11:00:00,2.116,1.281,2.303,0.0,0.0,0.0
2022-10-31 12:00:00,2.109,1.278,2.307,0.0,0.0,0.0
2022-10-31 13:00:00,2.122,1.27,2.313,0.0,0.0,0.0
2022-10-31 14:00:00,2.113,1.274,2.31,0.0,0.0,0.0
2022-10-31 15:00:00,2.088,1.278,2.308,0.0,0.0,0.0
2022-10-31 16:00:00,2.115,1.264,2.308,4.90084200649828,3.201316003446353,2.746448424104827
2022-10-31 17:00:00,2.08,1.267,2.305,0.0,0.0,0.0
2022-10-31 18:00:00,2.078,1.252,2.303,0.0,0.0,0.0
2022-10-31 19:00:00,2.093,1.267,2.302,0.0,0.0,0.0
2022-10-31 20:00:00,2.104,1.28,2.302,0.0,1.4888993624628803,0.0
2022-10-31 21:00:00,2.091,1.241,2.302,0.0,0.0,0.0
2022-10-31 22:00:00,2.096,1.243,2.301,0.0,0.0,0.0
2022-10-31 23:00:00,2.099,1.244,2.301,0.0,0.0,0.0
2022-11-01 00:00:00,2.093,1.247,2.301,0.0,0.0,0.0
2022-11-01 01:00:00,2.099,1.246,2.299,0.0,0.0,0.0
2022-11-01 02:00:00,2.094,1.247,2.3,0.0,0.0,0.0
2022-11-01 03:00:00,2.112,1.248,2.298,0.03966453587694082,6.35453701909807,0.03787874981405279
2022-11-01 04:00:00,2.131,1.244,2.3,0.0,0.0,0.0
2022-11-01 05:00:00,2.132,1.243,2.3,0.0,0.0,0.0
2022-11-01 06:00:00,2.12,1.283,2.301,0.0,0.0,0.0
2022-11-01 07:00:00,2.155,1.28,2.3,0.0,0.0,0.0
2022-11-01 08:00:00,2.141,1.275,2.3,0.0,0.0,0.0
2022-11-01 09:00:00,2.137,1.273,2.3,0.0,0.0,0.0
2022-11-01 10:00:00,2.139,1.271,2.302,0.0,0.0,2.924283109742823
2022-11-01 11:00:00,2.154,1.266,2.304,0.0,0.0,0.0
2022-11-01 12:00:00,2.16,1.259,2.31,0.0,0.0,0.0
2022-11-01 13:00:00,2.174,1.256,2.312,0.0,0.0,0.0
2022-11-01 14:00:00,2.177,1.254,2.31,0.0,0.0,0.0
2022-11-01 15:00:00,2.164,1.255,2.309,0.0,0.0,0.0
2022-11-01 16:00:00,2.155,1.25,2.307,0.0,0.0,0.0
2022-11-01 17:00:00,2.109,1.246,2.304,0.0,0.0,0.0
2022-11-01 18:00:00,2.129,1.244,2.303,0.0,0.0,0.0
2022-11-01 19:00:00,2.142,1.242,2.304,0.0,0.0,0.0
2022-11-01 20:00:00,2.128,1.239,2.303,0.0,0.0,0.0
2022-11-01 21:00:00,2.144,1.239,2.302,0.0,0.0,0.8882892233664598
2022-11-01 22:00:00,2.132,1.24,2.303,0.0,0.0,0.0
2022-11-01 23:00:00,2.121,1.241,2.299,0.0,0.0,0.0
2022-11-02 00:00:00,2.131,1.239,2.3,0.0,0.0,0.0
2022-11-02 01:00:00,2.118,1.241,2.301,0.0,0.0,0.0
2022-11-02 02:00:00,2.142,1.246,2.299,0.0,0.0,0.01553662571212263
2022-11-02 03:00:00,2.129,1.25,2.301,0.0,0.0,0.0
2022-11-02 04:00:00,2.14,1.24,2.301,0.0,0.0,0.0
2022-11-02 05:00:00,2.101,1.239,2.299,0.0,0.0,0.0
2022-11-02 06:00:00,2.158,1.239,2.301,0.0,0.0,0.0
2022-11-02 07:00:00,2.137,1.238,2.298,0.0,0.0,0.0
2022-11-02 08:00:00,2.161,1.241,2.302,0.0,0.0,0.0
2022-11-02 09:00:00,2.169,1.246,2.304,0.0,0.0,0.0
2022-11-02 10:00:00,2.16,1.252,2.303,0.0,0.0,0.0
2022-11-02 11:00:00,2.193,1.252,2.304,0.8819562585317962,0.0,0.0
2022-11-02 12:00:00,2.181,1.251,2.307,0.0,0.0,0.0
2022-11-02 13:00:00,2.162,1.249,2.312,0.0,0.0,0.0
2022-11-02 14:00:00,2.172,1.247,2.31,0.0,0.0,0.0
2022-11-02 15:00:00,2.183,1.248,2.309,0.0,0.0,0.0
2022-11-02 16:00:00,2.143,1.242,2.308,0.0,0.0,0.0
2022-11-02 17:00:00,2.142,1.241,2.307,0.09955545042792785,0.0,0.0
2022-11-02 18:00:00,2.131,1.238,2.305,0.0,0.0,0.0
2022-11-02 19:00:00,2.14,1.237,2.302,0.0,0.0,0.0
2022-11-02 20:00:00,2.146,1.236,2.303,0.0,0.0,0.0
2022-11-02 21:00:00,2.144,1.236,2.302,0.0,0.0,0.0
2022-11-02 22:00:00,2.122,1.236,2.302,0.0,0.0,0.0
2022-11-02 23:00:00,2.151,1.235,2.302,0.0,0.0,0.0
2022-11-03 00:00:00,2.131,1.235,2.302,0.0,0.0,0.0
2022-11-03 01:00:00,2.152,1.236,2.3,0.0,0.0,0.0
2022-11-03 02:00:00,2.131,1.235,2.301,0.0,0.0,0.0
2022-11-03 03:00:00,2.155,1.235,2.3,0.0,0.0,0.0
2022-11-03 04:00:00,2.159,1.235,2.3,0.0,0.0,0.0
2022-11-03 05:00:00,2.154,1.234,2.299,0.0,1.0839779042617428,0.0
2022-11-03 06:00:00,2.122,1.233,2.299,0.0,0.0,0.0
2022-11-03 07:00:00,2.133,1.235,2.301,0.14295269672397418,0.0,0.0
2022-11-03 08:00:00,2.152,1.236,2.303,0.0,0.0,0.0
2022-11-03 09:00:00,2.135,1.241,2.303,0.0,0.0,0.0
2022-11-03 10:00:00,2.15,1.246,2.303,0.0,0.0,0.0
2022-11-03 11:00:00,2.151,1.245,2.306,0.0,0.0,0.0
2022-11-03 12:00:00,2.177,1.245,2.309,0.0,0.1352560020181226,0.0
2022-11-03 13:00:00,2.171,1.243,2.31,4.180046014196307,0.0,0.0
2022-11-03 14:00:00,2.142,1.243,2.31,0.0,0.0,0.0
2022-11-03 15:00:00,2.152,1.242,2.307,0.332618912651716,0.0,0.0
2022-11-03 16:00:00,2.17,1.238,2.307,0.0,0.0,0.0
2022-11-03 17:00:00,2.161,1.237,2.304,0.0,0.0,0.0
2022-11-03 18:00:00,2.167,1.242,2.303,0.0,1.6035752598967183,0.0
2022-11-03 19:00:00,2.15,1.24,2.303,0.0,0.0,0.0
2022-11-03 20:00:00,2.153,1.238,2.301,0.0,0.0,0.0
2022-11-03 21:00:00,2.166,1.238,2.302,0.0,0.0,0.0
2022-11-03 22:00:00,2.163,1.241,2.302,0.0,0.0,0.0
2022-11-03 23:00:00,2.149,1.239,2.301,0.0,0.0,0.0
2022-11-04 00:00:00,2.16,1.239,2.3,0.0,0.0,3.001181146735282
2022-11-04 01:00:00,2.169,1.239,2.3,3.3700505963250826,11.21093563075796,0.2553502979671483
2022-11-04 02:00:00,2.179,1.238,2.299,0.0,0.0,0.0
2022-11-04 03:00:00,2.185,1.238,2.3,0.0,0.0,0.0
2022-11-04 04:00:00,2.227,1.238,2.298,0.0,0.0,0.0
2022-11-04 05:00:00,2.172,1.238,2.298,0.0,0.0,0.0
2022-11-04 06:00:00,2.175,1.239,2.298,11.944208385401565,0.0,0.0
2022-11-04 07:00:00,2.175,1.24,2.3,0.0,0.0,0.0
2022-11-04 08:00:00,2.18,1.242,2.301,0.0,0.0,0.0
2022-11-04 09:00:00,2.187,1.248,2.303,0.0,0.0,0.0
2022-11-04 10:00:00,2.196,1.251,2.303,0.0,0.0,0.0
2022-11-04 11:00:00,2.187,1.252,2.303,0.0,0.0,0.0
2022-11-04 12:00:00,2.211,1.252,2.307,0.0,0.0,0.0
2022-11-04 13:00:00,2.192,1.252,2.309,0.0,0.0,0.06021056565157601
2022-11-04 14:00:00,2.201,1.25,2.31,0.4334082438450761,4.584631691227718,0.20667057596849303
2022-11-04 15:00:00,2.194,1.25,2.307,0.0,0.0,0.0
2022-11-04 16:00:00,2.2,1.247,2.308,0.0,0.0,0.0
2022-11-04 17:00:00,2.181,1.244,2.305,2.118595958250604,0.574970302654483,4.184930545325479
2022-11-04 18:00:00,2.18,1.241,2.304,0.0,0.0,0.0
2022-11-04 19:00:00,2.168,1.241,2.303,0.0,0.0,0.0
2022-11-04 20:00:00,2.166,1.238,2.302,0.11945178929381224,0.0,0.0
2022-11-04 21:00:00,2.143,1.238,2.302,0.0,0.0,0.0
2022-11-04 22:00:00,2.144,1.238,2.302,0.0,0.0,3.6149644254998448
2022-11-04 23:00:00,2.159,1.238,2.3,0.0,0.0,0.0
2022-11-05 00:00:00,2.177,1.235,2.302,0.0,0.0,0.0
2022-11-05 01:00:00,2.174,1.236,2.302,0.0,0.0,0.0
2022-11-05 02:00:00,2.157,1.235,2.301,0.0,0.0,0.0
2022-11-05 03:00:00,2.177,1.235,2.3,0.0,0.0,0.0
2022-11-05 04:00:00,2.183,1.234,2.299,0.0,0.0,0.0
2022-11-05 05:00:00,2.163,1.233,2.3,0.0,0.0,0.0
2022-11-05 06:00:00,2.177,1.233,2.299,0.0,0.0,0.0
2022-11-05 07:00:00,2.151,1.272,2.299,0.0,0.0,0.0
2022-11-05 08:00:00,2.189,1.275,2.299,0.0,0.0,0.0
2022-11-05 09:00:00,2.172,1.281,2.3,0.0,0.0,0.0
2022-11-05 10:00:00,2.198,1.279,2.303,15.817448104967736,2.802400160931779,2.4761526769877387
2022-11-05 11:00:00,2.211,1.282,2.304,3.5098230309287493,7.97550488186962,3.840591661086133
2022-11-05 12:00:00,2.228,1.284,2.307,2.5542470126377355,0.0,0.0
2022-11-05 13:00:00,2.24,1.283,2.313,0.0,0.0,0.0
2022-11-05 14:00:00,2.237,1.281,2.312,3.8564578910169827,0.0,0.0
2022-11-05 15:00:00,2.207,1.279,2.307,0.0,0.0,0.0
2022-11-05 16:00:00,2.189,1.277,2.307,0.0,0.0,4.756545343106659
2022-11-05 17:00:00,2.209,1.276,2.306,0.0,0.0,0.0
2022-11-05 18:00:00,2.219,1.272,2.305,0.0,0.0,0.0
2022-11-05 19:00:00,2.174,1.271,2.304,0.0,0.0,0.0
2022-11-05 20:00:00,2.209,1.261,2.301,0.0,0.0,0.0
2022-11-05 21:00:00,2.173,1.261,2.302,0.0,0.0,0.0
2022-11-05 22:00:00,2.19,1.261,2.3,0.0,0.0,0.0
2022-11-05 23:00:00,2.191,1.26,2.3,0.0,0.0,0.0
2022-11-06 00:00:00,2.183,1.259,2.3,0.0,0.0,0.0
2022-11-06 01:00:00,2.182,1.258,2.3,0.0,0.0,0.0
2022-11-06 02:00:00,2.163,1.259,2.298,0.0,0.0,0.0
2022-11-06 03:00:00,2.198,1.256,2.297,0.0,0.0,0.0
2022-11-06 04:00:00,2.215,1.256,2.298,0.0,0.0,0.0
2022-11-06 05:00:00,2.169,1.256,2.298,0.0,0.0,0.0
2022-11-06 06:00:00,2.189,1.255,2.297,0.0,0.0,0.0
2022-11-06 07:00:00,2.179,1.255,2.297,0.0,0.0,0.0
2022-11-06 08:00:00,2.184,1.26,2.299,0.0,0.0,0.0
2022-11-06 09:00:00,2.191,1.266,2.301,0.0,0.0,0.0
2022-11-06 10:00:00,2.189,1.271,2.302,0.0,0.0,0.0
2022-11-06 11:00:00,2.22,1.273,2.302,0.0,0.0,0.0
2022-11-06 12:00:00,2.213,1.267,2.308,0.0,0.0,0.0
2022-11-06 13:00:00,2.204,1.268,2.311,0.0,0.0,0.0
2022-11-06 14:00:00,2.199,1.268,2.31,0.0,0.0,0.0
2022-11-06 15:00:00,2.206,1.265,2.308,0.0,0.0,0.0
2022-11-06 16:00:00,2.184,1.264,2.307,0.0,0.0,0.0
2022-11-06 17:00:00,2.185,1.26,2.306,0.0,0.0,0.0
2022-11-06 18:00:00,2.171,1.256,2.303,0.0,0.0,0.0
2022-11-06 19:00:00,2.178,1.255,2.301,0.0,0.0,0.0
2022-11-06 20:00:00,2.179,1.254,2.303,0.0,0.0,0.0
2022-11-06 21:00:00,2.183,1.253,2.302,0.0,0.0,0.0
2022-11-06 22:00:00,2.214,1.253,2.3,0.0,0.0,0.0
2022-11-06 23:00:00,2.172,1.252,2.3,0.0,0.0,0.0
2022-11-07 00:00:00,2.177,1.252,2.299,0.0,0.0,0.0
2022-11-07 01:00:00,2.174,1.253,2.298,0.0,0.0,0.0
2022-11-07 02:00:00,2.171,1.251,2.3,0.0,0.0,0.0
2022-11-07 03:00:00,2.167,1.251,2.3,0.0,0.0,0.0
2022-11-07 04:00:00,2.18,1.249,2.299,0.0,0.0,0.0
2022-11-07 05:00:00,2.18,1.249,2.299,0.0,0.0,0.0
2022-11-07 06:00:00,2.168,1.249,2.297,0.4431254770069232,0.0,0.0
2022-11-07 07:00:00,2.172,1.248,2.299,0.0,0.0,0.0
2022-11-07 08:00:00,2.165,1.253,2.298,0.0,0.0,0.0
2022-11-07 09:00:00,2.205,1.258,2.301,0.0,0.0,0.0
2022-11-07 10:00:00,2.18,1.262,2.303,0.0,0.0,0.0
2022-11-07 11:00:00,2.227,1.249,2.304,0.0,0.0,0.0
2022-11-07 12:00:00,2.2,1.248,2.306,0.0,0.0,0.0
2022-11-07 13:00:00,2.205,1.248,2.312,0.0,0.0,0.0
2022-11-07 14:00:00,2.217,1.248,2.31,1.5390516055922072,2.74365451292764,0.7170987114443149
2022-11-07 15:00:00,2.229,1.246,2.308,0.0,0.0,0.0
2022-11-07 16:00:00,2.206,1.243,2.307,0.0,0.0,0.0
2022-11-07 17:00:00,2.216,1.241,2.305,0.39672676789747674,1.11431686063944,5.890675053750639
2022-11-07 18:00:00,2.182,1.239,2.303,0.0,0.0,0.0
2022-11-07 19:00:00,2.198,1.238,2.303,0.0,0.0,0.0
2022-11-07 20:00:00,2.196,1.237,2.301,0.0,0.0,0.0
2022-11-07 21:00:00,2.194,1.237,2.302,0.0,0.0,0.0
2022-11-07 22:00:00,2.186,1.237,2.301,1.6899097459668866,0.0,0.0
2022-11-07 23:00:00,2.178,1.237,2.302,0.0,0.0,0.0
2022-11-08 00:00:00,2.191,1.237,2.3,0.0,0.0,0.0
2022-11-08 01:00:00,2.203,1.239,2.299,0.0,0.4955523877881967,0.0
2022-11-08 02:00:00,2.196,1.238,2.298,0.0,0.0,0.0
2022-11-08 03:00:00,2.171,1.237,2.299,0.0,0.0,0.0
2022-11-08 04:00:00,2.18,1.237,2.298,0.0,0.0,0.0
2022-11-08 05:00:00,2.191,1.237,2.296,0.0,0.0,0.0
2022-11-08 06:00:00,2.205,1.238,2.297,0.0,0.0,0.0
2022-11-08 07:00:00,2.207,1.236,2.299,0.0,0.0,0.0
2022-11-08 08:00:00,2.236,1.239,2.299,3.1908775960674296,0.0,0.0
2022-11-08 09:00:00,2.202,1.247,2.3,0.0,0.4029087050712097,0.0
2022-11-08 10:00:00,2.231,1.25,2.303,0.0,0.0,0.0
2022-11-08 11:00:00,2.221,1.254,2.304,0.0,0.0,0.0
2022-11-08 12:00:00,2.242,1.252,2.308,0.0,0.0,0.0
2022-11-08 13:00:00,2.246,1.253,2.31,0.0,0.0,0.0
2022-11-08 14:00:00,2.223,1.251,2.309,0.0,0.7448792771026331,0.0
2022-11-08 15:00:00,2.23,1.25,2.308,0.0,0.0,0.0
2022-11-08 16:00:00,2.244,1.247,2.305,0.0,0.0,4.237790645505033
2022-11-08 17:00:00,2.213,1.244,2.303,0.0,0.0,0.0
2022-11-08 18:00:00,2.229,1.24,2.303,0.0,0.0,1.173211020657981
2022-11-08 19:00:00,2.203,1.239,2.302,0.8439946846747766,4.513244191002379,1.649264289901561
2022-11-08 20:00:00,2.216,1.237,2.303,8.860225300685238,0.0,0.0
2022-11-08 21:00:00,2.207,1.237,2.301,0.0,0.0,0.0
2022-11-08 22:00:00,2.224,1.235,2.3,0.0,0.0,0.0
2022-11-08 23:00:00,2.224,1.235,2.299,0.0,0.0,0.0
2022-11-09 00:00:00,2.239,1.236,2.299,0.0,0.0,0.0
2022-11-09 01:00:00,2.227,1.236,2.301,0.0,0.0,0.0
2022-11-09 02:00:00,2.24,1.236,2.298,0.0,0.0,0.0
2022-11-09 03:00:00,2.206,1.235,2.3,0.0,0.0,0.0
2022-11-09 04:00:00,2.204,1.234,2.299,0.0,1.2443608430910917,0.0
2022-11-09 05:00:00,2.222,1.234,2.298,0.0,0.0,0.0
2022-11-09 06:00:00,2.232,1.233,2.298,0.0,0.0,0.0
2022-11-09 07:00:00,2.226,1.234,2.297,0.0,0.0,0.0
2022-11-09 08:00:00,2.23,1.237,2.298,0.40346388993785265,1.5335200567132126,0.279762524830702
2022-11-09 09:00:00,2.244,1.242,2.301,0.0,0.0,0.0
2022-11-09 10:00:00,2.237,1.244,2.301,0.0,0.0,0.0
2022-11-09 11:00:00,2.249,1.244,2.303,0.0,0.0,0.0
2022-11-09 12:00:00,2.261,1.245,2.307,0.0,0.0,0.0
2022-11-09 13:00:00,2.262,1.245,2.308,0.0,0.0,0.0
2022-11-09 14:00:00,2.281,1.246,2.31,0.0,0.0,0.0
2022-11-09 15:00:00,2.276,1.244,2.307,0.0,0.0,0.0
2022-11-09 16:00:00,2.273,1.242,2.306,0.0,0.0,0.0
2022-11-09 17:00:00,2.254,1.239,2.305,0.0,0.0,0.0
2022-11-09 18:00:00,2.264,1.238,2.304,0.0,0.0,0.0
2022-11-09 19:00:00,2.237,1.236,2.303,0.7194779030791312,2.334139579300797,1.6548412496859246
2022-11-09 20:00:00,2.249,1.234,2.302,0.36868844755423574,1.7909735330233572,3.0383075365729835
2022-11-09 21:00:00,2.23,1.235,2.301,0.0,0.0,0.0
2022-11-09 22:00:00,2.271,1.233,2.3,0.0,0.0,0.0
2022-11-09 23:00:00,2.244,1.233,2.3,0.0,0.0,0.0
2022-11-10 00:00:00,2.247,1.234,2.3,0.0,0.0,0.0
2022-11-10 01:00:00,2.269,1.234,2.3,0.0,0.0,0.0
2022-11-10 02:00:00,2.273,1.234,2.298,0.0,0.0,0.0
2022-11-10 03:00:00,2.253,1.235,2.299,0.0,0.0,0.0
2022-11-10 04:00:00,2.26,1.236,2.297,0.0,0.0,0.0
2022-11-10 05:00:00,2.279,1.236,2.298,0.0,0.0,0.0
2022-11-10 06:00:00,2.252,1.235,2.298,0.0,0.0,0.0
2022-11-10 07:00:00,2.258,1.235,2.297,0.0,0.0,0.0
2022-11-10 08:00:00,2.281,1.241,2.3,0.0,0.0,0.0
2022-11-10 09:00:00,2.275,1.247,2.299,0.0,21.554497104509732,0.0
2022-11-10 10:00:00,2.314,1.25,2.302,0.0,0.0,0.0
2022-11-10 11:00:00,2.307,1.25,2.303,0.0,0.0,0.0
2022-11-10 12:00:00,2.312,1.25,2.307,1.7764009337359379,8.050431049261926,0.9330086014050512
2022-11-10 13:00:00,2.301,1.268,2.31,0.0,0.0,0.0
2022-11-10 14:00:00,2.324,1.277,2.31,0.0,0.0,0.0
2022-11-10 15:00:00,2.303,1.275,2.307,0.0,0.0,0.0
2022-11-10 16:00:00,2.289,1.274,2.307,0.0,0.0,0.0
2022-11-10 17:00:00,2.294,1.271,2.304,0.0,0.0,0.0
2022-11-10 18:00:00,2.309,1.27,2.303,0.0,0.0,0.0
2022-11-10 19:00:00,2.298,1.27,2.303,0.0,0.0,0.0
2022-11-10 20:00:00,2.286,1.271,2.302,3.058356499000457,4.608795686790949,21.088622745091573
2022-11-10 21:00:00,2.296,1.272,2.301,0.0,0.0,0.0
2022-11-10 22:00:00,2.315,1.272,2.299,0.0,0.0,0.0
2022-11-10 23:00:00,2.3,1.271,2.299,0.0,0.0,0.0
2022-11-11 00:00:00,2.304,1.27,2.3,0.0,0.0,0.0
2022-11-11 01:00:00,2.301,1.268,2.297,0.0,0.0,0.0
2022-11-11 02:00:00,2.341,1.267,2.297,0.0,0.0,0.0
2022-11-11 03:00:00,2.324,1.266,2.297,0.0,0.0,0.0
2022-11-11 04:00:00,2.332,1.266,2.296,0.0,0.0,0.0
2022-11-11 05:00:00,2.318,1.267,2.297,0.0,0.0,0.0
2022-11-11 06:00:00,2.303,1.265,2.297,0.0,0.0,0.0
2022-11-11 07:00:00,2.323,1.265,2.296,0.0,0.0,0.0
2022-11-11 08:00:00,2.316,1.266,2.299,0.0,0.0,0.0
2022-11-11 09:00:00,2.35,1.273,2.301,0.0,0.0,0.0
2022-11-11 10:00:00,2.34,1.277,2.302,0.0,0.0,0.0
2022-11-11 11:00:00,2.359,1.277,2.302,0.117229588257394,3.3280970996783266,0.2001725413799795
2022-11-11 12:00:00,2.356,1.276,2.305,0.0,0.0,0.0
2022-11-11 13:00:00,2.354,1.279,2.309,0.19429506461359747,1.8412586004165894,1.727036354979096
2022-11-11 14:00:00,2.365,1.283,2.309,0.0,0.0,0.0
2022-11-11 15:00:00,2.351,1.277,2.306,0.0,0.0,0.0
2022-11-11 16:00:00,2.345,1.282,2.307,0.0,0.0,0.0
2022-11-11 17:00:00,2.341,1.281,2.303,0.0,0.0,0.0
2022-11-11 18:00:00,2.326,1.28,2.302,0.0,0.0,0.0
2022-11-11 19:00:00,2.341,1.28,2.302,0.0,0.0,0.0
2022-11-11 20:00:00,2.337,1.273,2.3,0.0,0.0,0.0
2022-11-11 21:00:00,2.34,1.274,2.301,23.67844700196396,11.350917530258084,2.244644390811339
2022-11-11 22:00:00,2.351,1.273,2.3,0.0,0.0,0.0
2022-11-11 23:00:00,2.336,1.258,2.299,0.0,0.0,0.0
2022-11-12 00:00:00,2.337,1.257,2.298,0.0,0.0,0.0
2022-11-12 01:00:00,2.336,1.256,2.3,0.0,0.0,0.0
2022-11-12 02:00:00,2.347,1.256,2.298,0.0,0.0,0.0
2022-11-12 03:00:00,2.354,1.256,2.296,0.0,0.0,0.0
2022-11-12 04:00:00,2.34,1.255,2.296,0.0,0.0,0.0
2022-11-12 05:00:00,2.336,1.255,2.296,0.0,0.0,0.0
2022-11-12 06:00:00,2.342,1.255,2.297,0.0,0.0,0.0
2022-11-12 07:00:00,2.341,1.257,2.296,0.0,0.0,0.0
2022-11-12 08:00:00,2.358,1.259,2.299,0.0,0.0,6.273919214340861
2022-11-12 09:00:00,2.371,1.264,2.299,0.0,0.0,0.0
2022-11-12 10:00:00,2.366,1.269,2.3,0.0,10.24360569235936,0.0
2022-11-12 11:00:00,2.376,1.269,2.304,0.0,0.0,0.0
2022-11-12 12:00:00,2.366,1.27,2.305,0.0,0.0,0.0
2022-11-12 13:00:00,2.375,1.243,2.31,0.08832080438068582,0.0,0.0
2022-11-12 14:00:00,2.368,1.243,2.31,0.0,0.0,0.0
2022-11-12 15:00:00,2.368,1.239,2.308,0.0,0.0,0.0
2022-11-12 16:00:00,2.353,1.242,2.304,0.0,0.0,0.0
2022-11-12 17:00:00,2.349,1.238,2.304,0.0,0.0,0.0
2022-11-12 18:00:00,2.357,1.237,2.301,0.0,0.0,0.0
2022-11-12 19:00:00,2.375,1.236,2.301,1.817945727950073,2.1197241943518654,4.5248607978346085
2022-11-12 20:00:00,2.37,1.237,2.301,0.0,0.934275534551103,0.0
2022-11-12 21:00:00,2.355,1.238,2.298,0.0,0.0,0.0
2022-11-12 22:00:00,2.353,1.237,2.3,0.0,0.0,0.0
2022-11-12 23:00:00,2.36,1.237,2.298,0.0,0.0,0.0
2022-11-13 00:00:00,2.347,1.237,2.298,0.0,0.0,0.0
2022-11-13 01:00:00,2.357,1.237,2.299,0.0,0.0,0.0
2022-11-13 02:00:00,2.364,1.238,2.297,0.0,0.0,0.0
2022-11-13 03:00:00,2.369,1.24,2.296,0.0,0.0,0.0
2022-11-13 04:00:00,2.364,1.239,2.297,0.0,0.0,0.0
2022-11-13 05:00:00,2.363,1.239,2.298,0.0,0.0,0.0
2022-11-13 06:00:00,2.382,1.241,2.295,0.0,0.0,0.0
2022-11-13 07:00:00,2.368,1.241,2.295,0.0,0.0,0.0
2022-11-13 08:00:00,2.36,1.244,2.299,0.0,0.0,0.0
2022-11-13 09:00:00,2.374,1.248,2.3,0.0,0.0,0.0
2022-11-13 10:00:00,2.372,1.255,2.3,0.0,0.0,0.0
2022-11-13 11:00:00,2.379,1.255,2.303,0.0,0.0,0.0
2022-11-13 12:00:00,2.376,1.253,2.304,0.0,0.0,0.0
2022-11-13 13:00:00,2.379,1.253,2.31,0.0,0.0,0.0
2022-11-13 14:00:00,2.368,1.253,2.309,0.0,0.0,0.0
2022-11-13 15:00:00,2.386,1.251,2.306,0.0,0.0,0.0
2022-11-13 16:00:00,2.385,1.249,2.304,0.0,0.0,0.0
2022-11-13 17:00:00,2.385,1.246,2.303,0.0,0.0,0.0
2022-11-13 18:00:00,2.355,1.243,2.3,0.0,0.0,0.0
2022-11-13 19:00:00,2.385,1.245,2.3,0.0,0.0,0.0
2022-11-13 20:00:00,2.369,1.243,2.3,0.0,0.0,0.0
2022-11-13 21:00:00,2.37,1.243,2.297,0.0,0.0,0.0
2022-11-13 22:00:00,2.326,1.243,2.299,0.0,0.0,0.0
2022-11-13 23:00:00,2.357,1.244,2.297,0.0,0.0,0.0
2022-11-14 00:00:00,2.366,1.244,2.297,0.0,0.0,0.0
2022-11-14 01:00:00,2.349,1.245,2.296,0.0,0.0,0.0
2022-11-14 02:00:00,2.35,1.244,2.296,0.0,0.0,0.0
2022-11-14 03:00:00,2.353,1.244,2.297,0.0,0.0,0.0
2022-11-14 04:00:00,2.354,1.244,2.296,0.0,0.0,0.0
2022-11-14 05:00:00,2.346,1.244,2.294,0.0,0.0,0.0
2022-11-14 06:00:00,2.37,1.245,2.294,0.0,0.0,0.0
2022-11-14 07:00:00,2.349,1.244,2.296,0.0,0.0,0.0
2022-11-14 08:00:00,2.334,1.245,2.297,0.0,0.0,0.0
2022-11-14 09:00:00,2.361,1.251,2.297,0.0,0.0,0.0
2022-11-14 10:00:00,2.358,1.26,2.3,0.0,0.0,0.0
2022-11-14 11:00:00,2.385,1.254,2.303,3.272705990138571,0.0,0.0
2022-11-14 12:00:00,2.367,1.249,2.305,0.0,0.0,0.0
2022-11-14 13:00:00,2.391,1.255,2.309,0.0,0.0,0.0
2022-11-14 14:00:00,2.368,1.255,2.309,0.0,0.0,0.0
2022-11-14 15:00:00,2.364,1.253,2.308,0.0,0.0,0.0
2022-11-14 16:00:00,2.36,1.252,2.304,0.0,0.0,0.0
2022-11-14 17:00:00,2.363,1.249,2.304,0.0,0.0,0.0
2022-11-14 18:00:00,2.354,1.248,2.302,0.0,0.0,0.0
2022-11-14 19:00:00,2.355,1.248,2.299,0.0,0.0,0.0
2022-11-14 20:00:00,2.348,1.249,2.3,0.0,0.0,0.0
2022-11-14 21:00:00,2.344,1.249,2.298,0.0,0.0,0.0
2022-11-14 22:00:00,2.362,1.249,2.299,0.0,0.0,0.0
2022-11-14 23:00:00,2.356,1.249,2.297,0.0,0.0,0.0
2022-11-15 00:00:00,2.351,1.251,2.298,0.0,0.0,0.0
2022-11-15 01:00:00,2.345,1.252,2.298,0.0,0.0,0.0
2022-11-15 02:00:00,2.357,1.253,2.296,0.0,0.0,0.0
2022-11-15 03:00:00,2.354,1.254,2.298,0.0,0.0,0.0
2022-11-15 04:00:00,2.368,1.251,2.295,0.0,0.0,0.0
2022-11-15 05:00:00,2.384,1.251,2.295,0.0,0.0,0.0
2022-11-15 06:00:00,2.367,1.25,2.296,0.0,0.0,0.0
2022-11-15 07:00:00,2.362,1.264,2.297,0.0,3.6924607281599995,0.0
2022-11-15 08:00:00,2.386,1.251,2.296,0.0,0.0,0.0
2022-11-15 09:00:00,2.371,1.254,2.298,0.0,0.0,0.0
2022-11-15 10:00:00,2.391,1.26,2.299,0.2962106480329498,2.9617676563783792,1.2455974433662838
2022-11-15 11:00:00,2.385,1.258,2.301,0.0,0.0,0.0
2022-11-15 12:00:00,2.397,1.258,2.306,0.0,0.0,0.0
2022-11-15 13:00:00,2.389,1.257,2.311,0.0,0.0,0.0
2022-11-15 14:00:00,2.372,1.259,2.31,0.0,0.0,0.0
2022-11-15 15:00:00,2.382,1.256,2.308,0.0,0.0,0.0
2022-11-15 16:00:00,2.381,1.253,2.306,0.0,0.0,0.0
2022-11-15 17:00:00,2.38,1.249,2.304,1.6105994501579872,1.0691209139793436,6.76061689051706
2022-11-15 18:00:00,2.386,1.247,2.302,0.0,0.0,0.0
2022-11-15 19:00:00,2.379,1.248,2.3,0.0,0.0,0.0
2022-11-15 20:00:00,2.38,1.247,2.299,0.0,0.0,0.0
2022-11-15 21:00:00,2.362,1.245,2.298,0.0,0.0,0.0
2022-11-15 22:00:00,2.365,1.244,2.3,0.0,0.0,0.0
2022-11-15 23:00:00,2.377,1.244,2.297,0.0,0.0,0.0
2022-11-16 00:00:00,2.371,1.245,2.297,0.0,0.0,0.0
2022-11-16 01:00:00,2.363,1.244,2.298,0.0,0.0,0.0
2022-11-16 02:00:00,2.374,1.244,2.297,0.0,0.0,0.0
2022-11-16 03:00:00,2.361,1.246,2.297,0.0,0.0,0.0
2022-11-16 04:00:00,2.371,1.248,2.297,0.0,0.0,0.0
2022-11-16 05:00:00,2.387,1.255,2.297,0.0,0.0,0.0
2022-11-16 06:00:00,2.402,1.254,2.296,0.0,0.0,0.0
2022-11-16 07:00:00,2.385,1.25,2.297,0.0,0.0,0.0
2022-11-16 08:00:00,2.386,1.259,2.297,0.0,0.0,0.0
2022-11-16 09:00:00,2.386,1.263,2.299,0.0,0.0,0.0
2022-11-16 10:00:00,2.4,1.266,2.301,0.0,0.0,0.0
2022-11-16 11:00:00,2.411,1.266,2.303,0.0,0.0,0.0
2022-11-16 12:00:00,2.406,1.257,2.304,0.0,0.0,0.0
2022-11-16 13:00:00,2.424,1.256,2.309,0.0,15.171189883930618,0.0
2022-11-16 14:00:00,2.41,1.274,2.31,0.0,0.0,0.0
2022-11-16 15:00:00,2.423,1.277,2.306,0.4142273904865663,6.629088971979933,9.671009536489509
2022-11-16 16:00:00,2.399,1.276,2.304,0.0,0.0,0.0
2022-11-16 17:00:00,2.391,1.276,2.304,0.0,0.0,0.0
2022-11-16 18:00:00,2.388,1.274,2.302,0.0,0.0,0.0
2022-11-16 19:00:00,2.387,1.27,2.301,0.0,0.0,0.0
2022-11-16 20:00:00,2.38,1.266,2.299,0.0,0.0,0.0
2022-11-16 21:00:00,2.384,1.266,2.301,0.0,0.0,0.0
2022-11-16 22:00:00,2.387,1.266,2.3,0.0,0.0,0.0
2022-11-16 23:00:00,2.394,1.262,2.298,0.0,1.1605187564687829,0.0
2022-11-17 00:00:00,2.399,1.26,2.299,0.0,0.0,0.0
2022-11-17 01:00:00,2.401,1.264,2.298,0.0,0.0,0.0
2022-11-17 02:00:00,2.399,1.265,2.297,0.0,0.0,0.0
2022-11-17 03:00:00,2.418,1.268,2.297,0.0,0.0,0.0
2022-11-17 04:00:00,2.416,1.267,2.297,0.0,0.0,0.0
2022-11-17 05:00:00,2.409,1.265,2.296,0.0,0.0,0.0
2022-11-17 06:00:00,2.402,1.266,2.297,0.0,0.0,0.0
2022-11-17 07:00:00,2.41,1.269,2.297,0.0,0.0,0.0
2022-11-17 08:00:00,2.408,1.259,2.298,0.0,0.0,0.0
2022-11-17 09:00:00,2.412,1.302,2.302,0.0,0.0,0.0
2022-11-17 10:00:00,2.421,1.316,2.302,0.0,0.0,0.0
2022-11-17 11:00:00,2.428,1.317,2.302,0.0,0.0,0.0
2022-11-17 12:00:00,2.421,1.317,2.307,0.0,0.0,2.7300602279646826
2022-11-17 13:00:00,2.431,1.318,2.31,0.0,0.0,0.0
2022-11-17 14:00:00,2.421,1.32,2.311,0.0,0.0,0.0
2022-11-17 15:00:00,2.414,1.317,2.308,0.0,0.0,0.0
2022-11-17 16:00:00,2.433,1.314,2.306,0.0,0.0,0.0
2022-11-17 17:00:00,2.418,1.314,2.303,0.2673488383969274,10.551695730495343,0.14086810241859515
2022-11-17 18:00:00,2.418,1.313,2.3,0.0,0.0,0.0
2022-11-17 19:00:00,2.418,1.311,2.301,0.0,0.0,0.0
2022-11-17 20:00:00,2.437,1.312,2.299,0.0,0.0,0.0
2022-11-17 21:00:00,2.423,1.312,2.297,0.0,0.0,0.0
2022-11-17 22:00:00,2.428,1.31,2.297,0.0,0.0,0.0
2022-11-17 23:00:00,2.433,1.31,2.299,0.0,0.0,0.0
2022-11-18 00:00:00,2.416,1.309,2.297,0.0,0.0,0.0
2022-11-18 01:00:00,2.43,1.31,2.297,0.0,0.0,0.0
2022-11-18 02:00:00,2.425,1.309,2.296,0.0,0.0,2.02955154094371
2022-11-18 03:00:00,2.434,1.309,2.297,0.0,0.0,0.0
2022-11-18 04:00:00,2.411,1.307,2.297,0.0,0.0,0.0
2022-11-18 05:00:00,2.404,1.308,2.297,0.0,0.0,0.0
2022-11-18 06:00:00,2.426,1.308,2.295,0.0,0.0,0.0
2022-11-18 07:00:00,2.44,1.306,2.296,0.0,0.0,0.0
2022-11-18 08:00:00,2.433,1.309,2.297,0.0,0.0,0.0
2022-11-18 09:00:00,2.446,1.311,2.298,2.8720859202299778,1.4984967769652888,8.179691552936744
2022-11-18 10:00:00,2.457,1.317,2.3,0.0,0.0,0.0
2022-11-18 11:00:00,2.465,1.317,2.303,0.0,0.0,0.0
2022-11-18 12:00:00,2.458,1.317,2.304,0.0,0.0,0.0
2022-11-18 13:00:00,2.487,1.318,2.312,15.443415591759363,6.3488047632737405,4.237634626170907
2022-11-18 14:00:00,2.456,1.317,2.312,0.0,0.0,0.0
2022-11-18 15:00:00,2.467,1.316,2.307,0.0,0.0,0.0
2022-11-18 16:00:00,2.471,1.313,2.306,0.0,2.693914901615127,0.0
2022-11-18 17:00:00,2.459,1.311,2.303,0.0,0.0,0.0
2022-11-18 18:00:00,2.454,1.262,2.301,0.0,0.0,0.0
2022-11-18 19:00:00,2.444,1.262,2.3,0.0,0.0,0.0
2022-11-18 20:00:00,2.446,1.26,2.3,9.188478744596239,2.5844005173197395,0.07131983737861944
2022-11-18 21:00:00,2.446,1.26,2.3,0.0,2.1932831103597645,0.0
2022-11-18 22:00:00,2.452,1.258,2.298,0.0,1.1349524415823176,0.0
2022-11-18 23:00:00,2.454,1.257,2.296,0.0,0.0,0.0
2022-11-19 00:00:00,2.455,1.255,2.296,0.0,0.0,0.0
2022-11-19 01:00:00,2.444,1.256,2.297,0.0,0.0,0.0
2022-11-19 02:00:00,2.459,1.256,2.296,4.414576426425629,0.8888407664182049,3.101702220024876
2022-11-19 03:00:00,2.454,1.256,2.293,0.0,0.0,0.0
2022-11-19 04:00:00,2.463,1.257,2.294,0.0,0.0,0.0
2022-11-19 05:00:00,2.455,1.257,2.294,0.0,0.0,0.0
2022-11-19 06:00:00,2.455,1.257,2.295,0.0,0.0,0.0
2022-11-19 07:00:00,2.472,1.257,2.293,0.0,0.0,0.0
2022-11-19 08:00:00,2.482,1.26,2.294,0.0,0.0,0.0
2022-11-19 09:00:00,2.469,1.265,2.293,0.0,0.0,0.0
2022-11-19 10:00:00,2.49,1.289,2.298,0.0,0.0,0.0
2022-11-19 11:00:00,2.483,1.307,2.299,0.0,0.0,0.0
2022-11-19 12:00:00,2.497,1.313,2.305,0.0,0.0,0.0
2022-11-19 13:00:00,2.483,1.316,2.311,0.0,0.0,0.0
2022-11-19 14:00:00,2.491,1.316,2.311,0.0,0.0,0.0
2022-11-19 15:00:00,2.482,1.315,2.307,0.0,0.0,0.0
2022-11-19 16:00:00,2.475,1.312,2.305,0.0,0.0,0.0
2022-11-19 17:00:00,2.462,1.311,2.302,0.0,0.0,0.0
2022-11-19 18:00:00,2.466,1.309,2.3,0.0,0.0,0.0
2022-11-19 19:00:00,2.495,1.307,2.298,0.0,0.0,0.0
2022-11-19 20:00:00,2.461,1.306,2.296,0.0,0.49133462751136503,0.0
2022-11-19 21:00:00,2.489,1.306,2.298,0.0,0.0,0.0
2022-11-19 22:00:00,2.461,1.304,2.296,0.0,0.0,0.0
2022-11-19 23:00:00,2.484,1.304,2.297,0.0,0.0,0.0
2022-11-20 00:00:00,2.451,1.303,2.295,0.0,0.0,0.0
2022-11-20 01:00:00,2.454,1.302,2.296,0.0,0.0,0.0
2022-11-20 02:00:00,2.445,1.3,2.295,0.0,0.0,0.0
2022-11-20 03:00:00,2.465,1.3,2.293,0.0,0.0,0.6457839490340939
2022-11-20 04:00:00,2.467,1.3,2.294,0.0,0.0,0.0
2022-11-20 05:00:00,2.451,1.299,2.293,0.0,0.0,0.0
2022-11-20 06:00:00,2.457,1.299,2.292,0.0,0.0,0.0
2022-11-20 07:00:00,2.447,1.297,2.293,0.0,0.0,0.0
2022-11-20 08:00:00,2.447,1.301,2.294,3.326462580326894,0.0,0.0
2022-11-20 09:00:00,2.473,1.307,2.295,0.0,0.0,0.0
2022-11-20 10:00:00,2.49,1.312,2.296,0.0,0.0,0.0
2022-11-20 11:00:00,2.477,1.314,2.299,0.0,0.0,0.0
2022-11-20 12:00:00,2.495,1.316,2.304,12.562449980195,2.41404080581009,0.23248657970858977
2022-11-20 13:00:00,2.486,1.315,2.31,0.0,0.0,0.0
2022-11-20 14:00:00,2.47,1.314,2.31,0.0,0.0,0.0
2022-11-20 15:00:00,2.477,1.311,2.308,0.0,0.0,1.182436890705317
2022-11-20 16:00:00,2.484,1.309,2.303,0.0,0.0,0.0
2022-11-20 17:00:00,2.483,1.309,2.303,0.0,0.0,0.0
2022-11-20 18:00:00,2.485,1.308,2.302,0.0,0.0,0.0
2022-11-20 19:00:00,2.465,1.306,2.299,0.0,8.335611470877483,0.0
2022-11-20 20:00:00,2.457,1.305,2.3,0.0,0.0,0.0
2022-11-20 21:00:00,2.451,1.305,2.297,0.0,4.886372757385992,0.0
2022-11-20 22:00:00,2.462,1.306,2.297,0.0,0.0,0.0
2022-11-20 23:00:00,2.441,1.304,2.297,0.0,0.0,0.0
2022-11-21 00:00:00,2.462,1.304,2.296,0.0,0.0,0.0
2022-11-21 01:00:00,2.456,1.304,2.296,0.5575256514855573,1.112823126434923,0.5714488999059566
2022-11-21 02:00:00,2.45,1.302,2.296,0.0,0.0,0.0
2022-11-21 03:00:00,2.464,1.301,2.295,0.0,0.0,0.0
2022-11-21 04:00:00,2.457,1.301,2.294,0.0,0.0,0.0
2022-11-21 05:00:00,2.471,1.302,2.292,0.0,0.0,0.0
2022-11-21 06:00:00,2.456,1.298,2.293,0.0,1.2902612147246302,0.0
2022-11-21 07:00:00,2.452,1.297,2.292,0.0,0.0,0.0
2022-11-21 08:00:00,2.466,1.301,2.296,0.0,0.0,0.0
2022-11-21 09:00:00,2.465,1.308,2.295,0.0,0.0,2.488730086164296
2022-11-21 10:00:00,2.482,1.314,2.298,0.0,0.0,0.0
2022-11-21 11:00:00,2.498,1.313,2.3,0.4566787897611949,4.679450686913187,0.9803665413002627
2022-11-21 12:00:00,2.511,1.315,2.303,0.0,0.0,0.0
2022-11-21 13:00:00,2.498,1.314,2.31,0.0,2.0743736013829652,0.0
2022-11-21 14:00:00,2.503,1.315,2.31,0.0,2.55749776713585,0.0
2022-11-21 15:00:00,2.486,1.312,2.306,0.0,0.0,0.0
2022-11-21 16:00:00,2.486,1.312,2.305,0.0,0.0,1.1408383068612724
2022-11-21 17:00:00,2.469,1.309,2.303,0.0,0.0,0.0
2022-11-21 18:00:00,2.462,1.308,2.302,0.0,0.0,0.0
2022-11-21 19:00:00,2.471,1.307,2.299,0.0,0.0,0.0
2022-11-21 20:00:00,2.467,1.307,2.3,0.0,0.0,0.8453476887821505
2022-11-21 21:00:00,2.476,1.305,2.299,0.0,0.0,0.0
2022-11-21 22:00:00,2.482,1.305,2.298,0.0,0.0,0.0
2022-11-21 23:00:00,2.478,1.304,2.297,1.9197726963832107,0.0,0.0
2022-11-22 00:00:00,2.474,1.303,2.297,0.0,0.0,0.0
2022-11-22 01:00:00,2.487,1.305,2.297,0.0,0.0,0.0
2022-11-22 02:00:00,2.489,1.302,2.294,0.0,0.0,0.0
2022-11-22 03:00:00,2.4895,1.302,2.294,0.0,0.0,0.0
2022-11-22 04:00:00,2.49,1.302,2.296,0.0,0.0,0.0
2022-11-22 05:00:00,2.49,1.302,2.295,0.0,0.0,0.0
2022-11-22 06:00:00,2.492,1.302,2.293,0.0,0.0,0.0
2022-11-22 07:00:00,2.505,1.301,2.294,0.0,0.0,0.0
2022-11-22 08:00:00,2.494,1.304,2.297,0.0,0.0,0.0
2022-11-22 09:00:00,2.506,1.311,2.299,0.0,0.0,0.0
2022-11-22 10:00:00,2.52,1.316,2.3,0.0,0.0,0.0
2022-11-22 11:00:00,2.541,1.315,2.3,0.0,0.0,0.0
2022-11-22 12:00:00,2.525,1.315,2.305,0.0,0.0,0.0
2022-11-22 13:00:00,2.533,1.316,2.309,0.0,0.0,0.0
2022-11-22 14:00:00,2.519,1.3155000000000001,2.308,1.237025882734665,0.0,0.0
2022-11-22 15:00:00,2.525,1.315,2.306,0.0,0.0,0.0
2022-11-22 16:00:00,2.524,1.314,2.304,0.0,0.0,0.0
2022-11-22 17:00:00,2.504,1.312,2.302,0.0,0.0,0.0
2022-11-22 18:00:00,2.531,1.309,2.299,0.0,0.0,0.0
2022-11-22 19:00:00,2.512,1.307,2.299,0.0,0.0,0.0
2022-11-22 20:00:00,2.511,1.305,2.298,0.0,0.0,0.0
2022-11-22 21:00:00,2.516,1.306,2.298,2.2318221946219916,0.0,0.0
2022-11-22 22:00:00,2.497,1.305,2.297,0.0,0.0,0.0
2022-11-22 23:00:00,2.486,1.305,2.297,0.0,0.0,0.0
2022-11-23 00:00:00,2.496,1.303,2.296,0.0,0.0,0.0
2022-11-23 01:00:00,2.5,1.304,2.296,0.0,0.0,0.0
2022-11-23 02:00:00,2.517,1.302,2.295,0.0,0.0,0.0
2022-11-23 03:00:00,2.502,1.302,2.297,0.0,0.0,0.0
2022-11-23 04:00:00,2.515,1.301,2.295,0.0,0.0,0.0
2022-11-23 05:00:00,2.513,1.301,2.297,0.0,0.0,0.0
2022-11-23 06:00:00,2.516,1.302,2.296,0.0,0.0,0.0
2022-11-23 07:00:00,2.518,1.301,2.295,0.0,0.0,0.0
2022-11-23 08:00:00,2.508,1.304,2.296,0.0,0.0,1.7181761573736771
2022-11-23 09:00:00,2.517,1.31,2.298,0.0,0.0,0.0
2022-11-23 10:00:00,2.528,1.313,2.299,0.0,0.0,0.0
2022-11-23 11:00:00,2.538,1.314,2.301,0.0,0.0,0.0
2022-11-23 12:00:00,2.553,1.315,2.306,0.0,0.0,0.0
2022-11-23 13:00:00,2.541,1.315,2.31,0.0,0.0,0.0
2022-11-23 14:00:00,2.536,1.314,2.311,0.0,0.0,0.0
2022-11-23 15:00:00,2.531,1.311,2.306,0.0,0.0,0.0
2022-11-23 16:00:00,2.549,1.31,2.304,0.0,0.0,0.0
2022-11-23 17:00:00,2.522,1.308,2.302,0.0,0.0,0.0
2022-11-23 18:00:00,2.519,1.307,2.299,0.0,0.0,0.0
2022-11-23 19:00:00,2.526,1.304,2.298,0.0,0.0,0.0
2022-11-23 20:00:00,2.526,1.304,2.297,0.0,0.0,0.0
2022-11-23 21:00:00,2.551,1.305,2.298,0.0,0.0,0.0
2022-11-23 22:00:00,2.543,1.301,2.297,0.0,0.0,0.0
2022-11-23 23:00:00,2.574,1.302,2.297,0.0,0.0,0.0
2022-11-24 00:00:00,2.578,1.301,2.296,0.0,0.0,0.0
2022-11-24 01:00:00,2.566,1.299,2.296,0.0,0.0,0.0
2022-11-24 02:00:00,2.558,1.299,2.296,0.0,0.0,0.0
2022-11-24 03:00:00,2.558,1.299,2.295,0.0,0.0,0.0
2022-11-24 04:00:00,2.569,1.299,2.295,0.0,0.0,0.0
2022-11-24 05:00:00,2.56,1.297,2.294,0.0,0.0,1.0358350387164892
2022-11-24 06:00:00,2.564,1.298,2.295,0.0,0.0,0.0
2022-11-24 07:00:00,2.567,1.294,2.293,0.0,0.0,0.0
2022-11-24 08:00:00,2.569,1.297,2.295,0.0,0.0,0.0
2022-11-24 09:00:00,2.584,1.303,2.296,0.0,0.18322642939323727,0.0
2022-11-24 10:00:00,2.59,1.306,2.298,0.0,0.0,0.0
2022-11-24 11:00:00,2.592,1.308,2.301,0.0,0.0,0.0
2022-11-24 12:00:00,2.608,1.304,2.306,0.0,0.0,0.0
2022-11-24 13:00:00,2.597,1.304,2.31,0.0,0.0,0.0
2022-11-24 14:00:00,2.602,1.302,2.309,0.0,0.0,0.0
2022-11-24 15:00:00,2.599,1.303,2.307,0.0,0.0,0.0
2022-11-24 16:00:00,2.599,1.303,2.303,0.0,0.0,0.0
2022-11-24 17:00:00,2.58,1.3,2.303,8.371149991862762,4.399116123627736,0.8683709730470872
2022-11-24 18:00:00,2.59,1.298,2.301,0.0,0.0,0.0
2022-11-24 19:00:00,2.585,1.297,2.3,0.0,0.0,1.1724749339218672
2022-11-24 20:00:00,2.579,1.296,2.297,0.0,0.0,0.0
2022-11-24 21:00:00,2.57,1.294,2.297,0.0,0.0,0.0
2022-11-24 22:00:00,2.564,1.294,2.297,0.0,0.0,0.0
2022-11-24 23:00:00,2.586,1.293,2.297,0.0,0.0,1.810911038831497
2022-11-25 00:00:00,2.589,1.293,2.296,0.0,0.0,0.0
2022-11-25 01:00:00,2.587,1.293,2.295,0.0,0.0,0.0
2022-11-25 02:00:00,2.583,1.293,2.295,0.801912500740482,0.0,0.0
2022-11-25 03:00:00,2.569,1.292,2.294,0.0,0.0,0.0
2022-11-25 04:00:00,2.589,1.292,2.293,0.0,0.0,0.0
2022-11-25 05:00:00,2.58,1.292,2.294,0.0,0.0,0.0
2022-11-25 06:00:00,2.575,1.293,2.294,0.0,0.0,0.0
2022-11-25 07:00:00,2.583,1.294,2.292,0.0,0.0,0.0
2022-11-25 08:00:00,2.597,1.296,2.294,0.0,0.0,0.0
2022-11-25 09:00:00,2.609,1.3,2.2960000000000003,9.938280188006761,1.0746298427965952,10.288095834953563
2022-11-25 10:00:00,2.609,1.302,2.298,0.0,0.0,0.0
2022-11-25 11:00:00,2.617,1.303,2.3,2.0243958002001077,0.0,0.0
2022-11-25 12:00:00,2.614,1.306,2.306,0.0,0.0,0.0
2022-11-25 13:00:00,2.631,1.307,2.31,0.0,0.0,0.0
2022-11-25 14:00:00,2.613,1.306,2.312,0.0,0.0,0.0
2022-11-25 15:00:00,2.629,1.304,2.306,0.0,4.1612529120611095,0.0
2022-11-25 16:00:00,2.609,1.303,2.304,0.0,0.0,0.0
2022-11-25 17:00:00,2.592,1.302,2.303,0.0,0.0,0.0
2022-11-25 18:00:00,2.599,1.299,2.301,0.0,0.0,0.0
2022-11-25 19:00:00,2.604,1.298,2.3,0.0,0.0,0.0
2022-11-25 20:00:00,2.5995,1.297,2.299,0.0,0.0,0.0
2022-11-25 21:00:00,2.595,1.296,2.297,0.0,0.0,0.0
2022-11-25 22:00:00,2.626,1.296,2.297,0.0,0.0,0.0
2022-11-25 23:00:00,2.591,1.296,2.298,0.0,0.0,0.0
2022-11-26 00:00:00,2.588,1.295,2.297,0.0,0.0,0.0
2022-11-26 01:00:00,2.587,1.294,2.295,0.0,0.0,0.0
2022-11-26 02:00:00,2.589,1.294,2.295,0.0,0.0,0.0
2022-11-26 03:00:00,2.585,1.295,2.293,0.0,0.0,0.0
2022-11-26 04:00:00,2.582,1.294,2.295,0.0,0.0,0.0
2022-11-26 05:00:00,2.589,1.293,2.292,0.0,0.0,0.0
2022-11-26 06:00:00,2.588,1.293,2.292,0.0,0.0,0.0
2022-11-26 07:00:00,2.581,1.295,2.292,0.0,0.0,0.0
2022-11-26 08:00:00,2.6,1.296,2.294,0.0,0.0,0.0
2022-11-26 09:00:00,2.608,1.301,2.295,0.0,0.0,0.0
2022-11-26 10:00:00,2.611,1.306,2.297,0.0,0.0,0.0
2022-11-26 11:00:00,2.622,1.307,2.299,0.0,0.0,0.0
2022-11-26 12:00:00,2.623,1.308,2.305,0.0,0.0,0.0
2022-11-26 13:00:00,2.646,1.307,2.309,0.0,0.0,0.0
2022-11-26 14:00:00,2.623,1.307,2.311,0.0,0.0,0.0
2022-11-26 15:00:00,2.628,1.302,2.305,0.0,0.0,0.0
2022-11-26 16:00:00,2.606,1.302,2.305,0.0,0.0,0.0
2022-11-26 17:00:00,2.611,1.3,2.301,0.0,0.0,0.0
2022-11-26 18:00:00,2.599,1.295,2.3,0.0,0.0,0.0
2022-11-26 19:00:00,2.601,1.295,2.3,0.0,0.0,0.0
2022-11-26 20:00:00,2.593,1.295,2.299,0.0,0.0,0.0
2022-11-26 21:00:00,2.588,1.294,2.298,0.14268074145579998,6.4426102738476745,1.5788588464768614
2022-11-26 22:00:00,2.608,1.293,2.296,0.010891201788320768,0.0,0.0
2022-11-26 23:00:00,2.588,1.293,2.296,0.0,2.6251030422568777,0.0
2022-11-27 00:00:00,2.587,1.292,2.296,0.0,5.566569936617657,0.0
2022-11-27 01:00:00,2.578,1.292,2.295,0.0,0.0,0.0
2022-11-27 02:00:00,2.593,1.292,2.295,0.0,0.0,0.0
2022-11-27 03:00:00,2.584,1.291,2.294,0.0,0.0,0.0
2022-11-27 04:00:00,2.581,1.291,2.295,0.0,0.0,0.0
2022-11-27 05:00:00,2.61,1.291,2.294,0.0,0.0,0.0
2022-11-27 06:00:00,2.587,1.29,2.293,0.0,0.0,0.0
2022-11-27 07:00:00,2.589,1.289,2.293,0.0,0.0,0.0
2022-11-27 08:00:00,2.597,1.293,2.294,0.0,0.0,0.0
2022-11-27 09:00:00,2.602,1.298,2.296,0.0,0.0,0.0
2022-11-27 10:00:00,2.607,1.303,2.297,0.0,0.0,0.0
2022-11-27 11:00:00,2.619,1.304,2.3,0.0,0.0,0.0
2022-11-27 12:00:00,2.629,1.304,2.303,0.0,0.0,0.0
2022-11-27 13:00:00,2.629,1.304,2.309,0.0,0.0,0.0
2022-11-27 14:00:00,2.627,1.304,2.309,0.0,0.0,0.0
2022-11-27 15:00:00,2.619,1.303,2.307,0.0,0.0,0.0
2022-11-27 16:00:00,2.609,1.301,2.304,0.0,0.0,0.0
2022-11-27 17:00:00,2.614,1.299,2.301,0.0,0.0,0.0
2022-11-27 18:00:00,2.596,1.296,2.301,0.0,0.3786652184427861,0.0
2022-11-27 19:00:00,2.602,1.295,2.299,0.0,0.0,0.0
2022-11-27 20:00:00,2.615,1.294,2.298,0.0,0.0,0.0
2022-11-27 21:00:00,2.578,1.293,2.298,0.0,0.0,0.0
2022-11-27 22:00:00,2.592,1.292,2.297,0.0,0.0,0.0
2022-11-27 23:00:00,2.587,1.293,2.296,0.0,0.0,0.0
2022-11-28 00:00:00,2.592,1.292,2.297,0.0,0.0,1.2003942875519522
2022-11-28 01:00:00,2.595,1.292,2.296,0.0,0.0,0.0
2022-11-28 02:00:00,2.602,1.291,2.295,7.165525534516533,1.535554530108813,9.73759107646011
2022-11-28 03:00:00,2.597,1.291,2.295,0.0,0.0,0.0
2022-11-28 04:00:00,2.598,1.292,2.293,0.0,0.0,0.0
2022-11-28 05:00:00,2.595,1.29,2.293,0.0,0.0,0.0
2022-11-28 06:00:00,2.599,1.29,2.293,0.0,0.0,0.0
2022-11-28 07:00:00,2.598,1.29,2.293,0.0,0.0,0.0
2022-11-28 08:00:00,2.605,1.293,2.294,0.0,0.0,0.0
2022-11-28 09:00:00,2.619,1.299,2.294,0.0,0.0,0.0
2022-11-28 10:00:00,2.624,1.302,2.297,0.0,0.0,0.0
2022-11-28 11:00:00,2.63,1.304,2.3,0.0,0.0,0.0
2022-11-28 12:00:00,2.631,1.305,2.304,0.0,0.0,0.0
2022-11-28 13:00:00,2.609,1.304,2.31,0.0,0.0,0.0
2022-11-28 14:00:00,2.622,1.304,2.31,0.0,0.0,0.0
2022-11-28 15:00:00,2.644,1.304,2.307,0.0,0.0,0.0
2022-11-28 16:00:00,2.633,1.302,2.304,0.0,0.0,0.0
2022-11-28 17:00:00,2.611,1.299,2.302,0.8053656844443426,0.37951957007152487,7.091830694491516
2022-11-28 18:00:00,2.621,1.296,2.3,0.0,0.0,0.0
2022-11-28 19:00:00,2.618,1.294,2.3,0.0,0.0,0.0
2022-11-28 20:00:00,2.607,1.294,2.298,0.0,0.0,0.0
2022-11-28 21:00:00,2.607,1.293,2.296,0.0,0.0,0.0
2022-11-28 22:00:00,2.606,1.293,2.296,0.0,0.0,0.0
2022-11-28 23:00:00,2.602,1.292,2.295,0.0,0.0,0.0
2022-11-29 00:00:00,2.612,1.291,2.296,0.0,0.0,0.0
2022-11-29 01:00:00,2.62,1.291,2.295,0.0,0.0,0.0
2022-11-29 02:00:00,2.599,1.29,2.293,1.8666181206895782,9.599704360289113,0.9751611297441207
2022-11-29 03:00:00,2.604,1.29,2.295,0.0,0.0,0.0
2022-11-29 04:00:00,2.607,1.291,2.294,1.2509904180533287,0.0,0.0
2022-11-29 05:00:00,2.61,1.29,2.292,0.0,0.0,0.5754567295979023
2022-11-29 06:00:00,2.619,1.29,2.293,0.0,0.0,0.0
2022-11-29 07:00:00,2.618,1.291,2.294,0.0,0.0,0.0
2022-11-29 08:00:00,2.615,1.288,2.295,0.0,0.0,0.0
2022-11-29 09:00:00,2.62,1.297,2.295,0.0,0.0,0.0
2022-11-29 10:00:00,2.637,1.302,2.298,0.0,0.0,0.0
2022-11-29 11:00:00,2.641,1.303,2.3,0.0,0.0,0.0
2022-11-29 12:00:00,2.642,1.302,2.305,0.0,0.0,0.0
2022-11-29 13:00:00,2.652,1.302,2.31,0.5163741807106461,9.89963304951181,0.12216996147377823
2022-11-29 14:00:00,2.65,1.301,2.31,0.0,0.0,0.0
2022-11-29 15:00:00,2.6494999999999997,1.3005,2.308,0.0,0.0,0.0
2022-11-29 16:00:00,2.649,1.3,2.305,0.0,0.0,0.0
2022-11-29 17:00:00,2.646,1.297,2.302,0.0,0.0,0.0
2022-11-29 18:00:00,2.6444,1.293,2.301,0.0,0.0,0.0
2022-11-29 19:00:00,2.6428,1.293,2.3,0.0,0.0,0.0
2022-11-29 20:00:00,2.6412,1.292,2.299,0.0,0.0,0.0
2022-11-29 21:00:00,2.6395999999999997,1.292,2.298,0.0,0.0,0.0
2022-11-29 22:00:00,2.638,1.29,2.298,0.0,0.0,0.0
2022-11-29 23:00:00,2.63975,1.28925,2.297,0.0,0.0,0.0
2022-11-30 00:00:00,2.6415,1.2885,2.2963333333333336,0.0,0.0,0.0
2022-11-30 01:00:00,2.64325,1.28775,2.2956666666666665,1.802901325714016,0.0,0.0
2022-11-30 02:00:00,2.645,1.287,2.295,0.0,0.0,0.0
2022-11-30 03:00:00,2.6470000000000002,1.287,2.293,0.0,0.0,0.0
2022-11-30 04:00:00,2.649,1.287,2.294,0.0,0.0,0.0
2022-11-30 05:00:00,2.6550000000000002,1.286,2.294,0.0,0.0,0.0
2022-11-30 06:00:00,2.661,1.286,2.294,0.0,0.0,0.0
2022-11-30 07:00:00,2.677,1.287,2.294,0.0,0.0,0.0
2022-11-30 08:00:00,2.674,1.29,2.295,0.0,0.0,0.0
2022-11-30 09:00:00,2.69,1.297,2.297,0.0,0.0,0.0
2022-11-30 10:00:00,2.701,1.302,2.298,0.0,0.0,0.0
2022-11-30 11:00:00,2.6966666666666668,1.303,2.3026666666666666,0.0,0.0,0.0
2022-11-30 12:00:00,2.6923333333333335,1.303,2.3073333333333332,4.579235631918801,0.0,0.0
2022-11-30 13:00:00,2.688,1.303,2.312,0.0,0.0,0.0
2022-11-30 14:00:00,2.713,1.302,2.312,0.0,0.0,0.0
2022-11-30 15:00:00,2.706,1.301,2.307,0.0,0.0,0.0
2022-11-30 16:00:00,2.701,1.3,2.305,0.0,0.0,0.0
2022-11-30 17:00:00,2.703,1.298,2.302,0.0,0.0,0.0
2022-11-30 18:00:00,2.682,1.296,2.302,0.0,0.0,0.0
2022-11-30 19:00:00,2.6784999999999997,1.295,2.299,0.0,0.0,0.0
2022-11-30 20:00:00,2.675,1.293,2.299,0.0,0.0,0.0
2022-11-30 21:00:00,2.669,1.294,2.297,0.0,0.0,0.0
2022-11-30 22:00:00,2.696,1.292,2.297,0.0,0.0,0.0
2022-11-30 23:00:00,2.698,1.291,2.298,0.0,0.0,0.0
2022-12-01 00:00:00,2.678,1.291,2.296,0.0,0.0,0.0
2022-12-01 01:00:00,2.694,1.29,2.296,0.0,0.0,0.0
2022-12-01 02:00:00,2.694,1.29,2.296,0.0,0.0,0.0
2022-12-01 03:00:00,2.679,1.288,2.295,0.0,0.0,0.0
2022-12-01 04:00:00,2.675,1.2883333333333333,2.2945,0.024021134686032796,0.0,0.0
2022-12-01 05:00:00,2.671,1.2886666666666666,2.294,0.0,0.0,0.0
2022-12-01 06:00:00,2.667,1.289,2.295,0.0,0.0,0.0
2022-12-01 07:00:00,2.6645,1.291,2.2954999999999997,4.920617772509234,0.0,0.0
2022-12-01 08:00:00,2.662,1.293,2.296,0.0,0.0,0.0
2022-12-01 09:00:00,2.6676666666666664,1.298,2.29825,0.0,0.0,1.8801568009666632
2022-12-01 10:00:00,2.6733333333333333,1.3014999999999999,2.3005,0.0,0.0,0.0
2022-12-01 11:00:00,2.679,1.305,2.30275,0.0,0.0,0.0
2022-12-01 12:00:00,2.701,1.304,2.305,0.0,0.0,0.0
2022-12-01 13:00:00,2.71,1.305,2.3198383233532938,0.0,0.0,0.0
2022-12-01 14:00:00,2.709,1.302,2.334676646706587,0.0,0.0,0.0
2022-12-01 15:00:00,2.698,1.3,2.3495149700598805,0.0,0.0,0.0
2022-12-01 16:00:00,2.68,1.3,2.3643532934131737,0.0,0.0,0.0
2022-12-01 17:00:00,2.696,1.298,2.3791916167664673,0.0,0.0,0.0
2022-12-01 18:00:00,2.684,1.295,2.3940299401197604,0.0,0.0,0.0
2022-12-01 19:00:00,2.665,1.2943333333333333,2.408868263473054,0.0,0.0,0.0
2022-12-01 20:00:00,2.678,1.2936666666666665,2.4237065868263477,0.0,0.0,1.1116096772178161
2022-12-01 21:00:00,2.691,1.293,2.438544910179641,0.0,0.0,0.0
2022-12-01 22:00:00,2.686,1.292,2.4533832335329344,0.0,0.0,0.0
2022-12-01 23:00:00,2.69,1.291,2.4682215568862276,0.0,0.0,0.0
2022-12-02 00:00:00,2.69,1.29,2.483059880239521,0.0,0.0,0.0
2022-12-02 01:00:00,2.69,1.29,2.497898203592815,0.0,0.0,0.0
2022-12-02 02:00:00,2.685,1.29,2.512736526946108,0.0,0.0,0.0
2022-12-02 03:00:00,2.691,1.29,2.5275748502994015,0.0,5.031464364774202,0.0
2022-12-02 04:00:00,2.708,1.289,2.5424131736526947,0.0,0.0,0.0
2022-12-02 05:00:00,2.7015000000000002,1.2894999999999999,2.5572514970059883,0.0,0.0,0.0
2022-12-02 06:00:00,2.695,1.29,2.5720898203592815,0.0,0.0,0.0
2022-12-02 07:00:00,2.699,1.2905,2.586928143712575,0.0,0.0,0.0
2022-12-02 08:00:00,2.703,1.291,2.6017664670658682,0.0,0.0,0.0
2022-12-02 09:00:00,2.721,1.297,2.616604790419162,0.0,0.0,0.0
2022-12-02 10:00:00,2.719,1.298,2.6314431137724554,0.0,0.0,0.0
2022-12-02 11:00:00,2.72,1.298,2.6462814371257486,0.0,0.0,0.0
2022-12-02 12:00:00,2.734,1.3,2.661119760479042,0.0,0.0,0.0
2022-12-02 13:00:00,2.727,1.299,2.661119760479042,0.0,0.0,0.0
2022-12-02 14:00:00,2.718,1.298,2.661119760479042,0.0,0.0,0.0
2022-12-02 15:00:00,2.721,1.297,2.6761685565040136,0.0,0.0,0.0
2022-12-02 16:00:00,2.714,1.296,2.6912173525289846,0.0,0.0,0.0
2022-12-02 17:00:00,2.7070000000000003,1.294,2.706266148553956,0.0,0.0,0.0
2022-12-02 18:00:00,2.7,1.291,2.7213149445789275,0.0,0.0,0.0
2022-12-02 19:00:00,2.698,1.29,2.736363740603899,0.0,0.0,0.0
2022-12-02 20:00:00,2.6915,1.289,2.7514125366288704,0.0,0.0,0.0
2022-12-02 21:00:00,2.685,1.288,2.7664613326538414,0.0,2.07850884042526,0.0
2022-12-02 22:00:00,2.679,1.288,2.781510128678813,0.0,0.7152812345694743,0.0
2022-12-02 23:00:00,2.682,1.288,2.7965589247037843,0.0,0.0,0.0
2022-12-03 00:00:00,2.675,1.287,2.8116077207287553,0.0,0.0,0.0
2022-12-03 01:00:00,2.684,1.287,2.8266565167537268,0.0,0.0,0.0
2022-12-03 02:00:00,2.693,1.286,2.841705312778698,0.0,0.0,0.0
2022-12-03 03:00:00,2.679,1.286,2.8567541088036696,0.0,0.0,0.0
2022-12-03 04:00:00,2.679,1.286,2.871802904828641,0.0,0.0,0.0
2022-12-03 05:00:00,2.671,1.286,2.886851700853612,0.0,0.0,0.0
2022-12-03 06:00:00,2.68,1.286,2.9019004968785835,7.7254810641937475,0.0,0.0
2022-12-03 07:00:00,2.69,1.286,2.916949292903555,0.1697247888402197,2.707712227033761,0.16445837250865586
2022-12-03 08:00:00,2.681,1.286,2.931998088928526,0.0,0.0,0.0
2022-12-03 09:00:00,2.692,1.291,2.9470468849534974,0.0,0.0,0.0
2022-12-03 10:00:00,2.7025,1.296,2.962095680978469,0.0,0.0,0.0
2022-12-03 11:00:00,2.713,1.298,2.9771444770034403,0.0,0.0,0.0
2022-12-03 12:00:00,2.718,1.3,2.9921932730284118,0.0,0.0,0.0
2022-12-03 13:00:00,2.723,1.3,3.0072420690533828,0.0,0.0,0.46577800739874625
2022-12-03 14:00:00,2.715,1.299,3.022290865078354,0.0,0.0,0.0
2022-12-03 15:00:00,2.708,1.296,3.022290865078354,0.0,0.0,0.0
2022-12-03 16:00:00,2.685,1.295,3.022290865078354,0.0,0.0,0.0
2022-12-03 17:00:00,2.696,1.293,3.022290865078354,0.0,0.0,0.0
2022-12-03 18:00:00,2.708,1.291,3.022290865078354,0.0,0.0,0.0
2022-12-03 19:00:00,2.685,1.289,3.022290865078354,0.0,0.0,0.0
2022-12-03 20:00:00,2.673,1.287,3.022290865078354,0.0,0.0,0.0
2022-12-03 21:00:00,2.692,1.287,3.022290865078354,0.0,0.0,0.0
2022-12-03 22:00:00,2.681,1.286,3.022290865078354,0.0,0.0,0.0
2022-12-03 23:00:00,2.673,1.286,3.022290865078354,0.0,0.0,0.0
2022-12-04 00:00:00,2.67,1.286,3.022290865078354,0.0,0.0,0.0
2022-12-04 01:00:00,2.669,1.286,3.022290865078354,7.145362269141662,21.813965049074177,0.13869343596205141
2022-12-04 02:00:00,2.666,1.284,3.022290865078354,0.0,0.0,0.0
2022-12-04 03:00:00,2.675,1.284,3.022290865078354,0.0,0.0,0.0
2022-12-04 04:00:00,2.671,1.284,3.022290865078354,0.0,0.0,0.0
2022-12-04 05:00:00,2.676,1.284,3.022290865078354,0.0,0.0,0.0
2022-12-04 06:00:00,2.702,1.284,3.022290865078354,0.0,0.0,0.0
2022-12-04 07:00:00,2.672,1.284,3.022290865078354,0.0,0.0,0.0
2022-12-04 08:00:00,2.683,1.286,3.022290865078354,0.0,0.0,0.0
2022-12-04 09:00:00,2.693,1.29,3.022290865078354,0.0,0.0,0.0
2022-12-04 10:00:00,2.708,1.295,3.022290865078354,0.0,0.0,0.0
2022-12-04 11:00:00,2.715,1.295,3.022290865078354,0.0,0.0,0.0
2022-12-04 12:00:00,2.711,1.295,3.022290865078354,5.6855968202240605,0.0,0.0
2022-12-04 13:00:00,2.72,1.298,3.022290865078354,0.0,0.0,0.0
2022-12-04 14:00:00,2.708,1.296,3.022290865078354,0.0,0.0,0.0
2022-12-04 15:00:00,2.708,1.296,3.022290865078354,9.802294622084023,0.0,0.0
2022-12-04 16:00:00,2.712,1.295,3.022290865078354,0.0,0.0,0.0
2022-12-04 17:00:00,2.709,1.293,3.022290865078354,0.0,0.0,0.0
2022-12-04 18:00:00,2.736,1.29,3.022290865078354,0.0,0.0,0.0
2022-12-04 19:00:00,2.727,1.287,3.022290865078354,0.0,0.0,0.0
2022-12-04 20:00:00,2.682,1.288,3.022290865078354,0.0,0.0,0.0
2022-12-04 21:00:00,2.69,1.287,3.022290865078354,0.0,0.06308220410899126,0.0
2022-12-04 22:00:00,2.702,1.287,3.022290865078354,0.0,0.0,0.0
2022-12-04 23:00:00,2.703,1.286,3.022290865078354,0.0,0.0,0.0
2022-12-05 00:00:00,2.72,1.284,3.022290865078354,0.0,0.0,0.0
2022-12-05 01:00:00,2.741,1.284,3.022290865078354,1.200912644303743,11.97139569922416,5.7567029307310635
2022-12-05 02:00:00,2.769,1.284,3.022290865078354,0.0,0.0,0.0
2022-12-05 03:00:00,2.802,1.283,3.022290865078354,0.0,0.0,3.469361126144453
2022-12-05 04:00:00,2.813,1.283,3.022290865078354,0.45750948237654976,0.7098016434188078,8.383121595731707
2022-12-05 05:00:00,2.808,1.282,3.022290865078354,0.0,0.0,0.0
2022-12-05 06:00:00,2.811,1.283,3.022290865078354,0.0,3.3199590038503786,0.0
2022-12-05 07:00:00,2.781,1.283,3.022290865078354,4.556625891536626,0.0,0.0
2022-12-05 08:00:00,2.789,1.285,3.022290865078354,0.0,0.0,0.0
2022-12-05 09:00:00,2.814,1.294,3.022290865078354,0.0,0.0,0.0
2022-12-05 10:00:00,2.826,1.3,3.022290865078354,0.0,0.0,0.0
2022-12-05 11:00:00,2.832,1.301,3.022290865078354,0.0,0.0,0.0
2022-12-05 12:00:00,2.813,1.301,3.022290865078354,0.0,0.0,0.0
2022-12-05 13:00:00,2.83,1.3,3.022290865078354,0.0,0.0,0.0
2022-12-05 14:00:00,2.814,1.3,3.022290865078354,0.0,0.0,3.494812373873761
2022-12-06 11:00:00,2.815,1.298,4.783,0.0,0.0,0.0
2022-12-06 12:00:00,2.826,1.297,4.783,0.0,0.0,0.0
2022-12-06 13:00:00,2.798,1.297,4.783,1.2199692318759547,0.0,1.1984509380228046
2022-12-06 14:00:00,2.807,1.296,4.783,0.0,0.0,0.0
2022-12-06 15:00:00,2.803,1.295,4.783,0.0,3.6781899841942383,0.0
2022-12-06 16:00:00,2.79,1.294,4.783,0.0,0.0,0.0
2022-12-06 17:00:00,2.798,1.291,4.783,0.0,3.739284990902011,0.0
2022-12-06 18:00:00,2.794,1.286,4.783,0.0,0.0,0.0
2022-12-06 19:00:00,2.79,1.285,4.783,0.0,0.0,0.0
2022-12-06 20:00:00,2.789,1.284,4.783,0.0,0.0,0.0
2022-12-06 21:00:00,2.788,1.283,4.783,0.0,0.0,0.0
2022-12-06 22:00:00,2.798,1.282,4.783,0.0,0.0,0.0
2022-12-06 23:00:00,2.792,1.282,4.783,0.0,0.0,0.0
2022-12-07 00:00:00,2.809,1.282,4.783,0.0,0.0,0.0
2022-12-07 01:00:00,2.795,1.281,4.783,0.0,0.0,0.6117099515292914
2022-12-07 02:00:00,2.777,1.28,4.783,0.0,0.0,0.0
2022-12-07 03:00:00,2.782,1.28,4.783,0.0,0.0,1.4223292045752909
2022-12-07 04:00:00,2.78,1.28,4.783,0.0,0.0,0.0
2022-12-07 05:00:00,2.775,1.278,4.783,0.0,0.0,0.0
2022-12-07 06:00:00,2.775,1.278,4.783,0.0,0.0,0.0
2022-12-07 07:00:00,2.786,1.279,4.783,0.0,0.0,0.0
2022-12-07 08:00:00,2.778,1.282,4.783,0.0,0.0,0.0
2022-12-07 09:00:00,2.802,1.29,4.783,0.0,0.0,0.0
2022-12-07 10:00:00,2.804,1.296,4.783,0.0,0.0,0.0
2022-12-07 11:00:00,2.808,1.294,4.783,0.0,0.0,0.0
2022-12-07 12:00:00,2.816,1.294,4.783,0.0,0.0,0.0
2022-12-07 13:00:00,2.823,1.294,4.783,0.0,0.0,0.0
2022-12-07 14:00:00,2.825,1.295,4.783,0.0,0.0,0.0
2022-12-07 15:00:00,2.812,1.294,4.783,0.0,12.485712137366555,0.0
2022-12-07 16:00:00,2.814,1.292,4.783,0.0,0.0,0.0
2022-12-07 17:00:00,2.813,1.288,4.783,0.0,0.0,0.0
2022-12-07 18:00:00,2.806,1.286,4.783,0.0,0.0,0.0
2022-12-07 19:00:00,2.815,1.285,4.783,0.0,0.0,0.0
2022-12-07 20:00:00,2.815,1.285,4.783,0.0,0.0,0.0
2022-12-07 21:00:00,2.815,1.284,4.783,0.0,0.0,0.0
2022-12-07 22:00:00,2.804,1.284,4.783,0.0,0.0,0.0
2022-12-07 23:00:00,2.81,1.283,4.783,7.645823805276904,0.0,0.0
2022-12-08 00:00:00,2.812,1.282,4.783,0.0,0.0,0.0
2022-12-08 01:00:00,2.809,1.28,4.783,0.0,0.0,0.0
2022-12-08 02:00:00,2.801,1.281,4.783,0.0,0.0,0.0
2022-12-08 03:00:00,2.812,1.279,4.783,0.0,0.0,0.0
2022-12-08 04:00:00,2.805,1.277,4.783,0.0,0.0,0.0
2022-12-08 05:00:00,2.811,1.277,4.783,0.0,0.0,0.0
2022-12-08 06:00:00,2.822,1.276,4.783,0.0,0.0,0.0
2022-12-08 07:00:00,2.835,1.28,4.783,0.0,0.0,0.0
2022-12-08 08:00:00,2.831,1.283,4.783,0.42504966914241354,0.0,0.0
2022-12-08 09:00:00,2.836,1.287,4.783,0.0,0.0,0.0
2022-12-08 10:00:00,2.85,1.294,4.783,0.0,0.0,0.0
2022-12-08 11:00:00,2.847,1.297,4.783,0.0,0.0,0.0
2022-12-08 12:00:00,2.852,1.299,1.666,0.0,0.0,0.0
2022-12-08 13:00:00,2.837,1.299,1.668,0.7283347276085284,0.3784714160922662,3.6279637853975935
2022-12-08 14:00:00,2.839,1.296,1.666,0.0,4.7587640827072715,0.0
2022-12-08 15:00:00,2.834,1.295,1.6655,0.0,0.0,0.0
2022-12-08 16:00:00,2.837,1.292,1.665,0.0,0.0,0.0
2022-12-08 17:00:00,2.832,1.289,1.661,0.0,0.0,0.0
2022-12-08 18:00:00,2.831,1.287,1.658,0.0,0.0,0.0
2022-12-08 19:00:00,2.826,1.284,1.657,0.0,0.0,0.0
2022-12-08 20:00:00,2.825,1.285,1.656,0.0,0.0,0.0
2022-12-08 21:00:00,2.827,1.284,1.653,0.0,0.0,0.0
2022-12-08 22:00:00,2.846,1.284,1.653,0.0,0.0,0.0
2022-12-08 23:00:00,2.831,1.284,1.653,0.0,0.0,0.0
2022-12-09 00:00:00,2.827,1.281,1.65,0.0,0.0,0.0
2022-12-09 01:00:00,2.858,1.282,1.651,0.0,0.0,0.0
2022-12-09 02:00:00,2.837,1.282,1.65,0.0,0.0,0.0
2022-12-09 03:00:00,2.821,1.28,1.649,0.0,0.0,0.0
2022-12-09 04:00:00,2.816,1.279,1.648,0.0,0.0,0.0
2022-12-09 05:00:00,2.834,1.279,1.647,0.0,0.0,0.0
2022-12-09 06:00:00,2.838,1.279,1.647,0.0,0.0,0.0
2022-12-09 07:00:00,2.831,1.281,1.646,0.0,0.0,0.0
2022-12-09 08:00:00,2.823,1.282,1.65,0.0,0.0,0.0
2022-12-09 09:00:00,2.848,1.292,1.651,0.0,0.0,0.0
2022-12-09 10:00:00,2.857,1.298,1.653,0.0,0.0,0.0
2022-12-09 11:00:00,2.866,1.3,1.655,0.0,0.0,0.0
2022-12-09 12:00:00,2.894,1.3,1.66,0.0,0.0,0.0
2022-12-09 13:00:00,2.88,1.301,1.6629999999999998,0.0,0.0,0.0
2022-12-09 14:00:00,2.875,1.299,1.666,0.0,0.0,0.5782499272983926
2022-12-09 15:00:00,2.859,1.299,1.6633333333333333,0.0,0.0,0.0
2022-12-09 16:00:00,2.848,1.299,1.6606666666666665,0.0,3.311118773598969,0.0
2022-12-09 17:00:00,2.837,1.295,1.658,0.0,0.0,0.0
2022-12-09 18:00:00,2.832,1.293,1.654,0.0,0.0,0.0
2022-12-09 19:00:00,2.83,1.291,1.652,0.0,0.0,0.0
2022-12-09 20:00:00,2.818,1.29,1.6515,0.0,0.0,0.0
2022-12-09 21:00:00,2.827,1.29,1.651,0.0,0.0,0.0
2022-12-09 22:00:00,2.836,1.29,1.65,0.30264138541367364,0.0,0.0
2022-12-09 23:00:00,2.822,1.288,1.648,0.0,0.0,0.0
2022-12-10 00:00:00,2.824,1.288,1.647,0.0,0.0,0.0
2022-12-10 01:00:00,2.816,1.288,1.6465,0.0,0.0,0.0
2022-12-10 02:00:00,2.82,1.287,1.646,0.0,2.3032474608713733,0.0
2022-12-10 03:00:00,2.824,1.287,1.646,0.0,0.0,0.0
2022-12-10 04:00:00,2.82,1.286,1.645,0.0,0.0,0.0
2022-12-10 05:00:00,2.824,1.288,1.642,0.0,0.0,0.0
2022-12-10 06:00:00,2.819,1.288,1.643,0.0,0.0,0.0
2022-12-10 07:00:00,2.821,1.287,1.644,0.0,0.0,0.0
2022-12-10 08:00:00,2.816,1.291,1.644,0.0,0.0,0.0
2022-12-10 09:00:00,2.832,1.296,1.647,0.0,0.0,0.0
2022-12-10 10:00:00,2.838,1.303,1.65,0.0,0.0,0.0
2022-12-10 11:00:00,2.843,1.303,1.652,0.0,0.0,0.0
2022-12-10 12:00:00,2.862,1.304,1.655,0.0,0.0,0.0
2022-12-10 13:00:00,2.852,1.305,1.662,0.0,0.0,0.0
2022-12-10 14:00:00,2.844,1.303,1.662,0.0,0.0,0.0
2022-12-10 15:00:00,2.825,1.303,1.661,0.0,0.0,0.0
2022-12-10 16:00:00,2.862,1.301,1.656,0.45112858807132916,3.457972665901224,0.7464577724377024
2022-12-10 17:00:00,2.862,1.296,1.655,0.0,0.0,0.0
2022-12-10 18:00:00,2.848,1.294,1.651,0.0,0.0,0.0
2022-12-10 19:00:00,2.848,1.293,1.649,0.0,0.0,0.0
2022-12-10 20:00:00,2.847,1.291,1.649,0.0,0.0,0.0
2022-12-10 21:00:00,2.845,1.291,1.646,0.0,0.0,0.0
2022-12-10 22:00:00,2.833,1.29,1.647,0.0,0.0,0.0
2022-12-10 23:00:00,2.837,1.289,1.646,0.0,0.0,0.0
2022-12-11 00:00:00,2.826,1.29,1.644,0.0,0.0,0.0
2022-12-11 01:00:00,2.839,1.29,1.643,0.0,0.0,0.0
2022-12-11 02:00:00,2.845,1.289,1.641,0.0,0.0,4.543551968553168
2022-12-11 03:00:00,2.856,1.289,1.641,0.0,0.0,0.0
2022-12-11 04:00:00,2.815,1.289,1.642,0.0,0.0,0.0
2022-12-11 05:00:00,2.825,1.288,1.64,0.0,0.0,0.0
2022-12-11 06:00:00,2.831,1.289,1.639,0.0,0.0,0.0
2022-12-11 07:00:00,2.824,1.288,1.641,0.0,0.0,0.0
2022-12-11 08:00:00,2.826,1.289,1.641,0.8226935899510814,0.0,0.0
2022-12-11 09:00:00,2.821,1.294,1.643,0.0,0.0,0.0
2022-12-11 10:00:00,2.833,1.299,1.647,0.0,0.0,0.0
2022-12-11 11:00:00,2.878,1.302,1.65,0.0,0.0,0.0
2022-12-11 12:00:00,2.854,1.301,1.654,0.0,0.0,0.0
2022-12-11 13:00:00,2.863,1.302,1.659,0.0,0.0,0.0
2022-12-11 14:00:00,2.86,1.302,1.66,1.0324949574191749,1.3367614281790587,0.9031382874914672
2022-12-11 15:00:00,2.846,1.3,1.655,0.8367370198620011,0.0,0.0
2022-12-11 16:00:00,2.857,1.299,1.651,3.11802844291834,0.0,0.0
2022-12-11 17:00:00,2.837,1.296,1.647,0.0,0.0,0.0
2022-12-11 18:00:00,2.843,1.294,1.645,2.3050543610005687,0.0,0.0
2022-12-11 19:00:00,2.847,1.293,1.646,0.0,0.0,0.0
2022-12-11 20:00:00,2.833,1.292,1.645,0.0,0.0,0.0
2022-12-11 21:00:00,2.845,1.291,1.644,0.6529964261754864,0.0,0.0
2022-12-11 22:00:00,2.842,1.291,1.64,0.0,0.2727914600518029,0.0
2022-12-11 23:00:00,2.842,1.291,1.64,0.0,0.0,0.0
2022-12-12 00:00:00,2.847,1.29,1.641,0.0,0.0,0.0
2022-12-12 01:00:00,2.847,1.289,1.64,0.0,0.0,0.0
2022-12-12 02:00:00,2.841,1.289,1.638,2.146992629302578,4.344838388360461,1.3995731964149276
2022-12-12 03:00:00,2.856,1.289,1.637,0.0,0.0,0.0
2022-12-12 04:00:00,2.847,1.289,1.639,0.0,0.0,0.0
2022-12-12 05:00:00,2.848,1.287,1.637,0.0,0.0,0.0
2022-12-12 06:00:00,2.862,1.288,1.639,0.0,0.0,3.5813482414417614
2022-12-12 07:00:00,2.855,1.289,1.639,0.0,0.0,0.0
2022-12-12 08:00:00,2.854,1.29,1.64,0.0,0.0,0.0
2022-12-12 09:00:00,2.854,1.294,1.643,0.0,0.0,0.0
2022-12-12 10:00:00,2.88,1.301,1.644,0.0,0.0,0.0
2022-12-12 11:00:00,2.862,1.303,1.647,0.0,2.999790193139125,0.0
2022-12-12 12:00:00,2.87,1.302,1.651,0.0,0.0,0.0
2022-12-12 13:00:00,2.876,1.302,1.655,0.0,0.0,0.0
2022-12-12 14:00:00,2.886,1.301,1.657,0.0,0.0,0.0
2022-12-12 15:00:00,2.882,1.3,1.652,0.0,0.0,0.0
2022-12-12 16:00:00,2.862,1.298,1.649,0.0,0.0,0.0
2022-12-12 17:00:00,2.861,1.295,1.647,0.0,0.0,0.0
2022-12-12 18:00:00,2.859,1.291,1.645,0.0,0.0,0.0
2022-12-12 19:00:00,2.858,1.29,1.643,0.0,0.0,0.0
2022-12-12 20:00:00,2.859,1.29,1.644,0.0,0.0,0.0
2022-12-12 21:00:00,2.862,1.29,1.642,0.0,0.0,0.0
2022-12-12 22:00:00,2.865,1.289,1.643,0.0,0.0,0.0
2022-12-12 23:00:00,2.862,1.288,1.641,0.0,0.0,0.0
2022-12-13 00:00:00,2.877,1.288,1.64,0.0,0.0,0.0
2022-12-13 01:00:00,2.87,1.287,1.639,0.0,0.0,1.1316478423122862
2022-12-13 02:00:00,2.867,1.287,1.638,0.0,0.0,0.0
2022-12-13 03:00:00,2.891,1.287,1.636,0.0,0.39754696981146115,0.0
2022-12-13 04:00:00,2.881,1.285,1.637,0.0,0.0,0.0
2022-12-13 05:00:00,2.878,1.286,1.637,0.0,0.0,0.0
2022-12-13 06:00:00,2.893,1.285,1.638,0.0,0.0,0.0
2022-12-13 07:00:00,2.909,1.284,1.638,0.0,0.0,0.0
2022-12-13 08:00:00,2.891,1.286,1.64,0.0,0.0,0.0
2022-12-13 09:00:00,2.924,1.29,1.64,0.0,0.0,0.0
2022-12-13 10:00:00,2.9323333333333332,1.297,1.643,0.0,0.0,0.0
2022-12-13 11:00:00,2.9406666666666665,1.299,1.646,0.0,0.0,0.0
2022-12-13 12:00:00,2.949,1.3,1.649,0.0,0.0,0.0
2022-12-13 13:00:00,2.944,1.302,1.655,0.0,0.0,0.0
2022-12-13 14:00:00,2.935,1.3,1.654,0.0,0.0,0.0
2022-12-13 15:00:00,2.93,1.299,1.653,0.0,0.0,0.0
2022-12-13 16:00:00,2.899,1.297,1.651,0.0,0.0,0.0
2022-12-13 17:00:00,2.915,1.293,1.648,0.0,0.0,0.0
2022-12-13 18:00:00,2.906,1.291,1.647,0.0,0.0,0.0
2022-12-13 19:00:00,2.915,1.289,1.646,0.0,0.0,0.0
2022-12-13 20:00:00,2.912,1.288,1.642,0.0,0.0,0.0
2022-12-13 21:00:00,2.92,1.288,1.642,0.0,6.079496475442123,0.0
2022-12-13 22:00:00,2.887,1.287,1.638,0.0,0.0,0.0
2022-12-13 23:00:00,2.899,1.286,1.637,0.0,0.0,0.0
2022-12-14 00:00:00,2.882,1.285,1.636,0.0,0.0,0.0
2022-12-14 01:00:00,2.885,1.287,1.635,0.0,0.0,0.0
2022-12-14 02:00:00,2.893,1.285,1.635,0.0,0.0,0.0
2022-12-14 03:00:00,2.894,1.286,1.637,0.0,0.0,0.0
2022-12-14 04:00:00,2.896,1.285,1.635,0.0,0.0,0.0
2022-12-14 05:00:00,2.899,1.284,1.635,0.0,0.0,0.0
2022-12-14 06:00:00,2.905,1.285,1.635,0.0,0.0,0.0
2022-12-14 07:00:00,2.908,1.285,1.635,0.0,0.0,0.0
2022-12-14 08:00:00,2.901,1.287,1.637,0.0,0.0,0.0
2022-12-14 09:00:00,2.912,1.291,1.639,0.0,0.0,0.0
2022-12-14 10:00:00,2.922,1.297,1.642,0.0,0.0,0.0
2022-12-14 11:00:00,2.925,1.299,1.643,3.1098498399654875,0.0,0.0
2022-12-14 12:00:00,2.94,1.301,1.645,0.0,0.0,0.0
2022-12-14 13:00:00,2.946,1.302,1.649,0.0,0.0,0.0
2022-12-14 14:00:00,2.913,1.302,1.65,0.0,0.0,0.0
2022-12-14 15:00:00,2.931,1.301,1.65,0.0,0.0,0.0
2022-12-14 16:00:00,2.922,1.299,1.649,0.0,0.0,0.0
2022-12-14 17:00:00,2.915,1.295,1.648,0.0,0.0,0.0
2022-12-14 18:00:00,2.917,1.293,1.645,13.872078557831777,13.36190376511247,0.0
2022-12-14 19:00:00,2.92,1.291,1.644,0.0,0.0,0.0
2022-12-14 20:00:00,2.914,1.29,1.643,0.0,0.0,0.0
2022-12-14 21:00:00,2.91,1.29,1.64,0.0,0.0,0.0
2022-12-14 22:00:00,2.909,1.289,1.637,0.0,0.0,0.0
2022-12-14 23:00:00,2.909,1.288,1.636,0.0,0.0,0.0
2022-12-15 00:00:00,2.903,1.289,1.637,0.0,0.0,0.0
2022-12-15 01:00:00,2.905,1.288,1.635,0.0,0.0,0.0
2022-12-15 02:00:00,2.902,1.288,1.633,0.0,0.0,0.0
2022-12-15 03:00:00,2.906,1.289,1.632,0.0,0.0,0.0
2022-12-15 04:00:00,2.907,1.288,1.634,0.0,0.0,0.0
2022-12-15 05:00:00,2.913,1.288,1.632,0.0,0.0,0.0
2022-12-15 06:00:00,2.9105,1.286,1.633,0.0,0.0,0.0
2022-12-15 07:00:00,2.908,1.287,1.634,1.5954521277807363,0.0,0.0
2022-12-15 08:00:00,2.91,1.289,1.633,3.656021074859662,0.46781763720013914,0.028741689208717832
2022-12-15 09:00:00,2.912,1.293,1.638,0.0,0.0,0.0
2022-12-15 10:00:00,2.927,1.299,1.641,7.391314299833553,10.48825635567484,1.1451914338603528
2022-12-15 11:00:00,2.932,1.302,1.643,0.0,0.0,0.0
2022-12-15 12:00:00,2.939,1.303,1.646,0.0,0.0,0.0
2022-12-15 13:00:00,2.926,1.304,1.648,0.0,6.017252006300401,0.0
2022-12-15 14:00:00,2.941,1.301,1.648,0.0,0.0,0.0
2022-12-15 15:00:00,2.954,1.3,1.646,0.0,0.0,0.0
2022-12-15 16:00:00,2.958,1.298,1.644,0.0,0.0,0.0
2022-12-15 17:00:00,2.947,1.294,1.644,0.0,0.0,0.0
2022-12-15 18:00:00,2.994,1.295,1.642,0.0,0.0,0.0
2022-12-15 19:00:00,2.98,1.293,1.641,0.0,0.0,0.3525322377783404
2022-12-15 20:00:00,2.958,1.293,1.64,2.875405750696246,0.0,1.7173740738033532
2022-12-15 21:00:00,2.953,1.293,1.638,0.0,0.0,0.0
2022-12-15 22:00:00,2.952,1.292,1.636,0.0,4.401313353644832,0.0
2022-12-15 23:00:00,2.95,1.293,1.637,0.0,0.0,0.9073647444704254
2022-12-16 00:00:00,2.943,1.293,1.636,0.0,0.0,0.0
2022-12-16 01:00:00,2.947,1.292,1.635,0.0,0.0,0.0
2022-12-16 02:00:00,2.945,1.292,1.636,0.0,0.0,0.0
2022-12-16 03:00:00,2.943,1.292,1.634,0.0,2.9227597546894453,0.0
2022-12-16 04:00:00,2.937,1.291,1.635,0.0,0.0,0.0
2022-12-16 05:00:00,2.943,1.291,1.634,0.0,0.0,0.0
2022-12-16 06:00:00,2.94,1.293,1.634,0.0,0.0,0.0
2022-12-16 07:00:00,2.939,1.293,1.634,0.0,0.0,0.0
2022-12-16 08:00:00,2.944,1.294,1.6355,0.0,0.0,0.0
2022-12-16 09:00:00,2.944,1.298,1.637,0.0,0.0,0.0
2022-12-16 10:00:00,2.947,1.302,1.641,0.0,0.0,0.0
2022-12-16 11:00:00,2.958,1.304,1.644,0.0,0.0,0.0
2022-12-16 12:00:00,2.958,1.305,1.6465,0.0,0.0,0.0
2022-12-16 13:00:00,2.957,1.304,1.649,0.0,0.0,0.0
2022-12-16 14:00:00,2.956,1.304,1.647,0.0,0.0,0.0
2022-12-16 15:00:00,2.955,1.303,1.645,3.782570180714147,1.7098895982580053,2.065651736427458
2022-12-16 16:00:00,2.949,1.287,1.644,0.0,0.0,0.0
2022-12-16 17:00:00,2.949,1.284,1.641,0.0,0.0,0.0
2022-12-16 18:00:00,2.943,1.283,1.639,0.0,0.0,0.0
2022-12-16 19:00:00,2.942,1.283,1.639,0.0,0.0,0.0
2022-12-16 20:00:00,2.941,1.282,1.638,0.0,0.0,0.0
2022-12-16 21:00:00,2.942,1.282,1.636,0.0,0.0,0.0
2022-12-16 22:00:00,2.939,1.281,1.635,0.0,0.0,0.0
2022-12-16 23:00:00,2.944,1.282,1.634,0.6204889800715218,0.0,0.0
2022-12-17 00:00:00,2.944,1.282,1.634,0.0,0.0,0.0
2022-12-17 01:00:00,2.942,1.281,1.632,0.0,0.0,0.0
2022-12-17 02:00:00,2.944,1.28,1.63,6.84187475758111,0.0,0.0
2022-12-17 03:00:00,2.943,1.279,1.629,5.153113472770232,0.0,0.0
2022-12-17 04:00:00,2.939,1.277,1.629,0.0,0.0,0.0
2022-12-17 05:00:00,2.941,1.275,1.63,0.0,0.0,0.0
2022-12-17 06:00:00,2.941,1.274,1.63,0.0,0.0,0.0
2022-12-17 07:00:00,2.935,1.275,1.628,0.0,0.0,0.0
2022-12-17 08:00:00,2.942,1.275,1.629,0.0,0.0,0.0
2022-12-17 09:00:00,2.94,1.283,1.632,0.0,0.0,0.0
2022-12-17 10:00:00,2.9535,1.286,1.6345,0.0,0.0,0.0
2022-12-17 11:00:00,2.967,1.289,1.637,0.0,0.0,0.0
2022-12-17 12:00:00,2.96,1.261,1.64,0.0,0.0,0.0
2022-12-17 13:00:00,2.953,1.261,1.644,0.0,0.0,0.0
2022-12-17 14:00:00,2.967,1.269,1.646,0.0,0.0,0.0
2022-12-17 15:00:00,2.958,1.269,1.644,0.0,0.0,0.0
2022-12-17 16:00:00,2.96,1.284,1.641,0.0,0.0,0.0
2022-12-17 17:00:00,2.9526666666666666,1.282,1.639,0.0,0.0,0.0
2022-12-17 18:00:00,2.9453333333333336,1.281,1.637,0.0,0.0,0.0
2022-12-17 19:00:00,2.938,1.281,1.635,0.0,0.0,0.0
2022-12-17 20:00:00,2.931,1.281,1.633,0.0,0.0,0.0
2022-12-17 21:00:00,2.937,1.281,1.63,0.0,0.0,0.0
2022-12-17 22:00:00,2.929,1.281,1.629,0.0,0.0,0.0
2022-12-17 23:00:00,2.933,1.281,1.625,0.0,0.0,0.0
2022-12-18 00:00:00,2.926,1.281,1.626,0.0,0.0,0.0
2022-12-18 01:00:00,2.931,1.281,1.6265,0.0,0.0,0.0
2022-12-18 02:00:00,2.93,1.281,1.627,5.360888219306095,1.7107076851826297,1.9882532380144957
2022-12-18 03:00:00,2.917,1.281,1.625,0.0,0.0,0.0
2022-12-18 04:00:00,2.922,1.281,1.624,0.0,0.0,0.0
2022-12-18 05:00:00,2.911,1.281,1.622,0.0,0.0,0.0
2022-12-18 06:00:00,2.92,1.281,1.623,0.0,0.0,0.0
2022-12-18 07:00:00,2.911,1.276,1.623,0.0,0.0,0.0
2022-12-18 08:00:00,2.904,1.276,1.622,0.0,0.0,0.0
2022-12-18 09:00:00,2.909,1.278,1.626,0.0,0.0,0.0
2022-12-18 10:00:00,2.927,1.277,1.625,0.0,0.0,0.0
2022-12-18 11:00:00,2.93,1.279,1.63,0.0,0.0,0.0
2022-12-18 12:00:00,2.933,1.279,1.632,0.0,0.0,0.0
2022-12-18 13:00:00,2.929,1.272,1.64,0.0,0.0,0.0
2022-12-18 14:00:00,2.924,1.27,1.639,0.0,0.0,0.0
2022-12-18 15:00:00,2.927,1.273,1.635,0.0,0.0,0.0
2022-12-18 16:00:00,2.913,1.271,1.635,0.0,0.0,0.0
2022-12-18 17:00:00,2.931,1.271,1.632,0.0,3.5093169254913557,0.0
2022-12-18 18:00:00,2.931,1.272,1.63,0.0,0.0,0.0
2022-12-18 19:00:00,2.915,1.274,1.628,0.0,0.0,0.0
2022-12-18 20:00:00,2.942,1.273,1.626,0.0,0.0,0.0
2022-12-18 21:00:00,2.93,1.271,1.627,0.0,0.0,0.0
2022-12-18 22:00:00,2.907,1.271,1.624,0.0,0.0,0.0
2022-12-18 23:00:00,2.915,1.268,1.625,0.0,0.0,0.0
2022-12-19 00:00:00,2.909,1.266,1.62,0.0,0.0,0.0
2022-12-19 01:00:00,2.9185,1.26,1.62,0.0,0.0,0.0
2022-12-19 02:00:00,2.928,1.254,1.62,0.0,0.0,0.0
2022-12-19 03:00:00,2.928,1.251,1.621,0.0,0.0,0.0
2022-12-19 04:00:00,2.929,1.244,1.618,0.0,0.0,0.0
2022-12-19 05:00:00,2.928,1.256,1.619,1.170910919824474,0.0,0.0
2022-12-19 06:00:00,2.939,1.254,1.62,0.0,0.0,3.241614370168542
2022-12-19 07:00:00,2.926,1.258,1.618,0.0,0.0,0.0
2022-12-19 08:00:00,2.94,1.267,1.617,0.0,0.0,0.0
2022-12-19 09:00:00,2.9433333333333334,1.2715,1.621,0.0,0.0,0.0
2022-12-19 10:00:00,2.9466666666666668,1.276,1.625,0.0,0.0,0.8562770990743919
2022-12-19 11:00:00,2.95,1.283,1.628,0.1979416439095738,4.238570163250741,0.2107796311847388
2022-12-19 12:00:00,2.966,1.279,1.631,0.0,0.0,0.0
2022-12-19 13:00:00,2.959,1.252,1.636,0.0,0.0,0.0
2022-12-19 14:00:00,2.971,1.252,1.636,0.0,0.0,0.0
2022-12-19 15:00:00,2.963,1.252,1.634,0.0,0.665810492241603,0.0
2022-12-19 16:00:00,2.977,1.249,1.63,0.0,0.0,0.0
2022-12-19 17:00:00,2.951,1.246,1.627,0.0,0.0,0.0
2022-12-19 18:00:00,2.962,1.245,1.625,0.0,0.0,0.0
2022-12-19 19:00:00,2.957,1.246,1.623,0.0,0.0,0.0
2022-12-19 20:00:00,2.961,1.248,1.623,0.0,0.0,0.0
2022-12-19 21:00:00,2.963,1.249,1.621,0.0,0.0,0.0
2022-12-19 22:00:00,2.965,1.248,1.619,1.589335732669557,1.9933709320988457,1.2972919241127872
2022-12-19 23:00:00,2.967,1.25,1.617,0.0,0.0,0.0
2022-12-20 00:00:00,2.964,1.249,1.617,0.0,0.0,0.0
2022-12-20 01:00:00,2.975,1.246,1.617,0.0,0.0,0.0
2022-12-20 02:00:00,2.966,1.244,1.616,0.0,0.0,0.0
2022-12-20 03:00:00,2.974,1.238,1.616,0.0,0.0,0.0
2022-12-20 04:00:00,2.9695,1.234,1.6145,0.0,0.0,0.0
2022-12-20 05:00:00,2.965,1.233,1.613,0.0,0.0,0.0
2022-12-20 06:00:00,2.97,1.239,1.615,0.0,0.0,0.0
2022-12-20 07:00:00,2.981,1.244,1.614,0.0,0.0,0.0
2022-12-20 08:00:00,2.986,1.238,1.617,0.0,0.0,0.0
2022-12-20 09:00:00,2.988,1.244,1.621,0.0,0.0,0.0
2022-12-20 10:00:00,3.0,1.269,1.62,0.0,0.0,0.0
2022-12-20 11:00:00,3.009,1.264,1.624,0.0,0.0,0.0
2022-12-20 12:00:00,3.013,1.268,1.627,0.0,0.0,0.0
2022-12-20 13:00:00,3.022,1.296,1.632,0.0,0.0,0.0
2022-12-20 14:00:00,3.002,1.294,1.632,0.0,0.0,0.0
2022-12-20 15:00:00,2.99,1.293,1.631,0.0,0.0,0.0
2022-12-20 16:00:00,3.0,1.29,1.63,0.0,0.0,0.0
2022-12-20 17:00:00,2.989,1.287,1.625,0.0,0.0,0.0
2022-12-20 18:00:00,2.996,1.284,1.622,0.0,0.0,0.0
2022-12-20 19:00:00,2.988,1.284,1.623,0.0,0.0,0.0
2022-12-20 20:00:00,2.986,1.283,1.622,0.0,0.0,0.0
2022-12-20 21:00:00,2.986,1.281,1.62,0.0,0.0,0.0
2022-12-20 22:00:00,2.994,1.281,1.618,0.0,0.0,0.0
2022-12-20 23:00:00,3.004,1.282,1.617,0.0,0.0,0.0
2022-12-21 00:00:00,3.013,1.281,1.617,1.9594977761236652,0.0,0.0
2022-12-21 01:00:00,3.0285,1.281,1.615,0.0,0.0,0.0
2022-12-21 02:00:00,3.044,1.28,1.613,0.0,0.0,0.0
2022-12-21 03:00:00,3.043,1.281,1.613,5.2495024758565965,0.25047499879514507,2.8843185047231517
2022-12-21 04:00:00,3.037,1.281,1.613,0.0,0.0,0.0
2022-12-21 05:00:00,3.027,1.28,1.612,0.0,0.0,0.0
2022-12-21 06:00:00,3.046,1.28,1.615,0.0,0.0,0.0
2022-12-21 07:00:00,3.022,1.28,1.613,4.552504446484256,0.0,0.0
2022-12-21 08:00:00,3.035,1.282,1.615,0.0,0.0,0.0
2022-12-21 09:00:00,3.026,1.284,1.617,0.0,0.0,0.0
2022-12-21 10:00:00,3.038,1.287,1.62,0.0,0.0,0.0
2022-12-21 11:00:00,3.057,1.292,1.623,0.0,0.0,0.0
2022-12-21 12:00:00,3.056,1.294,1.626,0.0,0.0,0.0
2022-12-21 13:00:00,3.075,1.211,1.629,0.0,0.0,0.0
2022-12-21 14:00:00,3.051,1.212,1.631,0.0,3.1383448887082275,0.09582372588387073
2022-12-21 15:00:00,3.052,1.21,1.628,0.0,16.98275817338736,0.0
2022-12-21 16:00:00,3.054,1.203,1.626,0.0,0.0,0.0
2022-12-21 17:00:00,3.057,1.201,1.624,3.858456746013256,2.183941518965368,5.021726797491045
2022-12-21 18:00:00,3.06,1.2,1.622,0.0,0.0,0.0
2022-12-21 19:00:00,3.053,1.196,1.62,0.0,0.0,0.0
2022-12-21 20:00:00,3.066,1.195,1.618,0.0,0.0,0.0
2022-12-21 21:00:00,3.063,1.197,1.617,0.0,0.0,0.0
2022-12-21 22:00:00,3.071,1.196,1.615,0.0,0.0,0.0
2022-12-21 23:00:00,3.057,1.204,1.618,0.0,0.0,0.0
2022-12-22 00:00:00,3.057,1.204,1.616,1.5669152737830048,3.691381880480389,5.703009360045142
2022-12-22 01:00:00,3.068,1.2029999999999998,1.6155,0.0,0.0,0.0
2022-12-22 02:00:00,3.069,1.202,1.615,0.0,0.0,0.0
2022-12-22 03:00:00,3.073,1.202,1.612,0.0,0.0,0.0
2022-12-22 04:00:00,3.067,1.199,1.614,0.0515763991938649,0.0,0.0
2022-12-22 05:00:00,3.073,1.186,1.614,0.0,0.0,0.0
2022-12-22 06:00:00,3.08,1.192,1.613,0.0,0.0,0.0
2022-12-22 07:00:00,3.08,1.2,1.614,0.0,0.0,0.0
2022-12-22 08:00:00,3.08,1.202,1.614,0.0,0.0,0.0
2022-12-22 09:00:00,3.0860000000000003,1.209,1.62,0.0,0.0,0.0
2022-12-22 10:00:00,3.092,1.205,1.621,0.0,0.0,0.0
2022-12-22 11:00:00,3.107,1.214,1.623,0.3481886403987049,0.0,0.0
2022-12-22 12:00:00,3.11,1.213,1.626,0.0,0.0,0.16338674896318997
2022-12-22 13:00:00,3.1,1.211,1.629,0.0,0.0,0.0
2022-12-22 14:00:00,3.121,1.213,1.63,0.0,0.0,0.0
2022-12-22 15:00:00,3.092,1.222,1.63,0.0,0.0,0.0
2022-12-22 16:00:00,3.106,1.215,1.627,3.8799374069137933,1.4494708121394322,0.07723015407429228
2022-12-22 17:00:00,3.104,1.215,1.622,0.0,0.0,0.0
2022-12-22 18:00:00,3.105,1.212,1.621,0.0,0.0,0.0
2022-12-22 19:00:00,3.091,1.213,1.618,0.0,0.0,0.0
2022-12-22 20:00:00,3.107,1.227,1.618,0.0,0.0,0.0
2022-12-22 21:00:00,3.074,1.232,1.617,0.0,0.0,0.0
2022-12-22 22:00:00,3.071,1.25,1.617,0.0,0.0,0.0
2022-12-22 23:00:00,3.08,1.263,1.617,0.0,0.0,0.0
2022-12-23 00:00:00,3.081,1.269,1.617,0.0,0.0,0.0
2022-12-23 01:00:00,3.084,1.272,1.617,0.0,0.0,0.0
2022-12-23 02:00:00,3.09,1.273,1.616,0.0,0.0,0.0
2022-12-23 03:00:00,3.063,1.279,1.613,3.8551087716890544,1.9175501863292546,2.3732676703667144
2022-12-23 04:00:00,3.079,1.28,1.612,0.0,0.0,0.0
2022-12-23 05:00:00,3.068,1.278,1.611,0.0,0.0,0.0
2022-12-23 06:00:00,3.072,1.279,1.6115,0.0,0.0,0.0
2022-12-23 07:00:00,3.08,1.28,1.612,0.0,2.688236464838327,0.0
2022-12-23 08:00:00,3.07,1.269,1.613,0.0,0.0,0.0
2022-12-23 09:00:00,3.073,1.257,1.616,0.0,0.0,0.0
2022-12-23 10:00:00,3.073,1.248,1.617,0.0,0.0,0.0
2022-12-23 11:00:00,3.087,1.247,1.62,0.0,0.0,0.0
2022-12-23 12:00:00,3.085,1.249,1.621,0.0,0.0,0.0
2022-12-23 13:00:00,3.103,1.251,1.625,0.0,0.0,0.0
2022-12-23 14:00:00,3.087,1.251,1.626,0.0,0.0,0.0
2022-12-23 15:00:00,3.082,1.251,1.624,0.0,0.0,0.0
2022-12-23 16:00:00,3.096,1.248,1.623,0.0,0.0,0.0
2022-12-23 17:00:00,3.079,1.254,1.619,0.0,0.0,0.0
2022-12-23 18:00:00,3.086,1.252,1.615,0.0,0.0,0.0
2022-12-23 19:00:00,3.08,1.252,1.615,0.2718258007628666,2.1053532553513628,2.3162501759106044
2022-12-23 20:00:00,3.101,1.252,1.615,0.0,0.0,0.0
2022-12-23 21:00:00,3.101,1.25,1.613,0.0,0.0,0.0
2022-12-23 22:00:00,3.096,1.251,1.615,2.4953230848390717,2.8555156373565116,3.1547795901685385
2022-12-23 23:00:00,3.102,1.249,1.614,0.0,0.0,0.0
2022-12-24 00:00:00,3.103,1.249,1.611,0.0,0.0,0.0
2022-12-24 01:00:00,3.101,1.249,1.61,0.0,0.0,0.0
2022-12-24 02:00:00,3.101,1.246,1.609,0.0,0.0,0.0
2022-12-24 03:00:00,3.102,1.245,1.61,0.0,0.0,0.0
2022-12-24 04:00:00,3.115,1.242,1.609,0.0,0.0,0.0
2022-12-24 05:00:00,3.106,1.241,1.61,0.0,0.0,0.0
2022-12-24 06:00:00,3.103,1.242,1.608,0.0,0.0,0.0
2022-12-24 07:00:00,3.104,1.229,1.609,10.274436920686782,1.1090911240579875,0.05123055113459882
2022-12-24 08:00:00,3.105,1.3,1.61,0.0,0.0,0.0
2022-12-24 09:00:00,3.13,1.206,1.614,0.0,0.0,0.0
2022-12-24 10:00:00,3.123,1.252,1.615,0.0,0.0,0.0
2022-12-24 11:00:00,3.135,1.223,1.617,1.513591170338601,0.0,0.0
2022-12-24 12:00:00,3.16,1.227,1.619,0.0,0.0,0.0
2022-12-24 13:00:00,3.153,1.22,1.623,0.0,0.0,0.0
2022-12-24 14:00:00,3.148,1.237,1.625,0.0,0.0,0.0
2022-12-24 15:00:00,3.133,1.238,1.622,2.323036781914264,0.0,0.0
2022-12-24 16:00:00,3.119,1.245,1.621,0.0,0.0,0.0
2022-12-24 17:00:00,3.128,1.241,1.617,0.0,0.0,0.0
2022-12-24 18:00:00,3.136,1.241,1.615,0.0,0.0,0.0
2022-12-24 19:00:00,3.143,1.24,1.614,6.481600073930342,0.0,0.0
2022-12-24 20:00:00,3.115,1.237,1.613,0.0,0.0,0.0
2022-12-24 21:00:00,3.137,1.238,1.614,0.0,0.0,0.0
2022-12-24 22:00:00,3.138,1.236,1.612,0.0,0.0,0.0
2022-12-24 23:00:00,3.15,1.235,1.61,0.0,0.0,4.290905551233751
2022-12-25 00:00:00,3.144,1.232,1.611,3.477887099854086,0.0,0.0
2022-12-25 01:00:00,3.143,1.23,1.61,0.0,0.0,0.0
2022-12-25 02:00:00,3.144,1.232,1.608,0.0,0.0,0.0
2022-12-25 03:00:00,3.152,1.226,1.608,0.0,0.0,0.0
2022-12-25 04:00:00,3.16,1.223,1.609,1.776813045489622,0.0,0.0
2022-12-25 05:00:00,3.15,1.217,1.608,8.736582431858887,0.0,0.10053140391393264
2022-12-25 06:00:00,3.15,1.222,1.608,0.0,0.0,0.0
2022-12-25 07:00:00,3.149,1.221,1.608,0.0,0.0,0.0
2022-12-25 08:00:00,3.126,1.221,1.608,0.0,0.0,0.0
2022-12-25 09:00:00,3.165,1.261,1.61,0.0,0.0,0.0
2022-12-25 10:00:00,3.147,1.266,1.612,0.0,0.0,0.0
2022-12-25 11:00:00,3.1535,1.274,1.6145,0.0,0.0,0.0
2022-12-25 12:00:00,3.16,1.273,1.617,0.0,0.0,0.0
2022-12-25 13:00:00,3.142,1.269,1.621,0.0,0.0,0.0
2022-12-25 14:00:00,3.141,1.271,1.62,0.7452540520449096,0.03741920795760718,1.8778962812089404
2022-12-25 15:00:00,3.129,1.269,1.619,0.0,0.0,0.0
2022-12-25 16:00:00,3.141,1.265,1.616,0.0,0.0,0.0
2022-12-25 17:00:00,3.141,1.265,1.614,0.0,0.0,0.0
2022-12-25 18:00:00,3.139,1.262,1.61,0.0,0.0,0.015387713159550414
2022-12-25 19:00:00,3.133,1.264,1.608,0.0,0.0,0.0
2022-12-25 20:00:00,3.129,1.263,1.609,0.0,0.0,0.0
2022-12-25 21:00:00,3.12,1.263,1.608,0.0,0.0,0.0
2022-12-25 22:00:00,3.131,1.26,1.607,0.0,0.0,0.0
2022-12-25 23:00:00,3.137,1.261,1.605,0.0,0.0,0.0
2022-12-26 00:00:00,3.149,1.263,1.606,0.0,0.0,0.0
2022-12-26 01:00:00,3.132,1.259,1.603,0.0,0.0,0.0
2022-12-26 02:00:00,3.111,1.262,1.603,0.0,0.0,0.0
2022-12-26 03:00:00,3.136,1.261,1.603,0.0,0.0,0.0
2022-12-26 04:00:00,3.115,1.259,1.604,0.0,0.0,0.0
2022-12-26 05:00:00,3.125,1.258,1.602,0.0,0.0,0.0
2022-12-26 06:00:00,3.122,1.257,1.602,0.0,0.0,0.0
2022-12-26 07:00:00,3.106,1.259,1.6,0.0,0.0,0.0
2022-12-26 08:00:00,3.122,1.26,1.602,0.0,0.0,0.0
2022-12-26 09:00:00,3.125,1.263,1.605,0.0,0.0,0.0
2022-12-26 10:00:00,3.136,1.26,1.605,0.0,0.0,0.0
2022-12-26 11:00:00,3.131,1.263,1.607,0.0,0.0,0.0
2022-12-26 12:00:00,3.169,1.279,1.609,0.0,0.0,0.0
2022-12-26 13:00:00,3.149,1.273,1.609,0.0,0.0,0.0
2022-12-26 14:00:00,3.142,1.259,1.609,0.0,0.0,0.0
2022-12-26 15:00:00,3.137,1.257,1.609,0.0,0.0,0.0
2022-12-26 16:00:00,3.134,1.257,1.608,0.0,0.0,0.5203302128566343
2022-12-26 17:00:00,3.142,1.256,1.6066666666666667,1.4713418167111334,1.9554637801918768,1.6289975913879573
2022-12-26 18:00:00,3.133,1.255,1.6053333333333335,0.0,0.0,0.0
2022-12-26 19:00:00,3.124,1.254,1.604,0.0,0.0,0.0
2022-12-26 20:00:00,3.142,1.251,1.602,0.0,0.0,0.0
2022-12-26 21:00:00,3.116,1.251,1.604,0.0,0.0,0.0
2022-12-26 22:00:00,3.146,1.252,1.602,0.0,0.0,0.0
2022-12-26 23:00:00,3.139,1.25,1.6,0.0,0.0,0.0
2022-12-27 00:00:00,3.134,1.25,1.603,0.0,0.0,0.0
2022-12-27 01:00:00,3.133,1.25,1.601,0.0,0.0,0.0
2022-12-27 02:00:00,3.128,1.25,1.601,0.0,2.5431171475705203,0.0
2022-12-27 03:00:00,3.136,1.251,1.602,0.0,0.0,0.0
2022-12-27 04:00:00,3.129,1.252,1.602,0.0,0.0,0.0
2022-12-27 05:00:00,3.138,1.252,1.6,0.0,0.0,0.0
2022-12-27 06:00:00,3.139,1.252,1.6,0.0,0.0,0.0
2022-12-27 07:00:00,3.125,1.285,1.601,0.0,0.0,0.0
2022-12-27 08:00:00,3.129,1.288,1.603,0.0,0.0,0.0
2022-12-27 09:00:00,3.124,1.286,1.6035,0.0,0.0,0.0
2022-12-27 10:00:00,3.119,1.284,1.604,0.0,0.0,0.0
2022-12-27 11:00:00,3.137,1.285,1.608,0.0,0.0,0.0
2022-12-27 12:00:00,3.129,1.286,1.608,0.0,0.0,0.0
2022-12-27 13:00:00,3.143,1.286,1.61,0.0,0.0,0.0
2022-12-27 14:00:00,3.128,1.287,1.61,0.0,0.0,0.0
2022-12-27 15:00:00,3.144,1.288,1.612,0.0,0.0,0.0
2022-12-27 16:00:00,3.1433333333333335,1.2853333333333334,1.61,0.0,8.58025310747976,1.1783920131441616
2022-12-27 17:00:00,3.1426666666666665,1.2826666666666666,1.608,0.0,0.0,0.0
2022-12-27 18:00:00,3.142,1.28,1.606,0.0,0.0,0.0
2022-12-27 19:00:00,3.14,1.279,1.604,2.6699799888093882,0.5478872481160991,0.24939985758602823
2022-12-27 20:00:00,3.145,1.279,1.605,0.0,0.19990691298510577,0.0
2022-12-27 21:00:00,3.128,1.279,1.605,0.0,0.0,0.0
2022-12-27 22:00:00,3.143,1.279,1.603,0.0,0.0,0.0
2022-12-27 23:00:00,3.14,1.278,1.602,0.0,0.0,0.0
2022-12-28 00:00:00,3.1445,1.277,1.601,0.0,0.0,0.0
2022-12-28 01:00:00,3.149,1.278,1.6,0.0,0.7977390949482511,0.0
2022-12-28 02:00:00,3.151,1.278,1.6,0.0,0.0,0.0
2022-12-28 03:00:00,3.146,1.278,1.598,1.921919251034611,0.0,0.0
2022-12-28 04:00:00,3.133,1.278,1.598,0.0,0.0,0.0
2022-12-28 05:00:00,3.151,1.277,1.599,0.0,0.0,0.0
2022-12-28 06:00:00,3.105,1.278,1.6,0.0,0.0,0.0
2022-12-28 07:00:00,3.128,1.278,1.599,0.0,0.0,0.0
2022-12-28 08:00:00,3.106,1.281,1.599,0.0,0.0,0.0
2022-12-28 09:00:00,3.1224999999999996,1.282,1.601,0.0,0.0,0.0
2022-12-28 10:00:00,3.139,1.283,1.6,0.0,0.0,0.0
2022-12-28 11:00:00,3.136,1.286,1.602,0.0,0.0,0.0
2022-12-28 12:00:00,3.13,1.287,1.603,0.012384996616172952,0.0,0.0
2022-12-28 13:00:00,3.146,1.286,1.605,0.0,0.0,0.0
2022-12-28 14:00:00,3.146,1.288,1.603,0.0,0.0,0.0
2022-12-28 15:00:00,3.143,1.287,1.602,0.0,0.0,0.0
2022-12-28 16:00:00,3.137,1.285,1.602,0.0,0.0,0.0
2022-12-28 17:00:00,3.137,1.282,1.6,0.0,0.0,0.0
2022-12-28 18:00:00,3.144,1.28,1.599,0.0,1.2164490250728177,0.0
2022-12-28 19:00:00,3.159,1.279,1.598,0.0,0.0,0.0
2022-12-28 20:00:00,3.161,1.279,1.596,0.0,0.0,0.0
2022-12-28 21:00:00,3.133,1.278,1.596,0.0,0.0,0.0
2022-12-28 22:00:00,3.136,1.278,1.593,0.0,0.0,0.0
2022-12-28 23:00:00,3.142,1.277,1.595,0.0,0.0,0.0
2022-12-29 00:00:00,3.124,1.277,1.593,0.0,0.0,0.0
2022-12-29 01:00:00,3.124,1.276,1.593,0.0,0.0,0.2589200420056229
2022-12-29 02:00:00,3.14,1.276,1.592,0.0,0.0,0.0
2022-12-29 03:00:00,3.132,1.275,1.594,0.0,0.0,0.0
2022-12-29 04:00:00,3.144,1.276,1.594,0.0,0.0,0.0
2022-12-29 05:00:00,3.133,1.276,1.591,0.0,0.0,0.0
2022-12-29 06:00:00,3.148,1.276,1.592,0.0,0.36259747413340765,0.0
2022-12-29 07:00:00,3.148,1.274,1.591,0.0,0.0,0.0
2022-12-29 08:00:00,3.142,1.276,1.593,0.0,0.0,0.0
2022-12-29 09:00:00,3.164,1.281,1.593,0.0,0.0,0.0
2022-12-29 10:00:00,3.152,1.285,1.595,0.0,0.0,0.0
2022-12-29 11:00:00,3.156,1.287,1.596,0.0,0.0,0.0
2022-12-29 12:00:00,3.164,1.289,1.599,11.025134796575351,0.0,0.0
2022-12-29 13:00:00,3.165,1.29,1.6,0.0,0.0,0.0
2022-12-29 14:00:00,3.168,1.288,1.599,0.9914252895306046,0.0,0.0
2022-12-29 15:00:00,3.179,1.288,1.599,0.0,2.2842872790433058,0.0
2022-12-29 16:00:00,3.169,1.284,1.598,0.0,0.0,0.0
2022-12-29 17:00:00,3.153,1.282,1.595,0.0,0.0,0.0
2022-12-29 18:00:00,3.162,1.28,1.594,0.0,9.652642415816427,0.0
2022-12-29 19:00:00,3.181,1.2795,1.592,0.0,0.0,0.0
2022-12-29 20:00:00,3.164,1.279,1.591,0.0,0.0,0.0
2022-12-29 21:00:00,3.162,1.278,1.593,0.0,0.0,0.0
2022-12-29 22:00:00,3.15,1.278,1.591,0.0,0.0,0.0
2022-12-29 23:00:00,3.163,1.277,1.592,0.0,0.0,0.0
2022-12-30 00:00:00,3.172,1.277,1.591,0.0,0.0,0.0
2022-12-30 01:00:00,3.177,1.277,1.59,12.656082662276717,2.6627527676499056,1.5565105917951367
2022-12-30 02:00:00,3.155,1.277,1.59,0.0,0.0,0.0
2022-12-30 03:00:00,3.159,1.276,1.587,0.0,0.0,0.0
2022-12-30 04:00:00,3.163,1.276,1.59,0.0,0.0,0.0
2022-12-30 05:00:00,3.166,1.276,1.5885,0.0,5.187737078596407,0.0
2022-12-30 06:00:00,3.169,1.275,1.587,0.0,0.0,0.0
2022-12-30 07:00:00,3.171,1.275,1.587,0.0,0.0,0.0
2022-12-30 08:00:00,3.163,1.277,1.588,0.0,0.0,0.0
2022-12-30 09:00:00,3.166,1.28,1.591,0.0,0.0,0.0
2022-12-30 10:00:00,3.187,1.287,1.591,0.0,0.9413759368012249,0.0
2022-12-30 11:00:00,3.165,1.291,1.595,0.0,0.0,0.0
2022-12-30 12:00:00,3.204,1.29,1.596,0.0,0.0,0.0
2022-12-30 13:00:00,3.172,1.291,2.0495,0.0,0.0,0.0
2022-12-30 14:00:00,3.172,1.291,2.503,0.0,0.0,0.0
2022-12-30 15:00:00,3.154,1.29,2.5,0.0,0.0,0.0
2022-12-30 16:00:00,3.166,1.287,2.498,0.0,0.0,0.12032647066951671
2022-12-30 17:00:00,3.165,1.282,2.494,0.0,0.0,0.0
2022-12-30 18:00:00,3.161,1.279,2.492,0.0,0.0,0.0
2022-12-30 19:00:00,3.175,1.278,2.491,2.051765545697084,2.8903814539759276,3.968430680289848
2022-12-30 20:00:00,3.179,1.276,2.491,0.0,0.0,0.0
2022-12-30 21:00:00,3.167,1.276,2.491,0.0,0.0,0.0
2022-12-30 22:00:00,3.142,1.278,2.49,0.0,0.0,0.0
2022-12-30 23:00:00,3.142,1.276,2.489,0.0,0.0,0.0
2022-12-31 00:00:00,3.161,1.276,2.487,0.0,0.0,0.0
2022-12-31 01:00:00,3.146,1.276,2.486,0.0,0.0,0.0
2022-12-31 02:00:00,3.157,1.274,2.488,0.0,0.0,0.0
2022-12-31 03:00:00,3.16,1.275,2.486,0.0,0.0,0.0
2022-12-31 04:00:00,3.129,1.275,2.487,0.0,0.0,0.0
2022-12-31 05:00:00,3.144,1.275,2.485,0.0,0.0,0.0
2022-12-31 06:00:00,3.144,1.275,2.486,0.0,0.0,0.0
2022-12-31 07:00:00,3.147,1.276,2.486,0.0,0.0,0.0
2022-12-31 08:00:00,3.143,1.276,2.487,0.0,0.0,0.0
2022-12-31 09:00:00,3.135,1.277,2.489,0.0,0.0,0.0
2022-12-31 10:00:00,3.151,1.28,2.491,0.0,0.0,0.0
2022-12-31 11:00:00,3.153,1.285,2.495,0.0,0.0,4.793862440716089
2022-12-31 12:00:00,3.141,1.288,2.495,0.0,0.0,0.0
2022-12-31 13:00:00,3.172,1.289,2.501,0.0,0.0,0.0
2022-12-31 14:00:00,3.16,1.288,2.5,0.0,0.0,0.0
2022-12-31 15:00:00,3.154,1.287,2.501,0.0,0.0,0.0
2022-12-31 16:00:00,3.157,1.288,2.497,0.0,0.0,0.0
2022-12-31 17:00:00,3.153,1.285,2.496,0.0,0.0,0.0
2022-12-31 18:00:00,3.155,1.28,2.495,0.0,0.0,0.0
2022-12-31 19:00:00,3.137,1.28,2.492,0.0,0.0,0.0
2022-12-31 20:00:00,3.14,1.278,2.49,0.0,0.0,0.0
2022-12-31 21:00:00,3.145,1.278,2.49,0.0,0.0,0.0
2022-12-31 22:00:00,3.145,1.277,2.487,0.0,2.276338631836085,0.0
2022-12-31 23:00:00,3.152,1.276,2.489,0.0,0.0,0.0
2023-01-01 00:00:00,3.139,1.276,2.486,0.0,0.0,0.0
2023-01-01 01:00:00,3.156,1.275,2.485,0.0,0.0,0.0
2023-01-01 02:00:00,3.147,1.275,2.486,0.0,0.0,0.0
2023-01-01 03:00:00,3.142,1.274,2.483,0.0,0.0,0.0
2023-01-01 04:00:00,3.141,1.275,2.484,0.0,0.0,0.0
2023-01-01 05:00:00,3.159,1.274,2.483,0.08509593428602598,0.1636389330181202,1.2815185505124929
2023-01-01 06:00:00,3.152,1.274,2.483,0.0,0.0,0.0
2023-01-01 07:00:00,3.142,1.274,2.483,0.0,0.0,0.0
2023-01-01 08:00:00,3.166,1.277,2.483,0.0,0.0,0.0
2023-01-01 09:00:00,3.142,1.279,2.487,0.0,0.0,0.0
2023-01-01 10:00:00,3.161,1.286,2.489,0.0,0.0,0.0
2023-01-01 11:00:00,3.151,1.294,2.49,0.0,0.0,0.0
2023-01-01 12:00:00,3.162,1.294,2.492,0.0,0.0,3.048101290254186
2023-01-01 13:00:00,3.191,1.296,2.496,0.0,0.0,0.0
2023-01-01 14:00:00,3.16,1.296,2.497,0.0,0.0,0.0
2023-01-01 15:00:00,3.161,1.294,2.497,0.0,0.0,0.0
2023-01-01 16:00:00,3.174,1.291,2.496,0.0,0.0,0.0
2023-01-01 17:00:00,3.17,1.288,2.494,0.0,0.0,0.0
2023-01-01 18:00:00,3.162,1.283,2.491,0.0,0.0,0.0
2023-01-01 19:00:00,3.155,1.281,2.49,0.0,0.0,0.0
2023-01-01 20:00:00,3.172,1.279,2.491,0.0,0.0,0.0
2023-01-01 21:00:00,3.171,1.279,2.49,0.0,0.0,0.0
2023-01-01 22:00:00,3.156,1.277,2.4883333333333333,0.0,0.0,0.0
2023-01-01 23:00:00,3.162,1.277,2.486666666666667,0.0,0.0,0.0
2023-01-02 00:00:00,3.161,1.277,2.485,0.0,0.0,0.0
2023-01-02 01:00:00,3.162,1.276,2.484,0.0,0.0,0.0
2023-01-02 02:00:00,3.179,1.275,2.484,0.0,0.0,0.0
2023-01-02 03:00:00,3.156,1.276,2.482,0.0,0.0,0.0
2023-01-02 04:00:00,3.153,1.276,2.483,0.0,0.0,0.0
2023-01-02 05:00:00,3.161,1.276,2.482,0.0,0.0,0.0
2023-01-02 06:00:00,3.171,1.277,2.481,0.0,0.0,0.0
2023-01-02 07:00:00,3.155,1.277,2.482,0.0,6.442310970571065,0.0
2023-01-02 08:00:00,3.16,1.277,2.482,0.0,0.0,0.0
2023-01-02 09:00:00,3.157,1.283,2.485,0.0,0.0,7.675690798861831
2023-01-02 10:00:00,3.149,1.289,2.487,0.2673524019734992,0.17769213285005328,1.7521245306644402
2023-01-02 11:00:00,3.179,1.295,2.488,0.0,0.0,0.0
2023-01-02 12:00:00,3.184,1.298,2.49,0.0,0.0,0.0
2023-01-02 13:00:00,3.183,1.299,2.496,0.0,0.0,0.0
2023-01-02 14:00:00,3.179,1.298,2.496,0.0,0.0,0.0
2023-01-02 15:00:00,3.175,1.297,2.496,0.09263401342571846,0.0,0.0
2023-01-02 16:00:00,3.176,1.293,2.496,0.0,0.0,0.0
2023-01-02 17:00:00,3.168,1.289,2.492,0.0,0.0,0.0
2023-01-02 18:00:00,3.161,1.286,2.49,0.0,0.0,0.5131152433017623
2023-01-02 19:00:00,3.152,1.285,2.489,0.0,0.0,0.0
2023-01-02 20:00:00,3.164,1.282,2.486,0.0,0.0,0.0
2023-01-02 21:00:00,3.16,1.282,2.487,0.950649778037461,0.0,0.0
2023-01-02 22:00:00,3.147,1.28,2.486,0.0,0.0,0.0
2023-01-02 23:00:00,3.145,1.281,2.485,2.2983068615073954,0.0,0.0
2023-01-03 00:00:00,3.141,1.28,2.483,0.0,0.0,0.0
2023-01-03 01:00:00,3.141,1.281,2.483,0.0,0.0,0.0
2023-01-03 02:00:00,3.139,1.279,2.48,0.0,0.0,21.70432014229681
2023-01-03 03:00:00,3.141,1.279,2.479,0.0,2.748506567696274,1.8364915416011351
2023-01-03 04:00:00,3.141,1.2795,2.48,0.0,0.0,0.0
2023-01-03 05:00:00,3.159,1.28,2.48,0.0,0.0,0.0
2023-01-03 06:00:00,3.153,1.28,2.48,0.0,0.0,0.0
2023-01-03 07:00:00,3.15,1.281,2.478,0.0,0.0,0.0
2023-01-03 08:00:00,3.136,1.283,2.48,0.0,5.092161250869741,0.0
2023-01-03 09:00:00,3.148,1.286,2.483,0.0,0.0,0.0
2023-01-03 10:00:00,3.151,1.293,2.484,0.0,0.0,0.0
2023-01-03 11:00:00,3.156,1.297,2.487,0.0,0.0,0.0
2023-01-03 12:00:00,3.164,1.298,2.4905000000000004,0.0,0.0,0.0
2023-01-03 13:00:00,3.172,1.299,2.494,0.0,0.0,0.0
2023-01-03 14:00:00,3.166,1.298,2.493,0.0,0.0,0.0
2023-01-03 15:00:00,3.161,1.296,2.494,0.0,0.0,0.0
2023-01-03 16:00:00,3.152,1.294,2.492,0.0,0.0,0.0
2023-01-03 17:00:00,3.154,1.291,2.49,0.0,0.0,0.0
2023-01-03 18:00:00,3.137,1.287,2.487,0.0,0.0,0.0
2023-01-03 19:00:00,3.146,1.285,2.486,0.0,0.0,0.0
2023-01-03 20:00:00,3.139,1.283,2.486,0.0,0.0,0.0
2023-01-03 21:00:00,3.147,1.283,2.485,0.0,0.0,0.0
2023-01-03 22:00:00,3.1445,1.2814999999999999,2.4825,0.0,0.0,0.0
2023-01-03 23:00:00,3.142,1.28,2.48,0.0,0.0,0.0
2023-01-04 00:00:00,3.1515,1.281,2.48,0.0,0.0,0.0
2023-01-04 01:00:00,3.161,1.28,2.48,0.0,0.0,0.0
2023-01-04 02:00:00,3.159,1.28,2.479,0.0,0.0,0.0
2023-01-04 03:00:00,3.157,1.281,2.478,0.0,0.0,0.0
2023-01-04 04:00:00,3.138,1.283,2.478,0.0,0.0,0.0
2023-01-04 05:00:00,3.13,1.281,2.478,0.0,0.0,0.0
2023-01-04 06:00:00,3.147,1.28,2.477,0.9373969386965049,0.0,0.0
2023-01-04 07:00:00,3.142,1.281,2.478,0.0,0.0,0.0
2023-01-04 08:00:00,3.136,1.283,2.477,0.0,0.0,0.0
2023-01-04 09:00:00,3.166,1.286,2.481,0.0,0.0,0.0
2023-01-04 10:00:00,3.139,1.293,2.481,0.0,0.0,0.0
2023-01-04 11:00:00,3.178,1.297,2.485,0.0,0.0,0.0
2023-01-04 12:00:00,3.162,1.299,2.488,0.0,0.0,0.0
2023-01-04 13:00:00,3.167,1.299,2.491,0.0,0.0,0.0
2023-01-04 14:00:00,3.156,1.299,2.493,0.0,0.0,0.450875665385744
2023-01-04 15:00:00,3.18,1.299,2.492,0.0,0.0,0.0
2023-01-04 16:00:00,3.177,1.297,2.489,0.0,0.0,0.0
2023-01-04 17:00:00,3.163,1.294,2.486,0.0,0.0,0.0
2023-01-04 18:00:00,3.17,1.29,2.485,0.0,0.0,0.0
2023-01-04 19:00:00,3.1666666666666665,1.288,2.481,0.0,0.0,0.0
2023-01-04 20:00:00,3.1633333333333336,1.285,2.482,0.0,0.0,0.0
2023-01-04 21:00:00,3.16,1.285,2.481,0.0,0.0,0.0
2023-01-04 22:00:00,3.154,1.284,2.479,0.0,0.0,0.0
2023-01-04 23:00:00,3.172,1.284,2.479,0.0,0.0,0.0
2023-01-05 00:00:00,3.164,1.284,2.478,0.0,0.0,0.0
2023-01-05 01:00:00,3.164,1.283,2.479,0.0,0.0,0.0
2023-01-05 02:00:00,3.189,1.283,2.478,0.0,0.0,5.754001907415372
2023-01-05 03:00:00,3.143,1.2825,2.4770000000000003,2.612906495668527,0.0,0.0
2023-01-05 04:00:00,3.097,1.282,2.476,0.0,0.0,0.0
2023-01-05 05:00:00,3.114,1.283,2.476,0.0,0.0,0.0
2023-01-05 06:00:00,3.117,1.281,2.475,0.01871614674549596,0.0,1.037979600777859
2023-01-05 07:00:00,3.12,1.282,2.474,0.0,0.0,0.0
2023-01-05 08:00:00,3.139,1.283,2.476,0.0,0.0,0.0
2023-01-05 09:00:00,3.131,1.286,2.478,0.0,0.0,0.0
2023-01-05 10:00:00,3.151,1.294,2.479,0.0,0.0,0.0
2023-01-05 11:00:00,3.167,1.3,2.48,0.0,0.0,0.0
2023-01-05 12:00:00,3.179,1.299,2.484,0.0,0.0,0.0
2023-01-05 13:00:00,3.21,1.3,2.489,0.0,0.0,0.0
2023-01-05 14:00:00,3.177,1.299,2.492,0.0,0.0,0.0
2023-01-05 15:00:00,3.174,1.299,2.491,0.0,0.0,0.0
2023-01-05 16:00:00,3.179,1.296,2.487,0.0,0.0,0.0
2023-01-05 17:00:00,3.187,1.292,2.486,0.0,0.0,0.0
2023-01-05 18:00:00,3.188,1.287,2.483,0.0,0.0,0.0
2023-01-05 19:00:00,3.166,1.285,2.481,0.0,0.0,0.0
2023-01-05 20:00:00,3.178,1.284,2.478,0.0,0.0,0.0
2023-01-05 21:00:00,3.172,1.283,2.477,0.0,0.0,0.0
2023-01-05 22:00:00,3.181,1.283,2.477,0.0,0.0,0.0
2023-01-05 23:00:00,3.169,1.283,2.474,0.0,0.0,0.0
2023-01-06 00:00:00,3.163,1.283,2.474,0.0,0.0,0.0
2023-01-06 01:00:00,3.177,1.282,2.472,0.0,0.0,0.0
2023-01-06 02:00:00,3.181,1.281,2.474,0.0,0.0,0.0
2023-01-06 03:00:00,3.185,1.283,2.471,0.0,6.218159628649246,0.0
2023-01-06 04:00:00,3.183,1.282,2.47,0.0,0.0,0.0
2023-01-06 05:00:00,3.195,1.281,2.47,0.0,0.0,0.0
2023-01-06 06:00:00,3.172,1.279,2.471,0.0,0.0,0.0
2023-01-06 07:00:00,3.203,1.279,2.47,0.0,0.0,0.0
2023-01-06 08:00:00,3.188,1.284,2.472,0.0,0.0,0.0
2023-01-06 09:00:00,3.183,1.288,2.473,0.0,0.0,0.0
2023-01-06 10:00:00,3.19,1.295,2.477,0.0,0.0,0.0
2023-01-06 11:00:00,3.211,1.298,2.481,0.0,0.0,0.0
2023-01-06 12:00:00,3.212,1.299,2.483,0.0,0.0,0.0
2023-01-06 13:00:00,3.217,1.301,2.488,0.0,0.0,0.0
2023-01-06 14:00:00,3.206,1.302,2.49,0.0,0.0,0.0
2023-01-06 15:00:00,3.242,1.3,2.488,0.0,0.0,0.0
2023-01-06 16:00:00,3.21,1.297,2.484,0.0,0.0,0.0
2023-01-06 17:00:00,3.189,1.293,2.482,0.0,0.0,0.0
2023-01-06 18:00:00,3.18,1.289,2.481,0.0,0.0,0.0
2023-01-06 19:00:00,3.163,1.286,2.479,0.0,0.0,0.0
2023-01-06 20:00:00,3.162,1.286,2.477,0.0,0.0,0.0
2023-01-06 21:00:00,3.144,1.284,2.478,0.0,0.0,0.0
2023-01-06 22:00:00,3.147,1.283,2.475,0.0,0.0,0.0
2023-01-06 23:00:00,3.124,1.282,2.473,0.0,0.0,0.0
2023-01-07 00:00:00,3.135,1.281,2.473,0.0,0.0,0.0
2023-01-07 01:00:00,3.138,1.281,2.472,0.0,0.0,0.0
2023-01-07 02:00:00,3.141,1.28,2.471,0.0,0.0,0.0
2023-01-07 03:00:00,3.146,1.281,2.47,0.0,0.0,0.0
2023-01-07 04:00:00,3.1464999999999996,1.281,2.47,0.0,0.0,0.0
2023-01-07 05:00:00,3.147,1.281,2.47,0.0,0.0,0.0
2023-01-07 06:00:00,3.145,1.281,2.47,0.0,0.0,0.0
2023-01-07 07:00:00,3.143,1.282,2.469,0.0,0.0,0.0
2023-01-07 08:00:00,3.145,1.283,2.472,0.0,0.0,0.0
2023-01-07 09:00:00,3.149,1.286,2.472,0.0,0.0,0.0
2023-01-07 10:00:00,3.158,1.296,2.476,0.0,0.0,0.0
2023-01-07 11:00:00,3.165,1.301,2.478,0.0,0.0,0.0
2023-01-07 12:00:00,3.168,1.302,2.482,0.0,0.0,0.0
2023-01-07 13:00:00,3.175,1.305,2.485,0.0,0.0,0.0
2023-01-07 14:00:00,3.174,1.306,2.487,0.0,0.0,0.0
2023-01-07 15:00:00,3.17,1.304,2.487,0.0,0.0,0.0
2023-01-07 16:00:00,3.163,1.303,2.485,4.834049320019921,1.6921972455221952,1.2519680511362226
2023-01-07 17:00:00,3.16,1.298,2.482,0.0,0.0,0.0
2023-01-07 18:00:00,3.158,1.295,2.479,0.0,0.0,0.0
2023-01-07 19:00:00,3.151,1.293,2.477,0.0,0.0,0.0
2023-01-07 20:00:00,3.154,1.292,2.473,0.0,0.0,1.7219160832803406
2023-01-07 21:00:00,3.147,1.291,2.472,0.0,0.0,0.0
2023-01-07 22:00:00,3.145,1.291,2.471,0.0,0.0,0.0
2023-01-07 23:00:00,3.149,1.291,2.471,0.0,0.0,0.0
2023-01-08 00:00:00,3.148,1.29,2.47,0.0,0.0,0.0
2023-01-08 01:00:00,3.146,1.289,2.469,0.0,0.0,0.0
2023-01-08 02:00:00,3.144,1.289,2.467,0.0,0.0,0.0
2023-01-08 03:00:00,3.139,1.289,2.467,0.0,0.0,0.0
2023-01-08 04:00:00,3.14,1.288,2.466,0.0,0.0,0.0
2023-01-08 05:00:00,3.1405000000000003,1.2885,2.466,0.0,0.0,0.0
2023-01-08 06:00:00,3.141,1.289,2.466,5.1960394947869,0.0,0.0
2023-01-08 07:00:00,3.142,1.29,2.4675000000000002,0.0,0.0,0.0
2023-01-08 08:00:00,3.143,1.291,2.469,0.0,0.0,0.0
2023-01-08 09:00:00,3.147,1.295,2.469,14.894667702376989,1.3878803788303313,10.495975637519
2023-01-08 10:00:00,3.152,1.304,2.472,0.0,0.0,0.0
2023-01-08 11:00:00,3.157,1.307,2.474,0.0,0.0,0.0
2023-01-08 12:00:00,3.17,1.307,2.478,0.0,0.0,0.0
2023-01-08 13:00:00,3.17,1.307,2.48,0.0,0.0,0.0
2023-01-08 14:00:00,3.158,1.306,2.482,0.0,0.0,0.0
2023-01-08 15:00:00,3.163,1.305,2.481,0.0,0.0,0.0
2023-01-08 16:00:00,3.162,1.302,2.479,0.0,0.0,0.0
2023-01-08 17:00:00,3.156,1.298,2.476,0.0,0.0,0.0
2023-01-08 18:00:00,3.152,1.295,2.473,1.0968551980004542,4.546747481793967,0.5089657565986067
2023-01-08 19:00:00,3.148,1.293,2.472,0.0,0.0,0.0
2023-01-08 20:00:00,3.154,1.292,2.472,0.0,0.0,0.0
2023-01-08 21:00:00,3.154,1.29,2.47,0.0,0.0,0.0
2023-01-08 22:00:00,3.153,1.29,2.47,0.0,0.0,0.0
2023-01-08 23:00:00,3.154,1.289,2.47,0.0,0.0,0.0
2023-01-09 00:00:00,3.15,1.289,2.469,0.0,0.0,0.0
2023-01-09 01:00:00,3.152,1.289,2.468,0.0,0.0,0.0
2023-01-09 02:00:00,3.146,1.288,2.466,0.0,0.0,0.0
2023-01-09 03:00:00,3.15,1.2885,2.465,0.0,0.0,0.0
2023-01-09 04:00:00,3.154,1.289,2.464,0.0,0.0,0.0
2023-01-09 05:00:00,3.149,1.289,2.463,4.287324280444073,9.481277923030563,3.306636109352916
2023-01-09 06:00:00,3.155,1.289,2.465,0.0,0.0,0.0
2023-01-09 07:00:00,3.154,1.29,2.4645,0.0,0.0,0.0
2023-01-09 08:00:00,3.15,1.29,2.464,3.316384955243165,0.0,0.1432519906065289
2023-01-09 09:00:00,3.155,1.294,2.466,0.0,1.4728344374836964,0.0
2023-01-09 10:00:00,3.166,1.298,2.468,0.3212847183067766,3.3669073448264615,3.3760597785357382
2023-01-09 11:00:00,3.169,1.301,2.471,0.0,0.0,0.0
2023-01-09 12:00:00,3.177,1.3025,2.473,0.0,0.0,0.0
2023-01-09 13:00:00,3.175,1.304,2.478,0.0,0.0,0.0
2023-01-09 14:00:00,3.169,1.305,2.481,0.0,5.681121638318337,0.0
2023-01-09 15:00:00,3.169,1.303,2.479,0.0,0.0,0.0
2023-01-09 16:00:00,3.157,1.301,2.476,0.0,0.0,0.0
2023-01-09 17:00:00,3.154,1.298,2.473,0.0,0.0,0.0
2023-01-09 18:00:00,3.153,1.294,2.469,0.0,0.0,0.0
2023-01-09 19:00:00,3.145,1.293,2.469,0.0,0.0,0.0
2023-01-09 20:00:00,3.146,1.292,2.467,0.0,0.0,0.0
2023-01-09 21:00:00,3.152,1.292,2.466,0.0,0.0,0.0
2023-01-09 22:00:00,3.142,1.291,2.465,0.0,0.0,0.0
2023-01-09 23:00:00,3.139,1.292,2.466,0.0,0.0,0.0
2023-01-10 00:00:00,3.143,1.29,2.466,0.0,0.0,0.0
2023-01-10 01:00:00,3.142,1.289,2.464,0.0,0.0,0.0
2023-01-10 02:00:00,3.145,1.29,2.465,0.0,0.0,0.0
2023-01-10 03:00:00,3.145,1.288,2.463,0.0,0.0,0.0
2023-01-10 04:00:00,3.147,1.287,2.463,0.0,0.0,0.0
2023-01-10 05:00:00,3.149,1.289,2.461,0.0,0.0,0.0
2023-01-10 06:00:00,3.148,1.289,2.46,0.0,0.0,0.0
2023-01-10 07:00:00,3.153,1.289,2.461,0.0,0.0,0.0
2023-01-10 08:00:00,3.155,1.291,2.462,0.0,0.0,0.0
2023-01-10 09:00:00,3.156,1.295,2.464,0.0,0.0,0.0
2023-01-10 10:00:00,3.161,1.302,2.466,0.0,0.0,0.0
2023-01-10 11:00:00,3.158,1.303,2.467,0.0,0.0,0.0
2023-01-10 12:00:00,3.18,1.303,2.469,0.0,0.0,0.0
2023-01-10 13:00:00,3.181,1.305,2.474,0.0,0.0,0.0
2023-01-10 14:00:00,3.181,1.305,2.477,0.0,0.0,0.0
2023-01-10 15:00:00,3.165,1.306,2.476,0.0,0.0,0.0
2023-01-10 16:00:00,3.165,1.303,2.475,0.0,0.0,0.0
2023-01-10 17:00:00,3.171,1.299,2.472,0.0,0.0,0.0
2023-01-10 18:00:00,3.16,1.296,2.469,0.0,0.0,0.0
2023-01-10 19:00:00,3.164,1.294,2.469,0.0,0.0,0.0
2023-01-10 20:00:00,3.162,1.294,2.468,1.4455302585540912,0.0,0.0
2023-01-10 21:00:00,3.162,1.2930000000000001,2.4675000000000002,0.0,0.0,0.0
2023-01-10 22:00:00,3.162,1.292,2.467,0.0,0.0,0.0
2023-01-10 23:00:00,3.156,1.292,2.466,0.0,0.0,0.6147729024331791
2023-01-11 00:00:00,3.159,1.292,2.467,0.0,0.0,0.0
2023-01-11 01:00:00,3.155,1.292,2.466,0.0,0.0,0.0
2023-01-11 02:00:00,3.153,1.29,2.463,0.0,0.0,0.0
2023-01-11 03:00:00,3.153,1.2905,2.4635,0.0,0.0,0.0
2023-01-11 04:00:00,3.153,1.291,2.464,0.0,0.0,5.6388325898523215
2023-01-11 05:00:00,3.151,1.291,2.461,0.0,0.0,0.0
2023-01-11 06:00:00,3.15,1.29,2.462,0.0,0.0,0.0
2023-01-11 07:00:00,3.152,1.291,2.462,0.0,0.0,0.0
2023-01-11 08:00:00,3.154,1.292,2.462,0.0,0.0,0.0
2023-01-11 09:00:00,3.156,1.297,2.465,0.0,0.0,0.0
2023-01-11 10:00:00,3.162,1.303,2.468,0.0,0.0,0.0
2023-01-11 11:00:00,3.175,1.305,2.47,0.0,0.0,0.0
2023-01-11 12:00:00,3.176,1.306,2.473,0.0,1.3921716863751192,0.0
2023-01-11 13:00:00,3.181,1.306,2.478,0.0,0.0,0.0
2023-01-11 14:00:00,3.18,1.307,2.481,0.0,0.0,0.0
2023-01-11 15:00:00,3.175,1.305,2.481,0.0,0.0,0.0
2023-01-11 16:00:00,3.169,1.302,2.475,0.0,0.0,0.0
2023-01-11 17:00:00,3.165,1.2995,2.4725,0.0,0.0,0.0
2023-01-11 18:00:00,3.159,1.297,2.47,0.0,0.0,0.0
2023-01-11 19:00:00,3.161,1.294,2.467,0.0,0.0,0.0
2023-01-11 20:00:00,3.163,1.294,2.466,0.0,0.0,0.0
2023-01-11 21:00:00,3.161,1.294,2.465,0.0,0.0,0.0
2023-01-11 22:00:00,3.166,1.292,2.4636666666666667,0.0,0.0,0.0
2023-01-11 23:00:00,3.162,1.291,2.462333333333333,0.0,0.0,0.0
2023-01-12 00:00:00,3.163,1.293,2.461,0.0,0.0,0.0
2023-01-12 01:00:00,3.163,1.292,2.461,0.0,0.7211172417022581,0.0
2023-01-12 02:00:00,3.169,1.291,2.461,0.0,0.0,0.0
2023-01-12 03:00:00,3.172,1.291,2.461,0.0,0.0,0.0
2023-01-12 04:00:00,3.169,1.291,2.461,0.0,0.0,0.0
2023-01-12 05:00:00,3.176,1.291,2.461,0.0,0.0,0.0
2023-01-12 06:00:00,3.174,1.291,2.46,0.0,0.0,0.0
2023-01-12 07:00:00,3.173,1.292,2.46,0.0,0.0,0.0
2023-01-12 08:00:00,3.177,1.292,2.459,0.0,0.0,0.0
2023-01-12 09:00:00,3.18,1.296,2.463,0.0,0.0,0.0
2023-01-12 10:00:00,3.186,1.303,2.465,0.0,0.0,0.0
2023-01-12 11:00:00,3.187,1.301,2.467,0.0,0.0,0.0
2023-01-12 12:00:00,3.189,1.302,2.468,0.0,1.9157646199287672,0.0
2023-01-12 13:00:00,3.188,1.302,2.472,0.0,0.0,0.0
2023-01-12 14:00:00,3.19,1.303,2.472,0.0,0.0,0.0
2023-01-12 15:00:00,3.182,1.302,2.4690000000000003,3.779856947420724,0.06899165941936788,0.7898389778796813
2023-01-12 16:00:00,3.181,1.298,2.466,0.0,0.0,0.0
2023-01-12 17:00:00,3.18,1.295,2.464,15.917716312295632,0.0,0.0
2023-01-12 18:00:00,3.197,1.293,2.462,0.0,0.0,0.0
2023-01-12 19:00:00,3.219,1.291,2.461,0.0,0.0,0.0
2023-01-12 20:00:00,3.216,1.29,2.46,0.0,0.0,0.0
2023-01-12 21:00:00,3.215,1.29,2.458,0.0,0.0,0.0
2023-01-12 22:00:00,3.221,1.289,2.457,0.0,0.0,0.0
2023-01-12 23:00:00,3.224,1.288,2.454,0.0,0.0,0.0
2023-01-13 00:00:00,3.227,1.289,2.455,0.0,0.0,0.0
2023-01-13 01:00:00,3.233,1.288,2.454,0.0,0.0,0.0
2023-01-13 02:00:00,3.211,1.289,2.453,0.0,0.0,0.0
2023-01-13 03:00:00,3.171,1.289,2.452,0.0,0.0,0.0
2023-01-13 04:00:00,3.1795,3.526,2.452,0.0,0.37501443468473855,0.0
2023-01-13 05:00:00,3.188,5.763,2.452,0.0,0.0,0.0
2023-01-13 06:00:00,3.187,5.763,2.453,0.0,0.0,0.0
2023-01-13 07:00:00,3.187,5.763,2.4535,0.0,0.0,0.0
2023-01-13 08:00:00,3.187,5.763,2.454,0.0,0.0,0.0
2023-01-13 09:00:00,3.196,5.763,2.457,6.647606157690939,0.0,0.0
2023-01-13 10:00:00,3.201,5.763,2.462,0.0,0.0,0.0
2023-01-13 11:00:00,3.208,5.763,2.466,0.0,0.0,0.0
2023-01-13 12:00:00,3.218,5.763,2.468,0.0,0.0,9.263266104402843
2023-01-13 13:00:00,3.217,5.763,2.473,0.0,0.0,0.0
2023-01-13 14:00:00,3.218,5.763,2.474,0.0,0.0,0.0
2023-01-13 15:00:00,3.217,5.763,2.469,0.0,0.0,0.027901585124868546
2023-01-13 16:00:00,3.209,5.763,2.465,0.0,0.0,0.0
2023-01-13 17:00:00,3.204,5.763,2.464,0.0,0.0,0.0
2023-01-13 18:00:00,3.205,5.763,2.459,1.1174946251650357,0.0,0.0
2023-01-13 19:00:00,3.203,5.763,2.457,0.0,0.0,0.0
2023-01-13 20:00:00,3.199,5.763,2.457,0.0,0.0,0.0
2023-01-13 21:00:00,3.199,5.763,2.455,0.0,0.0,0.0
2023-01-13 22:00:00,3.204,5.763,2.452,0.0,0.0,0.0
2023-01-13 23:00:00,3.195,5.763,2.453,0.0,0.0,0.0
2023-01-14 00:00:00,3.206,5.763,2.451,0.0,0.0,0.0
2023-01-14 01:00:00,3.152,5.763,2.453,0.0,0.0,0.0
2023-01-14 02:00:00,3.191,5.763,2.458,0.0,4.294611635102367,0.0
2023-01-14 03:00:00,3.2,5.763,2.459,4.837830478269365,0.0,0.0
2023-01-14 04:00:00,3.21,5.763,2.461,0.0,0.0,0.0
2023-01-14 05:00:00,3.204,5.763,2.46,0.0,0.0,0.0
2023-01-14 06:00:00,3.224,5.763,2.461,0.0,0.0,0.0
2023-01-14 07:00:00,3.2,5.763,2.459,1.408975150117212,0.0,0.0
2023-01-14 08:00:00,3.203,5.763,2.462,0.0,0.0,0.0
2023-01-14 09:00:00,3.205,5.763,2.463,0.0,0.0,0.0
2023-01-14 10:00:00,3.233,5.763,2.465,0.0,0.0,0.0
2023-01-14 11:00:00,3.23,5.763,2.469,0.0,0.0,0.0
2023-01-14 12:00:00,3.222,5.763,2.47,0.0,0.0,0.0
2023-01-14 13:00:00,3.23,5.763,2.472,0.0,0.0,0.0
2023-01-14 14:00:00,3.227,5.763,2.472,0.0,0.0,0.0
2023-01-14 15:00:00,3.244,5.763,2.472,0.0,0.0,0.0
2023-01-14 16:00:00,3.222,5.763,2.47,0.0,0.0,0.0
2023-01-14 17:00:00,3.22,5.763,2.466,0.0,0.0,0.0
2023-01-14 18:00:00,3.238,5.763,2.462,0.0,0.0,0.0
2023-01-14 19:00:00,3.225,5.763,2.462,0.0,0.0,0.0
2023-01-14 20:00:00,3.237,5.763,2.461,0.0,0.0,1.5066293629312684
2023-01-14 21:00:00,3.225,1.29,2.459,0.0,0.0,0.0
2023-01-14 22:00:00,3.245,1.289,2.458,0.0,0.0,0.0
2023-01-14 23:00:00,3.246,1.288,2.457,0.0,0.0,0.0
2023-01-15 00:00:00,3.243,1.29689662027833,2.458,0.0,0.0,0.0
2023-01-15 01:00:00,3.242,1.3057932405566601,2.457,3.7770917462198548,0.0,0.0
2023-01-15 02:00:00,3.244,1.3146898608349902,2.455,0.0,0.0,0.0
2023-01-15 03:00:00,3.243,1.32358648111332,2.456,0.0,0.0,0.0
2023-01-15 04:00:00,3.237,1.33248310139165,2.456,0.0,0.0,0.0
2023-01-15 05:00:00,3.24,1.34137972166998,2.455,0.0,0.0,0.0
2023-01-15 06:00:00,3.24,1.3502763419483101,2.455,0.0,0.0,0.0
2023-01-15 07:00:00,3.242,1.3591729622266402,2.456,0.0,0.0,0.0
2023-01-15 08:00:00,3.237,1.3680695825049702,2.457,0.0,0.0,0.0
2023-01-15 09:00:00,3.246,1.3769662027833003,2.46,16.975684100131286,0.0,1.3027933087284427
2023-01-15 10:00:00,3.252,1.3858628230616303,2.461,0.0,0.0,0.0
2023-01-15 11:00:00,3.253,1.3947594433399604,2.463,0.0,0.0,0.0
2023-01-15 12:00:00,3.255,1.4036560636182902,2.467,0.0,0.0,0.0
2023-01-15 13:00:00,3.256,1.4125526838966203,2.469,0.0,0.0,0.0
2023-01-15 14:00:00,3.258,1.4214493041749503,2.47,0.0,0.0,0.0
2023-01-15 15:00:00,3.256,1.4303459244532803,2.47,0.0,0.0,0.0
2023-01-15 16:00:00,3.25,1.4392425447316104,2.468,0.0,0.0,0.0
2023-01-15 17:00:00,3.244,1.4481391650099404,2.465,0.0,0.0,0.0
2023-01-15 18:00:00,3.243,1.4570357852882705,2.465,0.0,0.0,0.0
2023-01-15 19:00:00,3.244,1.4659324055666003,2.463,0.0,0.0,0.0
2023-01-15 20:00:00,3.238,1.4748290258449304,2.462,0.0,0.0,0.0
2023-01-15 21:00:00,3.242,1.4837256461232604,2.458,0.0,0.0,0.0
2023-01-15 22:00:00,3.24,1.4926222664015905,2.454,0.0,0.7050262464300562,0.0
2023-01-15 23:00:00,3.239,1.5015188866799205,2.454,0.0,0.0,0.0
2023-01-16 00:00:00,3.239,1.5015188866799205,2.452,0.0,0.0,0.0
2023-01-16 01:00:00,3.236,1.5015188866799205,2.451,0.0,0.0,0.0
2023-01-16 02:00:00,3.237,1.5104528093493546,2.449,0.0,0.0,0.0
2023-01-16 03:00:00,3.24,1.5193867320187888,2.449,0.0,0.0,0.0
2023-01-16 04:00:00,3.242,1.5283206546882229,2.447,0.0,0.0,0.0
2023-01-16 05:00:00,3.239,1.5372545773576571,2.449,0.0,2.261265753601103,0.0
2023-01-16 06:00:00,3.239,1.5461885000270912,2.446,0.0,0.0,0.0
2023-01-16 07:00:00,3.241,1.5551224226965252,2.447,0.0,0.0,0.0
2023-01-16 08:00:00,3.243,1.5640563453659595,2.448,0.0,0.0,0.0
2023-01-16 09:00:00,3.244,1.5729902680353935,2.449,0.0,0.0,0.0
2023-01-16 10:00:00,3.249,1.5819241907048276,2.453,0.0,0.0,0.0
2023-01-16 11:00:00,3.255,1.5908581133742619,2.453,0.0,0.0,0.0
2023-01-16 12:00:00,3.26,1.599792036043696,2.455,0.0,0.0,0.0
2023-01-16 13:00:00,3.26,1.60872595871313,2.459,0.0,0.0,0.0
2023-01-16 14:00:00,3.261,1.6176598813825642,2.459,0.0,0.0,0.0
2023-01-16 15:00:00,3.257,1.6265938040519983,2.459,0.0,0.0,0.0
2023-01-16 16:00:00,3.25,1.6355277267214325,2.456,0.0,5.829310229354285,0.0
2023-01-16 17:00:00,3.251,1.6444616493908666,2.453,0.0,0.0,0.0
2023-01-16 18:00:00,3.245,1.6533955720603006,2.451,0.0,0.0,0.0
2023-01-16 19:00:00,3.249,1.662329494729735,2.451,0.0,0.0,0.0
2023-01-16 20:00:00,3.248,1.671263417399169,2.454,0.0,0.0,0.0
2023-01-16 21:00:00,3.247,1.680197340068603,2.464,0.0,0.0,0.0
2023-01-16 22:00:00,3.249,1.6891312627380373,2.468,0.0,0.0,0.0
2023-01-16 23:00:00,3.245,1.6980651854074713,2.466,0.0,2.9231951750617835,0.0
2023-01-17 00:00:00,3.244,1.7069991080769054,2.464,2.606966236856241,0.0,0.0
2023-01-17 01:00:00,3.243,1.7159330307463396,2.462,0.0,0.0,0.0
2023-01-17 02:00:00,3.248,1.7159330307463396,2.462,0.0,0.0,0.0
2023-01-17 03:00:00,3.25,1.7159330307463396,2.46,0.0,0.0,0.0
2023-01-17 04:00:00,3.246,1.7159330307463396,2.459,0.0,0.0,0.0
2023-01-17 05:00:00,3.248,1.7159330307463396,2.459,0.0,0.0,0.0
2023-01-17 06:00:00,3.25,1.7159330307463396,2.458,0.0,0.0,0.0
2023-01-17 07:00:00,3.247,1.7159330307463396,2.457,0.0,0.0,0.0
2023-01-17 08:00:00,3.253,1.7159330307463396,2.457,0.0,0.0,0.0
2023-01-17 09:00:00,3.254,1.7159330307463396,2.459,0.0,0.0,0.0
2023-01-17 10:00:00,3.258,1.7159330307463396,2.463,0.0,0.0,0.0
2023-01-17 11:00:00,3.26,1.7159330307463396,2.465,0.0,0.0,0.0
2023-01-17 12:00:00,3.269,1.7159330307463396,2.466,0.0,0.0,0.0
2023-01-17 13:00:00,3.271,1.7159330307463396,2.47,0.0,0.0,0.0
2023-01-17 14:00:00,3.271,1.7159330307463396,2.47,0.0,0.0,0.0
2023-01-17 15:00:00,3.264,1.7159330307463396,2.471,0.0,0.0,0.0
2023-01-17 16:00:00,3.262,1.7159330307463396,2.468,0.0,3.1551477926212983,0.0
2023-01-17 17:00:00,3.259,1.7159330307463396,2.471,0.0,0.0,0.0
2023-01-17 18:00:00,3.256,1.7159330307463396,2.469,0.0,0.0,0.0
2023-01-17 19:00:00,3.256,1.7159330307463396,2.468,0.0,10.011780958483936,0.0
2023-01-17 20:00:00,3.256,1.7159330307463396,2.465,0.0,0.0,0.0
2023-01-17 21:00:00,3.256,1.7159330307463396,2.462,0.0,0.0,0.0
2023-01-17 22:00:00,3.253,1.7159330307463396,2.461,0.0,0.0,0.0
2023-01-17 23:00:00,3.252,1.7159330307463396,2.457,0.0,0.0,0.0
2023-01-18 00:00:00,3.254,1.7159330307463396,2.456,0.0,0.0,0.0
2023-01-18 01:00:00,3.253,1.7159330307463396,2.454,0.0,0.0,0.0
2023-01-18 02:00:00,3.248,1.7159330307463396,2.452,0.0,0.0,0.0
2023-01-18 03:00:00,3.247,1.7159330307463396,2.452,0.0,0.0,0.0
2023-01-18 04:00:00,3.25,1.7159330307463396,2.451,0.0,0.0,0.0
2023-01-18 05:00:00,3.246,1.7159330307463396,2.451,0.0,0.0,0.0
2023-01-18 06:00:00,3.253,1.7159330307463396,2.45,0.0,0.0,0.0
2023-01-18 07:00:00,3.253,1.7159330307463396,2.449,0.0,0.0,0.0
2023-01-18 08:00:00,3.253,1.7159330307463396,2.449,0.0,0.0,0.0
2023-01-18 09:00:00,3.252,1.7159330307463396,2.453,0.0,0.0,0.0
2023-01-18 10:00:00,3.257,1.7159330307463396,2.457,0.0,0.0,0.0
2023-01-18 11:00:00,3.263,1.7159330307463396,2.459,0.0,0.0,0.0
2023-01-18 12:00:00,3.268,1.7159330307463396,2.459,0.0,0.0,0.0
2023-01-18 13:00:00,3.267,1.7159330307463396,2.464,0.0,0.0,0.0
2023-01-18 14:00:00,3.269,1.7159330307463396,2.464,0.0,0.0,0.0
2023-01-18 15:00:00,3.26,1.7159330307463396,2.463,0.0,0.0,0.0
2023-01-18 16:00:00,3.258,1.7159330307463396,2.461,0.0,0.0,0.0
2023-01-18 17:00:00,3.254,1.7159330307463396,2.459,0.0,0.0,0.0
2023-01-18 18:00:00,3.254,1.7159330307463396,2.458,0.0,0.0,0.0
2023-01-18 19:00:00,3.249,1.7159330307463396,2.455,0.0,0.0,0.0
2023-01-18 20:00:00,3.251,1.7159330307463396,2.455,0.0,0.0,0.0
2023-01-18 21:00:00,3.25,1.7159330307463396,2.453,0.0,0.0,0.0
2023-01-18 22:00:00,3.241,1.7159330307463396,2.452,0.0,0.0,0.0
2023-01-18 23:00:00,3.244,1.7159330307463396,2.452,0.0,0.0,0.0
2023-01-19 00:00:00,3.244,1.7159330307463396,2.451,0.0,0.0,0.0
2023-01-19 01:00:00,3.238,1.7159330307463396,2.448,0.0,0.0,0.0
2023-02-02 22:00:00,3.308,5.763,2.646,0.0,0.40167742370326764,0.0
2023-02-02 23:00:00,3.305,5.763,2.647,0.0,0.0,0.0
2023-02-03 00:00:00,3.3,5.763,2.644,0.0,0.0,0.0
2023-02-03 01:00:00,3.304,5.763,2.642,0.0,0.0,0.0
2023-02-03 02:00:00,3.304,5.763,2.64,0.0,0.0,0.0
2023-02-03 03:00:00,3.307,5.763,2.639,0.0,0.0,0.0
2023-02-03 04:00:00,3.303,5.763,2.638,0.0,0.0,0.0
2023-02-03 05:00:00,3.309,5.763,2.635,0.0,0.0,0.0
2023-02-03 06:00:00,3.301,5.763,2.635,0.07726659918826255,1.5113544323868535,3.880423647751111
2023-02-03 07:00:00,3.301,5.763,2.633,0.0,0.0,0.0
2023-02-03 08:00:00,3.303,5.763,2.633,0.0,0.0,0.0
2023-02-03 09:00:00,3.308,5.763,2.635,0.0,0.0,0.0
2023-02-03 10:00:00,3.3135,5.763,2.637,0.0,0.0,0.0
2023-02-03 11:00:00,3.319,5.763,2.639,0.0,0.0,0.0
2023-02-03 12:00:00,3.345,5.763,2.594,0.0,0.0,0.0
2023-02-03 13:00:00,3.328,5.763,2.533,1.3069412023829101,0.0,0.0
2023-02-03 14:00:00,3.331,5.763,2.497,0.0,0.0,0.0
2023-02-03 15:00:00,3.321,5.763,2.473,0.0,0.0,0.0
2023-02-03 16:00:00,3.325,5.763,2.458,0.0,0.0,0.0
2023-02-03 17:00:00,3.325,5.763,2.447,0.0,0.0,0.0
2023-02-03 18:00:00,3.313,5.763,2.438,0.0,0.0,0.0
2023-02-03 19:00:00,3.313,5.763,2.432,0.8379073969192185,0.0,0.0
2023-02-03 20:00:00,3.31,5.763,2.428,0.0,6.012116102846263,0.0
2023-02-03 21:00:00,3.313,5.763,2.427,0.0,0.0,0.0
2023-02-03 22:00:00,3.305,5.763,2.424,0.0,0.0,0.0
2023-02-03 23:00:00,3.308,5.763,2.423,0.0,0.0,0.0
2023-02-04 00:00:00,3.311,5.763,2.424,0.0,0.0,0.0
2023-02-04 01:00:00,3.302,5.763,2.423,0.0,0.0,0.0
2023-02-04 02:00:00,3.303,5.763,2.423,0.0,0.0,0.0
2023-02-04 03:00:00,3.301,5.763,2.423,0.0,0.0,0.0
2023-02-04 04:00:00,3.301,5.763,2.421,3.1705902237617454,0.0,0.08513275642539674
2023-02-04 05:00:00,3.298,5.763,2.418,0.0,0.0,0.0
2023-02-04 06:00:00,3.297,5.763,2.42,0.0,0.0,0.0
2023-02-04 07:00:00,3.301,5.763,2.42,0.0,0.0,0.0
2023-02-04 08:00:00,3.31,5.763,2.421,0.0,0.0,0.0
2023-02-04 09:00:00,3.321,5.763,2.425,0.0,0.0,0.0
2023-02-04 10:00:00,3.353,5.763,2.427,0.0,0.0,0.0
2023-02-04 11:00:00,3.356,5.763,2.427,0.0,0.0,0.0
2023-02-04 12:00:00,3.363,5.763,2.429,2.0695154097661375,4.543678651521744,1.9607783195841115
2023-02-04 13:00:00,3.358,5.763,2.433,0.0,0.0,0.0
2023-02-04 14:00:00,3.353,5.763,2.434,0.0,0.0,0.0
2023-02-04 15:00:00,3.348,5.763,2.432,0.0,0.0,0.0
2023-02-04 16:00:00,3.343,5.763,2.4299999999999997,0.0,0.0,0.0
2023-02-04 17:00:00,3.3422,5.763,2.428,0.0,0.0,0.0
2023-02-04 18:00:00,3.3414,5.763,2.4259999999999997,0.0,0.40124847769679317,0.0
2023-02-04 19:00:00,3.3406,5.763,2.424,0.0,0.0,0.0
2023-02-04 20:00:00,3.3398,5.763,2.4219999999999997,0.0,0.0,0.0
2023-02-04 21:00:00,3.339,5.763,2.42,0.3123255620850999,5.728648738252133,4.8635144888249116
2023-02-04 22:00:00,3.3382,5.763,2.422,0.0,0.0,0.0
2023-02-04 23:00:00,3.3374,5.753321961620469,2.4210000000000003,0.0,0.0,0.0
2023-02-05 00:00:00,3.3366,5.743643923240938,2.42,0.0,0.0,0.0
2023-02-05 01:00:00,3.3358,5.733965884861407,2.419,0.0,0.0,0.0
2023-02-05 02:00:00,3.335,5.724287846481876,2.418,0.0,0.0,0.0
2023-02-05 03:00:00,3.332,5.714609808102345,2.418,0.0,0.0,0.0
2023-02-05 04:00:00,3.324,5.704931769722815,2.417,0.0,0.0,0.0
2023-02-05 05:00:00,3.33,5.695253731343284,2.417,0.0,0.0,0.0
2023-02-05 06:00:00,3.331,5.685575692963752,2.416,0.0,0.0,0.0
2023-02-05 07:00:00,3.328,5.6758976545842215,2.417333333333333,0.8289851754045838,0.8976629980402638,2.7301307341196988
2023-02-05 08:00:00,3.326,5.666219616204691,2.4186666666666667,0.0,0.0,0.0
2023-02-05 09:00:00,3.346,5.65654157782516,2.42,0.0,0.0,0.0
2023-02-05 10:00:00,3.351,5.646863539445629,2.421,0.0,0.0,0.0
2023-02-05 11:00:00,3.346,5.637185501066098,2.424,0.0,0.0,0.0
2023-02-05 12:00:00,3.364,5.627507462686567,2.428,0.0,0.0,0.0
2023-02-05 13:00:00,3.36,5.617829424307036,2.428,0.0,0.0,0.0
2023-02-05 14:00:00,3.371,5.608151385927505,2.428,0.0,0.0,0.0
2023-02-05 15:00:00,3.367,5.598473347547975,2.43,0.0,0.0,0.0
2023-02-05 16:00:00,3.358,5.588795309168443,2.427,0.0,0.0,0.0
2023-02-05 17:00:00,3.351,5.579117270788912,2.425,0.0,0.0,0.0
2023-02-05 18:00:00,3.355,5.5694392324093815,2.423,0.0,0.0,0.0
2023-02-05 19:00:00,3.349,5.559761194029851,2.421,0.0,0.0,0.0
2023-02-05 20:00:00,3.356,5.55008315565032,2.42,0.0,0.0,0.0
2023-02-05 21:00:00,3.357,5.540405117270788,2.419,0.0,0.0,0.0
2023-02-05 22:00:00,3.353,5.530727078891258,2.418,0.0,0.0,0.0
2023-02-05 23:00:00,3.351,5.530727078891258,2.421,1.2201076501992925,3.3216377899371916,0.0
2023-02-06 00:00:00,3.35,5.530727078891258,2.418,6.842594124161298,1.2393480012156757,0.014059713977179863
2023-02-06 01:00:00,3.348,5.521005347336199,2.417,0.0,0.0,0.0
2023-02-06 02:00:00,3.35,5.51128361578114,2.417,0.0,0.0,0.0
2023-02-06 03:00:00,3.348,5.50156188422608,2.416,0.0,0.0,0.0
2023-02-06 04:00:00,3.35,5.4918401526710205,2.415,0.0,0.0,0.0
2023-02-06 05:00:00,3.341,5.4821184211159615,2.414,0.0,0.0,0.0
2023-02-06 06:00:00,3.344,5.472396689560902,2.414,0.0,0.0,0.0
2023-02-06 07:00:00,3.345,5.4626749580058425,2.415,0.0,0.0,0.0
2023-02-06 08:00:00,3.351,5.452953226450783,2.416,0.0,0.0,0.0
2023-02-06 09:00:00,3.358,5.443231494895724,2.419,0.0,0.0,0.0
2023-02-06 10:00:00,3.36,5.433509763340665,2.421,0.0,0.0,0.0
2023-02-06 11:00:00,3.371,5.423788031785605,2.423,0.0,0.0,0.0
2023-02-06 12:00:00,3.378,5.414066300230546,2.425,3.362732959155458,0.0,0.0
2023-02-06 13:00:00,3.374,5.404344568675487,2.429,0.0,0.0,0.0
2023-02-06 14:00:00,3.369,5.394622837120428,2.43,0.0,0.0,0.0
2023-02-06 15:00:00,3.374,5.384901105565369,2.427,0.0,0.0,0.0
2023-02-06 16:00:00,3.371,5.375179374010309,2.424,0.0,0.0,0.0
2023-02-06 17:00:00,3.376,5.36545764245525,2.426,0.0,0.0,0.0
2023-02-06 18:00:00,3.367,5.355735910900191,2.425,0.0,0.0,0.0
2023-02-06 19:00:00,3.363,5.346014179345132,2.425,0.0,0.0,0.0
2023-02-06 20:00:00,3.362,5.336292447790072,2.422,0.0,0.0,0.0
2023-02-06 21:00:00,3.365,5.326570716235013,2.423,0.0,0.0,0.0
2023-02-06 22:00:00,3.375,5.316848984679954,2.42,0.0,0.0,0.0
2023-02-06 23:00:00,3.368,5.307127253124895,2.42,0.0,0.0,4.438459375431281
2023-02-07 00:00:00,3.368,5.297405521569835,2.418,0.0,0.0,0.0
2023-02-07 01:00:00,3.361,5.297405521569835,2.419,0.0,0.0,0.0
2023-02-07 02:00:00,3.357,5.297405521569835,2.416,0.0,0.0,0.0
2023-02-07 03:00:00,3.367,5.297405521569835,2.417,0.0,0.0,0.0
2023-02-07 04:00:00,3.359,5.297405521569835,2.417,0.0,0.0,0.0
2023-02-07 05:00:00,3.356,5.297405521569835,2.415,0.0,0.0,0.0
2023-02-07 06:00:00,3.355,5.297405521569835,2.414,0.0,0.0,0.0
2023-02-07 07:00:00,3.358,5.297405521569835,2.414,0.0,0.0,0.0
2023-02-07 08:00:00,3.357,5.297405521569835,2.415,0.0,0.0,0.0
2023-02-07 09:00:00,3.361,5.297405521569835,2.42,0.0,0.0,0.0
2023-02-07 10:00:00,3.374,5.297405521569835,2.423,0.0,0.0,0.0
2023-02-07 11:00:00,3.381,5.297405521569835,2.423,0.0,0.0,0.0
2023-02-07 12:00:00,3.39,5.297405521569835,2.426,0.0,0.0,0.0
2023-02-07 13:00:00,3.383,5.297405521569835,2.429,0.0,0.0,0.0
2023-02-07 14:00:00,3.383,5.297405521569835,2.43,0.0,0.0,0.0
2023-02-07 15:00:00,3.383,5.297405521569835,2.428,0.0,0.0,0.0
2023-02-07 16:00:00,3.38,5.297405521569835,2.427,0.0,0.0,0.0
2023-02-07 17:00:00,3.374,5.297405521569835,2.425,0.0,0.0,0.0
2023-02-07 18:00:00,3.377,5.297405521569835,2.421,0.0,0.0,0.0
2023-02-07 19:00:00,3.372,5.297405521569835,2.419,0.0,0.0,0.0
2023-02-07 20:00:00,3.373,5.297405521569835,2.419,0.0,0.0,0.5786197251441236
2023-02-07 21:00:00,3.369,5.297405521569835,2.417,0.0,0.0,0.0
2023-02-07 22:00:00,3.369,5.297405521569835,2.418,0.0,0.0,0.0
2023-02-07 23:00:00,3.368,5.297405521569835,2.415,0.0,0.0,0.0
2023-02-08 00:00:00,3.371,5.297405521569835,2.417,0.0,0.0,0.0
2023-02-08 01:00:00,3.373,5.297405521569835,2.415,0.0,0.0,0.0
2023-02-08 02:00:00,3.366,5.297405521569835,2.413,0.0,0.0,0.0
2023-02-08 03:00:00,3.376,5.297405521569835,2.413,0.0,0.0,0.0
2023-02-08 04:00:00,3.373,5.297405521569835,2.411,0.0,0.0,0.0
2023-02-08 05:00:00,3.372,5.297405521569835,2.412,0.0,0.0,0.0
2023-02-08 06:00:00,3.375,5.297405521569835,2.412,0.0,0.0,0.0
2023-02-08 07:00:00,3.374,5.297405521569835,2.41,0.0,0.0,0.0
2023-02-08 08:00:00,3.377,5.297405521569835,2.414,0.0,0.0,0.0
2023-02-08 09:00:00,3.38,5.297405521569835,2.415,0.0,0.0,0.0
2023-02-08 10:00:00,3.383,5.297405521569835,2.418,1.499805729078726,0.0,0.0
2023-02-08 11:00:00,3.385,5.297405521569835,2.42,0.0,0.0,0.0
2023-02-08 12:00:00,3.391,5.297405521569835,2.423,0.0,0.0,0.0
2023-02-08 13:00:00,3.395,5.297405521569835,2.423,0.0,0.0,0.0
2023-02-08 14:00:00,3.398,5.297405521569835,2.423,0.0,0.0,0.0
2023-02-08 15:00:00,3.389,5.297405521569835,2.423,0.0,0.0,0.0
2023-02-08 16:00:00,3.388,5.297405521569835,2.422,0.0,0.0,0.0
2023-02-08 17:00:00,3.388,5.297405521569835,2.419,0.0,0.0,0.0
2023-02-08 18:00:00,3.385,5.297405521569835,2.4175,0.0,0.0,0.0
2023-02-08 19:00:00,3.382,5.297405521569835,2.416,0.0,0.0,0.0
2023-02-08 20:00:00,3.387,5.297405521569835,2.416,1.6107319126176822,0.7558619807408644,3.662337442374551
2023-02-08 21:00:00,3.385,5.297405521569835,2.416,0.0,0.0,0.0
2023-02-08 22:00:00,3.3845,5.297405521569835,2.4154999999999998,0.0,0.0,1.8617669363840437
2023-02-08 23:00:00,3.384,5.297405521569835,2.415,0.0,0.0,31.360320218157643
2023-02-09 00:00:00,3.386,5.297405521569835,2.412,0.0,0.0,0.0
2023-03-11 10:00:00,3.288,1.253,2.362,0.0,0.0,0.0
2023-03-11 11:00:00,3.288,1.256,2.363,0.0,0.0,0.0
2023-03-11 12:00:00,3.288,1.259,2.368,0.0,0.0,0.0
2023-03-11 13:00:00,3.288,1.259,2.371,0.0,0.0,0.0
2023-03-11 14:00:00,3.288,1.258,2.367,0.0,4.595221082585375,0.0
2023-03-11 15:00:00,3.288,1.26,2.369,0.0,0.0,0.0
2023-03-11 16:00:00,3.288,1.259,2.368,0.1811049110687173,5.202317402197634,3.5217342595066388
2023-03-11 17:00:00,3.288,1.256,2.365,0.0,7.935000444961622,0.0
2023-03-11 18:00:00,3.288,1.258,2.362,0.5631194319144974,0.0,0.0
2023-03-11 19:00:00,3.288,1.258,2.356,0.0,2.869803663617254,0.0
2023-03-11 20:00:00,3.288,1.258,2.355,0.0,0.0,0.0
2023-03-11 21:00:00,3.288,1.26,2.355,0.0,0.0,0.0
2023-03-11 22:00:00,3.288,1.259,2.353,0.0,0.0,0.0
2023-03-11 23:00:00,3.288,1.257,2.353,0.0,0.0,0.0
2023-03-12 00:00:00,3.288,1.266,2.353,0.0,0.0,0.0
2023-03-12 01:00:00,3.288,1.282,2.352,0.0,0.0,0.0
2023-03-12 02:00:00,3.288,1.262,2.353,0.0,0.0,0.0
2023-03-12 03:00:00,3.288,1.256,2.352,1.1587651131897512,16.44749622768015,3.8445063314802166
2023-03-12 04:00:00,3.288,1.255,2.35,0.0,0.0,0.0
2023-03-12 05:00:00,3.288,1.254,2.35,0.0,0.0,0.0
2023-03-12 06:00:00,3.288,1.325,2.35,0.07027791208926826,0.0,0.0
2023-03-12 07:00:00,3.288,1.262,2.352,0.0,0.0,0.0
2023-03-12 08:00:00,3.288,1.252,2.353,0.0,0.0,0.0
2023-03-12 09:00:00,3.288,1.254,2.355,0.0,0.0,0.0
2023-03-12 10:00:00,3.288,1.257,2.357,0.0,0.0,0.0
2023-03-12 11:00:00,3.288,1.26,2.361,6.8589670694452165,0.0,0.0
2023-03-12 12:00:00,3.288,1.269,2.363,0.0,44.528856333114305,0.0
2023-03-12 13:00:00,3.288,1.269,2.365,0.0,0.0,0.0
2023-03-12 14:00:00,3.288,1.269,2.364,0.0,3.1619073427900513,0.0
2023-03-12 15:00:00,3.288,1.269,2.365,0.0,0.0,0.0
2023-03-12 16:00:00,3.288,1.266,2.363,0.0,0.0,0.0
2023-03-12 17:00:00,3.288,1.265,2.358,0.0,0.0,0.0
2023-03-12 18:00:00,3.288,1.263,2.357,5.971096392223909,1.671200444593266,0.5343987515683124
2023-03-12 19:00:00,3.288,1.261,2.354,0.0,0.0,0.0
2023-03-12 20:00:00,3.288,1.26,2.353,0.0,0.0,0.0
2023-03-12 21:00:00,3.288,1.26,2.355,0.0,0.0,0.0
2023-03-12 22:00:00,3.288,1.26,2.353,0.0,0.0,0.0
2023-03-12 23:00:00,3.288,1.258,2.351,0.0,0.0,0.0
2023-03-13 00:00:00,3.288,1.259,2.351,0.0,0.0,0.0
2023-03-13 01:00:00,3.288,1.258,2.35,0.0,0.0,0.0
2023-03-13 02:00:00,3.288,1.2574999999999998,2.349,0.0,0.0,0.0
2023-03-13 03:00:00,3.288,1.257,2.348,0.0,0.0,0.0
2023-03-13 04:00:00,3.288,1.258,2.347,0.0,0.0,0.0
2023-03-13 05:00:00,3.288,1.257,2.347,0.0,0.0,0.0
2023-03-13 06:00:00,3.288,1.256,2.347,0.0,0.0,0.0
2023-03-13 07:00:00,3.288,1.257,2.347,0.0,0.0,0.0
2023-03-13 08:00:00,3.288,1.257,2.348,0.0,0.0,0.0
2023-03-13 09:00:00,3.288,1.261,2.354,0.0,3.7481364213501425,0.0
2023-03-13 10:00:00,3.288,1.266,2.356,0.0,0.0,0.0
2023-03-13 11:00:00,3.2915,1.267,2.357,0.0,0.0,0.0
2023-03-13 12:00:00,3.295,1.269,2.36,0.0,0.0,0.0
2023-03-13 13:00:00,3.3,1.267,2.363,0.0,0.0,0.0
2023-03-13 14:00:00,3.2945,1.2679999999999998,2.36,0.0,0.0,0.0
2023-03-13 15:00:00,3.289,1.269,2.359,0.0,0.0,0.0
2023-03-13 16:00:00,3.288,1.266,2.358,0.0,0.0,0.0
2023-03-13 17:00:00,3.281,1.271,2.356,0.0,0.0,0.0
2023-03-13 18:00:00,3.279,1.269,2.355,0.0,0.0,0.0
2023-03-13 19:00:00,3.276,1.268,2.353,0.0,0.0,0.0
2023-03-13 20:00:00,3.271,1.267,2.353,0.0,0.0,0.0
2023-03-13 21:00:00,3.273,1.266,2.353,0.0,0.0,0.0
2023-03-13 22:00:00,3.271,1.266,2.353,0.0,0.0,0.0
2023-03-13 23:00:00,3.2584999999999997,1.266,2.353,0.0,0.0,0.0
2023-03-14 00:00:00,3.246,1.266,2.352,0.0,0.0,0.0
2023-03-14 01:00:00,3.239,1.264,2.351,0.0,2.414663554720144,0.0
2023-03-14 02:00:00,3.235,1.265,2.351,0.0,0.0,0.0
2023-03-14 03:00:00,3.238,1.265,2.351,0.0,0.0,0.0
2023-03-14 04:00:00,3.234,1.265,2.349,0.0,0.0,0.0
2023-03-14 05:00:00,3.238,1.263,2.349,0.0,5.5059956340306595,0.0
2023-03-14 06:00:00,3.237,1.262,2.348,0.0,0.0,0.0
2023-03-14 07:00:00,3.234,1.262,2.349,0.0,0.0,0.0
2023-03-14 08:00:00,3.24,1.266,2.349,0.0,0.0,0.0
2023-03-14 09:00:00,3.247,1.268,2.352,0.0,0.0,0.0
2023-03-14 10:00:00,3.255,1.274,2.355,0.0,0.0,0.0
2023-03-14 11:00:00,3.259,1.276,2.358,0.0,0.0,0.0
2023-03-14 12:00:00,3.268,1.278,2.361,0.9162224450584044,10.998909204004832,2.783571431799188
2023-03-14 13:00:00,3.268,1.279,2.361,0.0,0.0,0.0
2023-03-14 14:00:00,3.268,1.28,2.36,0.0,0.0,0.0
2023-03-14 15:00:00,3.264,1.279,2.357,0.0,0.0,0.0
2023-03-14 16:00:00,3.26,1.278,2.357,0.0,0.0,0.0
2023-03-14 17:00:00,3.255,1.277,2.352,0.0,6.3520217056149875,0.0
2023-03-14 18:00:00,3.255,1.276,2.351,0.0,0.0,0.0
2023-03-14 19:00:00,3.25,1.272,2.351,0.0,0.0,7.0132388972356265
2023-03-14 20:00:00,3.25,1.272,2.351,0.0,0.0,0.0
2023-03-14 21:00:00,3.249,1.271,2.351,0.0,0.0,0.0
2023-03-14 22:00:00,3.248,1.272,2.352,0.612237158838778,0.8809990545822323,0.7831364112742174
2023-03-14 23:00:00,3.252,1.272,2.349,0.0,0.0,0.0
2023-03-15 00:00:00,3.246,1.27,2.352,0.0,0.0,0.0
2023-03-15 01:00:00,3.25,1.272,2.357,0.0,0.0,0.0
2023-03-15 02:00:00,3.245,1.272,2.365,0.0,0.0,0.0
2023-03-15 03:00:00,3.248,1.269,2.395,0.0,0.0,0.0
2023-03-15 04:00:00,3.248,1.268,2.422,0.0,0.0,1.2417747778874206
2023-03-15 05:00:00,3.247,1.268,2.45,0.0,0.0,0.0
2023-03-15 06:00:00,3.247,1.267,2.467,0.0,0.1320093636180465,3.242483047308935
2023-03-15 07:00:00,3.25,1.264,2.494,1.5140919070658247,0.0,0.0
2023-03-15 08:00:00,3.251,1.267,2.519,0.0,0.0,0.0
2023-03-15 09:00:00,3.256,1.267,2.551,0.0,0.0,0.0
2023-03-15 10:00:00,3.256,1.269,2.587,0.0,0.0,0.0
2023-03-15 11:00:00,3.259,1.275,2.623,0.0,0.0,0.0
2023-03-15 12:00:00,3.251,1.271,2.661,0.0,0.0,0.0
2023-03-15 13:00:00,3.25,1.278,2.694,0.0,0.0,0.0
2023-03-15 14:00:00,3.251,1.272,2.657,0.0,0.0,0.0
2023-03-15 15:00:00,3.257,1.274,2.621,0.0,0.0,0.886556228289499
2023-03-15 16:00:00,3.258,1.281,2.593,0.0,0.0,0.0
2023-03-15 17:00:00,3.256,1.278,2.572,0.0,0.0,0.0
2023-03-15 18:00:00,3.253,1.277,2.555,0.0,0.0,0.0
2023-03-15 19:00:00,3.251,1.277,2.537,0.0,0.0,0.0
2023-03-15 20:00:00,3.25,1.276,2.527,0.0,0.0,0.0
2023-03-15 21:00:00,3.249,1.278,2.537,1.740658425151297,0.0,0.0
2023-03-15 22:00:00,3.249,1.275,2.538,0.0,0.0,0.0
2023-03-15 23:00:00,3.248,1.28,2.532,0.0,0.0,0.0
2023-03-16 00:00:00,3.198,1.274,2.522,0.0,0.0,0.0
2023-03-16 01:00:00,3.262,1.273,2.518,0.0,0.0,0.0
2023-03-16 02:00:00,3.25,1.271,2.514,0.0,0.0,0.0
2023-03-16 03:00:00,3.291,1.269,2.512,0.0,0.0,0.0
2023-03-16 04:00:00,3.158,1.2685,2.511,0.0,0.0,0.0
2023-03-16 05:00:00,3.143,1.268,2.512,0.0,0.0,0.0
2023-03-16 06:00:00,3.136,1.267,2.513,0.0,0.0,0.0
2023-03-16 07:00:00,3.136,1.268,2.516,0.0,0.0,0.0
2023-03-16 08:00:00,3.137,1.27,2.519,0.0,0.0,0.0
2023-03-16 09:00:00,3.142,1.273,2.5220000000000002,0.0,0.0,0.0
2023-03-16 10:00:00,3.147,1.273,2.525,0.0,0.0,0.0
2023-03-16 11:00:00,3.1516666666666664,1.277,2.5255,0.17023651194674477,0.2315723275488784,1.5655181630304902
2023-03-16 12:00:00,3.1563333333333334,1.278,2.526,0.0,0.0,0.0
2023-03-16 13:00:00,3.161,1.28,2.525,0.0,0.0,0.0
2023-03-16 14:00:00,3.168,1.28,2.518,5.457465151722042,0.6794897361956805,1.9819509426775739
2023-03-16 15:00:00,3.171,1.277,2.513,0.0,0.0,0.0
2023-03-16 16:00:00,3.169,1.277,2.509,10.040945246228805,0.0,0.0
2023-03-16 17:00:00,3.177,1.285,2.506,0.0,0.0,0.0
2023-03-16 18:00:00,3.178,1.2845,2.498,0.0,0.0,0.0
2023-03-16 19:00:00,3.179,1.284,2.49,0.0,0.0,0.0
2023-03-16 20:00:00,3.214,1.284,2.484,0.0,0.0,0.0
2023-03-16 21:00:00,3.193,1.284,2.477,0.0,0.0,0.0
2023-03-16 22:00:00,3.162,1.284,2.472,0.0,0.0,0.0
2023-03-16 23:00:00,3.1835,1.282,2.467,1.5057400150005507,3.5377970375709076,2.5223003244650264
2023-03-17 00:00:00,3.205,1.282,2.462,0.0,0.0,0.0
2023-03-17 01:00:00,3.252,1.28,2.458,0.0,0.0,0.0
2023-03-17 02:00:00,3.299,1.278,2.454,0.0,0.0,0.0
2023-03-17 03:00:00,3.26,1.279,2.45,0.0,0.0,0.0
2023-03-17 04:00:00,3.256,1.2785,2.446,6.648548451780327,0.019279168350552663,1.7520546131497803
2023-03-17 05:00:00,3.2520000000000002,1.278,2.442,0.0,0.0,0.0
2023-03-17 06:00:00,3.248,1.279,2.441,0.0,0.0,0.0
2023-03-17 07:00:00,3.252,1.279,2.439,0.0,0.0,0.0
2023-03-17 08:00:00,3.261,1.282,2.4385000000000003,0.0,0.0,0.0
2023-03-17 09:00:00,3.27,1.283,2.438,0.0,0.0,0.0
2023-03-17 10:00:00,3.277,1.286,2.439,0.0,0.0,0.0
2023-03-17 11:00:00,3.276,1.291,2.439,0.0,0.0,0.0
2023-03-17 12:00:00,3.242,1.292,2.439,0.0,0.0,0.0
2023-03-17 13:00:00,3.261,1.294,2.438,0.0,0.0,0.0
2023-03-17 14:00:00,3.2590000000000003,1.294,2.438,0.0,0.0,0.0
2023-03-17 15:00:00,3.257,1.294,2.438,0.0,5.7224839801955545,0.0
2023-03-17 16:00:00,3.271,1.292,2.435,0.0,0.0,0.0
2023-03-17 17:00:00,3.279,1.295,2.43,4.0985954169990935,3.740076532074274,12.383037874601277
2023-03-17 18:00:00,3.2545,1.287,2.426,4.915817474679263,0.0,0.0
2023-03-17 19:00:00,3.23,1.286,2.423,0.0,0.0,0.0
2023-03-17 20:00:00,3.234,1.284,2.42,0.0,0.0,0.0
2023-03-17 21:00:00,3.26,1.282,2.418,0.0,0.0,1.831191547239795
2023-03-17 22:00:00,3.262,1.281,2.415,0.0,0.0,0.0
2023-03-17 23:00:00,3.26,1.278,2.414,0.0,0.0,0.0
2023-03-18 00:00:00,3.26,1.279,2.412,0.0,0.0,0.0
2023-03-18 01:00:00,3.261,1.28,2.41,0.0,0.0,0.0
2023-03-18 02:00:00,3.263,1.28,2.41,0.0,0.0,0.0
2023-03-18 03:00:00,3.2485,1.279,2.408,0.0,0.0,0.28413201316074316
2023-03-18 04:00:00,3.234,1.281,2.406,0.0,0.0,0.0
2023-03-18 05:00:00,3.241,1.28,2.405,0.0,0.0,0.0
2023-03-18 06:00:00,3.238,1.28,2.403,5.772609787294761,0.0,0.0
2023-03-18 07:00:00,3.218,1.294,2.402,0.0,0.0,0.0
2023-03-18 08:00:00,3.281,1.295,2.403,1.0549781430775487,0.0,0.0
2023-03-18 09:00:00,3.293,1.309,2.405,0.0,0.0,0.13536404400831267
2023-03-18 10:00:00,3.299,1.291,2.408,0.0,0.0,0.0
2023-03-18 11:00:00,3.298,1.296,2.407,0.0,0.0,0.0
2023-03-18 12:00:00,3.306,1.299,2.409,0.0,0.0,0.0
2023-03-18 13:00:00,3.311,1.297,2.41,0.0,0.0,0.0
2023-03-18 14:00:00,3.311,1.295,2.407,0.0,0.0,0.0
2023-03-18 15:00:00,3.254,1.288,2.409,0.0,0.0,1.7388633372297444
2023-03-18 16:00:00,3.243,1.287,2.409,0.0,0.0,0.0
2023-03-18 17:00:00,3.255,1.281,2.407,6.40281073136845,0.005697573209281161,4.844289563162235
2023-03-18 18:00:00,3.261,1.303,2.406,0.0,0.0,0.0
2023-03-18 19:00:00,3.265,1.304,2.407,0.0,0.0,0.0
2023-03-18 20:00:00,3.262,1.3,2.408,0.0,0.0,0.0
2023-03-18 21:00:00,3.258,1.301,2.411,0.0,0.0,0.0
2023-03-18 22:00:00,3.263,1.296,2.411,0.0,0.0,0.0
2023-03-18 23:00:00,3.262,1.296,2.409,0.0,0.0,0.0
2023-03-19 00:00:00,3.26,1.284,2.406,0.0,0.0,0.0
2023-03-19 01:00:00,3.258,1.282,2.403,0.0,0.0,0.0
2023-03-19 02:00:00,3.261,1.28,2.4,0.0,0.0,0.0
2023-03-19 03:00:00,3.262,1.283,2.398,0.0,0.0,0.0
2023-03-19 04:00:00,3.26,1.285,2.394,0.0,0.0,0.0
2023-03-19 05:00:00,3.259,1.287,2.394,0.0,0.0,0.0
2023-03-19 06:00:00,3.261,1.288,2.392,0.0,0.0,0.0
2023-03-19 07:00:00,3.262,1.293,2.391,0.0,0.0,0.0
2023-03-19 08:00:00,3.263,1.292,2.392,0.009500751144717877,0.0,0.0
2023-03-19 09:00:00,3.264,1.274,2.393,0.0,0.0,0.0
2023-03-19 10:00:00,3.261,1.301,2.393,0.0,0.0,0.033185329624196125
2023-03-19 11:00:00,3.258,1.285,2.393,0.0,0.0,0.0
2023-03-19 12:00:00,3.255,1.264,2.395,0.0,0.0,0.0
2023-03-19 13:00:00,3.26,1.27,2.397,0.0,0.0,0.0
2023-03-19 14:00:00,3.26,1.2685,2.3979999999999997,0.0,0.0,0.0
2023-03-19 15:00:00,3.255,1.267,2.399,0.0,0.0,0.0
2023-03-19 16:00:00,3.176,1.269,2.399,0.0,0.0,8.421899628099359
2023-03-19 17:00:00,3.173,1.268,2.399,0.0,0.0,1.3654177474716807
2023-03-19 18:00:00,3.152,1.268,2.399,2.1925477100678528,0.0,0.0
2023-03-19 19:00:00,3.15,1.266,2.399,0.0,0.0,0.0
2023-03-19 20:00:00,3.172,1.268,2.402,0.0,0.5042249890021263,0.0
2023-03-19 21:00:00,3.29,1.267,2.404,0.0,0.0,0.0
2023-03-19 22:00:00,3.315,1.265,2.404,0.0,7.417911667203619,0.0
2023-03-19 23:00:00,3.181,1.266,2.408,0.0,0.0,0.0
2023-03-20 00:00:00,3.175,1.269,2.41,0.0,0.0,0.021875378343316237
2023-03-20 01:00:00,3.312,1.27,2.415,0.0,0.0,0.0
2023-03-20 02:00:00,3.208,1.272,2.429,0.0,0.0,0.0
2023-03-20 03:00:00,3.2140000000000004,1.2795,2.4379999999999997,0.0,0.0,0.0
2023-03-20 04:00:00,3.22,1.287,2.447,0.0,0.0,0.0
2023-03-20 05:00:00,3.196,1.279,2.452,0.0,0.0,0.0
2023-03-20 06:00:00,3.206,1.27,2.464,0.0,0.0,0.0
2023-03-20 07:00:00,3.189,1.265,2.478,0.0,0.0,0.0
2023-03-20 08:00:00,3.19,1.272,2.494,0.0,0.0,0.0
2023-03-20 09:00:00,3.175,1.272,2.518,0.0,0.0,0.0
2023-03-20 10:00:00,3.169,1.273,2.549,0.0,0.8803129677267946,0.0
2023-03-20 11:00:00,3.154,1.274,2.581,0.0,0.0,0.0
2023-03-20 12:00:00,3.146,1.276,2.612,0.0,0.0,0.0
2023-03-20 13:00:00,3.141,1.283,2.637,0.0,0.0,0.0
2023-03-20 14:00:00,3.195,1.282,2.652,0.0,0.0,0.0
2023-03-20 15:00:00,3.134,1.282,2.664,0.0,0.0,0.0
2023-03-20 16:00:00,3.136,1.279,2.672,0.0,0.0,0.0
2023-03-20 17:00:00,3.128,1.279,2.674,0.0,0.0,0.0
2023-03-20 18:00:00,3.121,1.278,2.671,0.0,0.0,0.0
2023-03-20 19:00:00,3.119,1.279,2.671,1.4595035941477157,0.0,6.466115436769861
2023-03-20 20:00:00,3.12,1.279,2.664,0.0,0.0,0.0
2023-03-20 21:00:00,3.121,1.28,2.656,0.0,0.0,0.0
2023-03-20 22:00:00,3.13,1.279,2.645,0.0,0.0,0.0
2023-03-20 23:00:00,3.137,1.28,2.632,0.0,0.0,0.0
2023-03-21 00:00:00,3.135,1.278,2.625,0.0,0.0,0.0
2023-03-21 01:00:00,3.136,1.279,2.621,0.0,0.0,0.0
2023-03-21 02:00:00,3.136,1.276,2.612,0.0,0.0,0.0
2023-03-21 03:00:00,3.123,1.284,2.606,0.0,0.0,0.0
2023-03-21 04:00:00,3.119,1.293,2.6,5.738297331970274,0.062404306459286296,3.979994984127186
2023-03-21 05:00:00,3.126,1.279,2.598,0.0,0.0,0.0
2023-03-21 06:00:00,3.129,1.289,2.602,0.0,8.318305515304292,0.0
2023-03-21 07:00:00,3.13,1.279,2.608,0.0,0.0,0.0
2023-03-21 08:00:00,3.126,1.271,2.617,0.0,0.0,0.0
2023-03-21 09:00:00,3.125,1.277,2.633,0.0,0.0,0.0
2023-03-21 10:00:00,3.125,1.274,2.65,0.0,0.0,0.0
2023-03-21 11:00:00,3.126,1.272,2.671,0.0,0.0,0.0
2023-03-21 12:00:00,3.128,1.291,2.697,0.0,0.0,0.0
2023-03-21 13:00:00,3.137,1.29,2.716,0.0,0.0,0.0
2023-03-21 14:00:00,3.136,1.2974999999999999,2.735,0.0,0.0,0.0
2023-03-21 15:00:00,3.142,1.305,2.751,0.0,0.0,0.0
2023-03-21 16:00:00,3.151,1.301,2.764,0.0,0.0,0.0
2023-03-21 17:00:00,3.121,1.298,2.771,0.0,0.0,0.0
2023-03-21 18:00:00,3.122,1.298,2.779,0.0,0.0,0.0
2023-03-21 19:00:00,3.125,1.294,2.781,0.0,0.0,0.0
2023-03-21 20:00:00,3.128,1.293,2.78,0.0,0.5417621874310972,0.0
2023-03-21 21:00:00,3.131,1.29,2.776,0.0,0.0,0.0
2023-03-21 22:00:00,3.132,1.291,2.768,0.0,0.0,0.0
2023-03-21 23:00:00,3.131,1.282,2.766,0.0,0.0,0.0
2023-03-22 00:00:00,3.131,1.272,2.758,0.0,0.0,0.0
2023-03-22 01:00:00,3.129,1.285,2.754,0.0,0.0,0.915400585763342
2023-03-22 02:00:00,3.131,1.263,2.751,0.0,0.0,0.0
2023-03-22 03:00:00,3.131,1.268,2.744,0.0,0.0,0.0
2023-03-22 04:00:00,3.136,1.269,2.737,0.0,0.0,0.0
2023-03-22 05:00:00,3.135,1.272,2.729,0.0,0.0,0.0
2023-03-22 06:00:00,3.121,1.269,2.716,0.0,0.0,0.0
2023-03-22 07:00:00,3.123,1.267,2.705,0.0,0.0,0.0
2023-03-22 08:00:00,3.132,1.266,2.694,0.0,0.0,0.0
2023-03-22 09:00:00,3.135,1.268,2.683,0.0,0.0,0.0
2023-03-22 10:00:00,3.139,1.27,2.672,0.0,0.0,0.0
2023-03-22 11:00:00,3.138,1.271,2.661,0.0,0.0,0.0
2023-03-22 12:00:00,3.143,1.272,2.65,0.0,0.0,0.0
2023-03-22 13:00:00,3.149,1.273,2.64,3.1122068997229357,0.0,0.0
2023-03-22 14:00:00,3.146,1.269,2.627,0.0,0.0,0.0
2023-03-22 15:00:00,3.148,1.268,2.615,0.0,0.0,0.0
2023-03-22 16:00:00,3.147,1.266,2.606,0.0,3.5196698481138977,0.0
2023-03-22 17:00:00,3.146,1.263,2.598,0.0,0.0,0.0
2023-03-22 18:00:00,3.146,1.263,2.585,0.0,0.0,0.0
2023-03-22 19:00:00,3.16,1.262,2.578,0.0,0.0,0.0
2023-03-22 20:00:00,3.158,1.262,2.568,0.0,0.0,0.0
2023-03-22 21:00:00,3.226,1.264,2.562,0.0,0.0,0.0
2023-03-22 22:00:00,3.19,1.266,2.553,0.0,0.0,0.0
2023-03-22 23:00:00,3.224,1.268,2.547,0.0,0.0,0.0
2023-03-23 00:00:00,3.205,1.273,2.541,0.0,0.0,0.0
2023-03-23 01:00:00,3.169,1.263,2.533,0.0,0.0,0.0
2023-03-23 02:00:00,3.161,1.251,2.528,0.0,0.0,0.0
2023-03-23 03:00:00,3.1445,1.262,2.524,0.0,0.0,0.0
2023-03-23 04:00:00,3.128,1.263,2.517,0.0,0.0,0.0
2023-03-23 05:00:00,3.122,1.28,2.513,0.0,0.0,0.0
2023-03-23 06:00:00,3.117,1.28,2.508,0.0,0.0,0.0
2023-03-23 07:00:00,3.111,1.301,2.506,0.0,0.0,0.0
2023-03-23 08:00:00,3.107,1.289,2.507,0.0,0.0,0.0
2023-03-23 09:00:00,3.111,1.298,2.505,0.0,0.0,0.0851820273441165
2023-03-23 10:00:00,3.116,1.266,2.505,0.0,0.0,0.0
2023-03-23 11:00:00,3.119,1.264,2.504,0.0,0.0,0.0
2023-03-23 12:00:00,3.127,1.268,2.502,4.106780706256109,4.3527707976402,4.5219795032031715
2023-03-23 13:00:00,3.134,1.302,2.501,0.0,38.63924157024064,0.0
2023-03-23 14:00:00,3.147,1.269,2.501,0.0,0.0,0.0
2023-03-23 15:00:00,3.154,1.271,2.499,0.0,0.0,0.0
2023-03-23 16:00:00,3.155,1.267,2.5,0.0,0.0,0.0
2023-03-23 17:00:00,3.155,1.275,2.497,0.0,0.0,0.0
2023-03-23 18:00:00,3.155,1.265,2.493,0.0,0.0,0.0
2023-03-23 19:00:00,3.1555,1.265,2.49,0.0,0.0,9.037576162304436
2023-03-23 20:00:00,3.156,1.266,2.49,0.0,0.0,0.0
2023-03-23 21:00:00,3.156,1.263,2.487,0.0,0.0,0.0
2023-03-23 22:00:00,3.155,1.262,2.484,0.0,0.0,0.0
2023-03-23 23:00:00,3.157,1.264,2.479,0.0,0.0,0.0
2023-03-24 00:00:00,3.148,1.267,2.474,0.0,0.0,0.0
2023-03-24 01:00:00,3.159,1.264,2.471,0.0,0.0,0.0
2023-03-24 02:00:00,3.156,1.264,2.467,0.0,0.0,0.0
2023-03-24 03:00:00,3.166,1.263,2.466,0.0,0.0,0.0
2023-03-24 04:00:00,3.172,1.26,2.463,0.0,0.0,0.0
2023-03-24 05:00:00,3.173,1.26,2.459,0.0,0.0,0.08875018799432613
2023-03-24 06:00:00,3.171,1.249,2.457,0.0,0.0,0.0
2023-03-24 07:00:00,3.175,1.248,2.456,0.0,0.0,0.0
2023-03-24 08:00:00,3.18,1.248,2.455,0.0,0.0,0.0
2023-03-24 09:00:00,3.184,1.249,2.454,0.0,0.0,0.0
2023-03-24 10:00:00,3.173,1.25,2.451,0.0,0.0,0.0
2023-03-24 11:00:00,3.196,1.261,2.453,0.0,0.0,0.0
2023-03-24 12:00:00,3.192,1.262,2.452,0.0,0.0,0.0
2023-03-24 13:00:00,3.197,1.263,2.451,0.0,0.0,0.0
2023-03-24 14:00:00,3.21,1.267,2.452,1.3613359713870619,0.0,0.0
2023-03-24 15:00:00,3.224,1.266,2.453,0.0,0.0,0.0
2023-03-24 16:00:00,3.203,1.267,2.45,0.0,0.0,0.0
2023-03-24 17:00:00,3.17,1.267,2.449,0.0,1.0064612512009918,0.0
2023-03-24 18:00:00,3.168,1.264,2.444,0.0,0.0,0.0
2023-03-24 19:00:00,3.163,1.261,2.441,0.0,0.0,0.0
2023-03-24 20:00:00,3.162,1.261,2.439,0.0,0.0,0.0
2023-03-24 21:00:00,3.162,1.264,2.438,0.0,0.0,0.0
2023-03-24 22:00:00,3.18,1.261,2.438,0.0,0.0,0.0
2023-03-24 23:00:00,3.187,1.264,2.434,0.0,0.0,0.0
2023-03-25 00:00:00,3.2,1.264,2.433,0.0,2.163930618028607,0.0
2023-03-25 01:00:00,3.208,1.264,2.433,0.0,0.0,0.0
2023-03-25 02:00:00,3.224,1.266,2.43,0.0,0.0,0.0
2023-03-25 03:00:00,3.231,1.266,2.429,0.0,0.0,0.0
2023-03-25 04:00:00,3.236,1.263,2.427,0.0,0.0,0.0
2023-03-25 05:00:00,3.24,1.265,2.428,0.0,0.0,0.0
2023-03-25 06:00:00,3.241,1.263,2.427,0.21710779267232244,4.886015192750126,1.6434482571086522
2023-03-25 07:00:00,3.245,1.269,2.426,0.0,0.0,0.0
2023-03-25 08:00:00,3.246,1.266,2.425,0.0,0.0,0.0
2023-03-25 09:00:00,3.246,1.271,2.429,0.0,0.0,0.0
2023-03-25 10:00:00,3.244,1.273,2.427,0.0,0.0,0.0
2023-03-25 11:00:00,3.262,1.273,2.431,0.0,0.0,0.0
2023-03-25 12:00:00,3.264,1.275,2.435,0.0,0.0,0.0
2023-03-25 13:00:00,3.277,1.27,2.629,0.0,0.0,0.0
2023-03-25 14:00:00,3.268,1.288,2.433,0.0,0.0,0.0
2023-03-25 15:00:00,3.258,1.29,2.434,9.200553589903965,0.0,0.0
2023-03-25 16:00:00,3.242,1.287,2.432,1.7180424219890107,0.0,0.0
2023-03-25 17:00:00,3.237,1.273,2.429,0.0,0.0,0.0
2023-03-25 18:00:00,3.255,1.272,2.426,0.4280965190525527,0.09927385817318946,6.563003728480436
2023-03-25 19:00:00,3.252,1.268,2.423,0.0,1.3705921881840233,0.0
2023-03-25 20:00:00,3.254,1.264,2.419,0.0,0.0,0.0
2023-03-25 21:00:00,3.264,1.264,2.418,0.0,0.0,0.0
2023-03-25 22:00:00,3.266,1.266,2.416,3.5639860789329134,2.657291363738559,1.3809117982448833
2023-03-25 23:00:00,3.232,1.268,2.417,0.0,0.0,0.0
2023-03-26 00:00:00,3.263,1.268,2.415,0.0,0.0,0.0
2023-03-26 01:00:00,3.261,1.266,2.415,0.0,0.0,0.0
2023-03-26 02:00:00,3.26,1.265,2.413,0.0,1.3369496692219711,0.0
2023-03-26 03:00:00,3.264,1.263,2.413,0.0,0.0,0.0
2023-03-26 04:00:00,3.258,1.263,2.411,0.0,0.0,0.0
2023-03-26 05:00:00,3.256,1.258,2.412,0.0,0.0,0.0
2023-03-26 06:00:00,3.262,1.264,2.413,0.0,0.01834208642219797,0.0
2023-03-26 07:00:00,3.267,1.278,2.413,0.0,0.0,0.0
2023-03-26 08:00:00,3.266,1.272,2.416,0.0,0.0,0.0
2023-03-26 09:00:00,3.274,1.278,2.419,0.0,0.0,0.0
2023-03-26 10:00:00,3.279,1.277,2.421,0.0,0.0,0.0
2023-03-26 11:00:00,3.284,1.279,2.425,0.0,0.0,0.0
2023-03-26 12:00:00,3.315,1.28,2.425,0.0,0.0,0.0
2023-03-26 13:00:00,3.321,1.283,2.428,0.0,0.0,1.9053438001382927
2023-03-26 14:00:00,3.318,1.285,2.424,2.9634577913976976,5.3574483343087635,2.1651223269680857
2023-03-26 15:00:00,3.313,1.286,2.426,0.0,0.0,0.0
2023-03-26 16:00:00,3.311,1.291,2.422,0.0,0.0,0.0
2023-03-26 17:00:00,3.337,1.285,2.42,0.0,0.0,0.0
2023-03-26 18:00:00,3.317,1.283,2.418,3.3078821347269187,1.7974643088155964,1.89955494919269
2023-03-26 19:00:00,3.201,1.284,2.415,0.0,0.0,0.0
2023-03-26 20:00:00,3.322,1.282,2.413,0.0,0.0,0.0
2023-03-26 21:00:00,3.306,1.282,2.42,0.0,0.0,0.0
2023-03-26 22:00:00,3.144,1.264,2.419,0.4353209768358832,2.064794473839879,0.8788691641907106
2023-03-26 23:00:00,3.206,1.264,2.423,0.0,0.0,0.0
2023-03-27 00:00:00,3.21,1.265,2.425,0.0,0.0,0.0
2023-03-27 01:00:00,3.214,1.264,2.428,0.0,0.0,0.0
2023-03-27 02:00:00,3.216,1.264,2.429,0.0,0.0,1.6372713502290726
2023-03-27 03:00:00,3.215,1.264,2.432,0.7441226832544215,0.0,0.0
2023-03-27 04:00:00,3.214,1.263,2.431,0.0,0.0,0.0
2023-03-27 05:00:00,3.212,1.263,2.434,0.0,0.0,0.0
2023-03-27 06:00:00,3.213,1.266,2.436,0.0,0.0,0.0
2023-03-27 07:00:00,3.218,1.261,2.439,0.0,0.0,0.0
2023-03-27 08:00:00,3.224,1.259,2.443,0.0,0.0,0.0
2023-03-27 09:00:00,3.23,1.264,2.449,0.0,0.0,0.0
2023-03-27 10:00:00,3.226,1.267,2.451,0.0,0.0,0.0
2023-03-27 11:00:00,3.227,1.271,2.453,0.0,0.0,0.0
2023-03-27 12:00:00,3.221,1.269,2.456,0.0,0.0,0.0
2023-03-27 13:00:00,3.226,1.268,2.457,0.0,0.0,0.0
2023-03-27 14:00:00,3.225,1.276,2.453,0.0,0.0,0.0
2023-03-27 15:00:00,3.223,1.276,2.452,0.0,0.0,0.0
2023-03-27 16:00:00,3.227,1.274,2.449,0.0,0.0,0.0
2023-03-27 17:00:00,3.226,1.274,2.444,0.0,0.0,0.0
2023-03-27 18:00:00,3.226,1.272,2.44,0.0,0.0,0.0
2023-03-27 19:00:00,3.224,1.271,2.436,0.0,0.0,0.0
2023-03-27 20:00:00,3.226,1.269,2.431,0.0,0.0,0.0
2023-03-27 21:00:00,3.224,1.269,2.429,0.0,0.0,0.0
2023-03-27 22:00:00,3.227,1.271,2.427,0.0,0.0,0.0
2023-03-27 23:00:00,3.226,1.271,2.423,0.0,0.0,0.0
2023-03-28 00:00:00,3.225,1.271,2.422,0.0,0.0,1.726636061895255
2023-03-28 01:00:00,3.227,1.27,2.418,0.0,0.0,0.0
2023-03-28 02:00:00,3.222,1.272,2.4165,3.5201467962474053,7.337781701447998,0.2622365292551231
2023-03-28 03:00:00,3.228,1.271,2.415,0.0,0.0,0.0
2023-03-28 04:00:00,3.224,1.269,2.413,0.0,0.0,0.0
2023-03-28 05:00:00,3.223,1.265,2.414,2.45506556280909,0.0,0.0
2023-03-28 06:00:00,3.226,1.277,2.412,0.0,0.0,0.0
2023-03-28 07:00:00,3.227,1.278,2.412,0.0,0.0,0.0
2023-03-28 08:00:00,3.225,1.271,2.413,0.0,0.0,0.0
2023-03-28 09:00:00,3.215,1.274,2.415,0.0,0.0,0.0
2023-03-28 10:00:00,3.221,1.28,2.416,0.0,0.0,0.0
2023-03-28 11:00:00,3.227,1.283,2.419,0.0,0.0,0.0
2023-03-28 12:00:00,3.229,1.283,2.42,0.0,0.0,0.0
2023-03-28 13:00:00,3.24,1.294,2.406,0.0,0.0,0.0
2023-03-28 14:00:00,3.233,1.294,2.419,0.0,0.0,0.0
2023-03-28 15:00:00,3.228,1.293,2.425,0.0,0.0,0.0
2023-03-28 16:00:00,3.227,1.292,2.426,0.0,0.0,0.0
2023-03-28 17:00:00,3.22,1.292,2.421,0.0,0.0,0.0
2023-03-28 18:00:00,3.212,1.292,2.417,2.9782027669617914,0.0,0.0
2023-03-28 19:00:00,3.215,1.289,2.412,0.0,0.0,0.0
2023-03-28 20:00:00,3.268,1.287,2.41,0.0,0.0,0.0
2023-03-28 21:00:00,3.267,1.285,2.408,0.0,0.0,0.0
2023-03-28 22:00:00,3.264,1.285,2.404,0.0,0.0,0.0
2023-03-28 23:00:00,3.267,1.284,2.403,0.0,0.0,0.0
2023-03-29 00:00:00,3.264,1.282,2.401,0.41829795394937763,3.0107318203036644,6.4433126651965384
2023-03-29 01:00:00,3.268,1.285,2.401,0.0,0.0,0.0
2023-03-29 02:00:00,3.098,1.283,2.398,0.0,0.0,0.0
2023-03-29 03:00:00,2.996,1.283,2.397,0.0,0.0,0.0
2023-03-29 04:00:00,2.97,1.283,2.396,2.09378838383774,0.034462197534849456,0.07667405982420394
2023-03-29 05:00:00,2.979,1.281,2.394,0.0,1.2833566644597274,0.0
2023-03-29 06:00:00,3.0,1.071,2.394,0.0,0.0,0.0
2023-03-29 07:00:00,3.06,0.974,2.394,0.0,0.0,0.0
2023-03-29 08:00:00,3.073,0.826,2.397,9.348413478303986,1.400172902462353,3.127635436008136
2023-03-29 09:00:00,3.072,0.939,2.396,0.0,0.0,0.0
2023-03-29 10:00:00,3.122,0.998,2.399,0.0,0.7702089815898684,0.0
2023-03-29 11:00:00,3.124,1.249,2.398,0.0,0.0,0.0
2023-03-29 12:00:00,3.104,1.026,2.403,0.0,0.0,0.0
2023-03-29 13:00:00,3.114,0.972,2.405,0.0,0.0,0.0
2023-03-29 14:00:00,3.122,0.976,2.404,0.0,0.0,0.0
2023-03-29 15:00:00,3.122,0.963,2.404,0.0,0.0,0.0
2023-03-29 16:00:00,3.122,0.955,2.402,0.0,0.0,0.0
2023-03-29 17:00:00,3.129,0.993,2.399,0.0,0.0,0.0
2023-03-29 18:00:00,3.126,1.065,2.395,0.0,0.0,0.0
2023-03-29 19:00:00,3.121,1.038,2.394,0.0,2.693203866914861,0.0
2023-03-29 20:00:00,3.12,1.022,2.392,0.0,0.0,0.0
2023-03-29 21:00:00,3.153,1.02,2.391,0.0,0.0,0.0
2023-03-29 22:00:00,3.131,0.864,2.39,0.0,0.0,0.0
2023-03-29 23:00:00,3.136,0.867,2.389,0.0,0.0,0.0
2023-03-30 00:00:00,3.143,1.237,2.387,0.0,0.0,0.0
2023-03-30 01:00:00,3.148,1.254,2.388,0.0,0.0,0.0
2023-03-30 02:00:00,3.158,1.258,2.385,0.0,0.0,0.7872217705350649
2023-03-30 03:00:00,3.16,1.258,2.385,0.0,0.0,0.0
2023-03-30 04:00:00,3.166,1.259,2.384,0.0,0.0,0.0
2023-03-30 05:00:00,3.168,1.258,2.383,0.0,0.0,0.0
2023-03-30 06:00:00,3.165,0.844,2.383,1.942146301512655,1.5929797007329234,3.141129773870836
2023-03-30 07:00:00,3.163,0.844,2.384,0.9672572965835128,0.0,0.0
2023-03-30 08:00:00,3.162,0.98,2.3865,0.0,0.0,0.0
2023-03-30 09:00:00,3.158,0.979,2.389,0.0,0.0,0.0
2023-03-30 10:00:00,3.176,0.999,2.39,0.0,0.0,0.0
2023-03-30 11:00:00,3.174,0.985,2.392,0.0,0.0,0.0
2023-03-30 12:00:00,3.181,0.981,2.396,0.0,0.0,0.0
2023-03-30 13:00:00,3.184,0.9844999999999999,2.4,0.0,0.0,0.0
2023-03-30 14:00:00,3.187,0.988,2.397,0.0,0.0,0.0
2023-03-30 15:00:00,3.178,0.984,2.397,3.7023908705895843,1.267273611827712,6.571028800682239
2023-03-30 16:00:00,3.167,0.982,2.394,0.0,0.0,0.5063531666404255
2023-03-30 17:00:00,3.167,0.975,2.393,0.0,0.0,0.0
2023-03-30 18:00:00,3.164,0.974,2.39,0.0,0.0,0.0
2023-03-30 19:00:00,3.173,0.981,2.386,0.0,0.0,0.0
2023-03-30 20:00:00,3.181,0.967,2.387,0.0,0.0,0.0
2023-03-30 21:00:00,3.188,0.98,2.385,0.0,0.0,0.0
2023-03-30 22:00:00,3.207,0.976,2.382,0.0,0.0,0.0
2023-03-30 23:00:00,3.198,0.972,2.383,0.0,0.0,0.0
2023-03-31 00:00:00,3.189,0.973,2.382,0.0,0.9706893407709382,0.0
2023-03-31 01:00:00,3.175,0.975,2.382,0.0,0.0,0.0
2023-03-31 02:00:00,3.175,0.9735,2.381,0.0,0.0,0.0
2023-03-31 03:00:00,3.173,0.972,2.381,0.0,0.0,0.4151289112352265
2023-03-31 04:00:00,3.172,0.957,2.3795,2.445585381009372,2.2495128759507876,1.8724132950439307
2023-03-31 05:00:00,3.17,0.9586666666666667,2.378,0.0,0.0,0.0
2023-03-31 06:00:00,3.1790000000000003,0.9603333333333333,2.38,0.0,0.0,0.0
2023-03-31 07:00:00,3.173,0.962,2.379,11.689804458513237,7.916100701040217,1.717312855217125
2023-03-31 08:00:00,3.177,0.944,2.382,0.0,0.0,0.0
2023-03-31 09:00:00,3.183,0.952,2.3834999999999997,1.6875864518389947,1.0538755306003265,5.148853716782339
2023-03-31 10:00:00,3.185,0.96,2.385,0.0,0.0,0.0
2023-03-31 11:00:00,3.1886666666666668,0.96,2.3875,0.0,0.0,0.0
2023-03-31 12:00:00,3.1923333333333335,0.96,2.39,0.0,0.0,0.0
2023-03-31 13:00:00,3.196,0.957,2.392,0.0,0.0,0.0
2023-03-31 14:00:00,3.193,0.959,2.3905,1.7657661684220567,0.0,0.0
2023-03-31 15:00:00,3.19,0.961,2.389,0.0,0.0,0.0
2023-03-31 16:00:00,3.1875,0.958,2.389,0.0,0.0,0.0
2023-03-31 17:00:00,3.185,0.951,2.391,0.0,0.0,0.0
2023-03-31 18:00:00,3.18,0.955,2.394,3.3760483625368227,0.0,0.0
2023-03-31 19:00:00,3.177,0.954,2.397,0.0,0.0,0.0
2023-03-31 20:00:00,3.177,0.948,2.396,0.0,0.0,0.0
2023-03-31 21:00:00,3.173,0.955,2.395,0.0,0.0,0.0
2023-03-31 22:00:00,3.175,0.954,2.392,0.0,0.0,0.0
2023-03-31 23:00:00,3.175,0.954,2.391,0.0,0.0,0.0
2023-04-01 00:00:00,3.173,0.947,2.39,0.0,0.0,0.0
2023-04-01 01:00:00,3.168,0.949,2.389,0.0,0.0,0.0
2023-04-01 02:00:00,3.166,0.952,2.388,0.0,0.0,0.0
2023-04-01 03:00:00,3.167,0.949,2.388,0.0,0.0,0.0
2023-04-01 04:00:00,3.165,0.943,2.387,0.0,0.0,0.0
2023-04-01 05:00:00,3.163,0.95,2.388,0.0,0.0,0.0
2023-04-01 06:00:00,3.16,1.224,2.388,0.0,0.0,0.0
2023-04-01 07:00:00,3.16,1.211,2.388,0.0,0.0,0.0
2023-04-01 08:00:00,3.16,1.194,2.39,0.0,0.0,0.0
2023-04-01 09:00:00,3.17,1.197,2.39,0.0,0.0,0.0
2023-04-01 10:00:00,3.18,1.198,2.394,0.0,0.0,3.671866540795425
2023-04-01 11:00:00,3.175,1.196,2.393,0.0,0.0,0.0
2023-04-01 12:00:00,3.168,1.194,2.396,0.0,0.0,0.0
2023-04-01 13:00:00,3.167,1.197,2.399,0.0,0.0,0.0
2023-04-01 14:00:00,3.165,1.198,2.401,0.0,0.0,0.0
2023-04-01 15:00:00,3.168,1.203,2.403,0.0,0.0,0.0
2023-04-01 16:00:00,3.163,1.176,2.406,0.2234332380920552,1.7492376015410065,0.1220881338057411
2023-04-01 17:00:00,3.165,1.176,2.405,0.0,0.0,0.0
2023-04-01 18:00:00,3.169,1.174,2.415,0.0,0.0,0.0
2023-04-01 19:00:00,3.169,1.172,2.421,0.0,0.0,0.0
2023-04-01 20:00:00,3.161,1.173,2.425,0.0,0.0,0.0
2023-04-01 21:00:00,3.241,1.172,2.431,0.0,0.0,0.0
2023-04-01 22:00:00,3.218,1.17,2.4379999999999997,0.0,0.0,0.0
2023-04-01 23:00:00,3.171,1.173,2.445,0.0,0.1664455939473804,0.0
2023-04-02 00:00:00,3.166,5.763,2.458,0.0,0.0,0.0
2023-04-02 01:00:00,3.174,5.763,2.47,0.0,0.0,0.0
2023-04-02 02:00:00,3.175,5.763,2.48,0.0,0.0,0.0
2023-04-02 03:00:00,3.181,5.763,2.517,0.0,0.0,0.0
2023-04-02 04:00:00,3.188,5.763,2.536,0.0,0.0,0.0
2023-04-02 05:00:00,3.182,5.763,2.549,0.0,0.0,0.0
2023-04-02 06:00:00,3.217,5.763,2.558,0.0,0.0,0.0
2023-04-02 07:00:00,3.167,5.763,2.568,0.0,0.0,0.0
2023-04-02 08:00:00,3.175,5.763,2.575,0.0,0.0,0.0
2023-04-02 09:00:00,3.171,5.763,2.587,0.0,0.0,0.0
2023-04-02 10:00:00,3.18,5.763,2.6,0.0,0.0,0.0
2023-04-02 11:00:00,3.183,5.763,2.622,0.0,0.0,0.0
2023-04-02 12:00:00,3.186,5.763,2.644,0.0,0.0,0.0
2023-04-02 13:00:00,3.181,5.763,2.668,0.0,0.0,0.0
2023-04-02 14:00:00,3.165,5.763,2.679,0.0,0.0,0.0
2023-04-02 15:00:00,3.135,5.763,2.704,0.0,0.0,0.0
2023-04-02 16:00:00,3.105,5.763,2.712,0.0,0.0,0.0
2023-04-02 17:00:00,3.093,5.763,2.711,6.349156917116024,0.0,0.0
2023-04-02 18:00:00,3.097,5.763,2.708,0.0,0.0,0.0
2023-04-02 19:00:00,3.113,5.763,2.705,0.0,0.0,0.0
2023-04-02 20:00:00,3.113,5.763,2.703,0.0,3.710310624022507,0.0
2023-04-02 21:00:00,3.12,5.763,2.699,0.0,0.0,0.0
2023-04-02 22:00:00,3.125,5.763,2.692,9.06234377059848,4.047692240510974,0.31065252211922617
2023-04-02 23:00:00,3.135,5.763,2.687,0.0,0.0,0.0
2023-04-03 00:00:00,3.15,5.763,2.678,0.0,0.0,0.0
2023-04-03 01:00:00,3.148,5.763,2.671,0.0,0.0,0.0
2023-04-03 02:00:00,3.151,5.763,2.663,0.0,0.0,0.0
2023-04-03 03:00:00,3.147,5.763,2.656,0.0,0.0,0.0
2023-04-03 04:00:00,3.136,5.763,2.648,0.0,0.0,0.0
2023-04-03 05:00:00,3.131,5.763,2.641,0.0,0.0,0.0
2023-04-03 06:00:00,3.128,5.763,2.632,0.0,0.0,0.0
2023-04-03 07:00:00,3.126,5.763,2.625,0.0,0.0,0.0
2023-04-03 08:00:00,3.13,5.763,2.622,0.0,0.0,0.0
2023-04-03 09:00:00,3.124,5.763,2.616,0.0,0.0,0.0
2023-04-03 10:00:00,3.126,5.763,2.61,0.0,4.1860102646590445,0.0
2023-04-03 11:00:00,3.12,5.763,2.606,0.0,0.0,0.0
2023-04-03 12:00:00,3.123,5.763,2.602,0.0,0.0,0.0
2023-04-03 13:00:00,3.138,5.763,2.599,0.0,0.0,0.0
2023-04-03 14:00:00,3.143,5.763,2.591,0.0,0.0,0.0
2023-04-03 15:00:00,3.147,5.763,2.585,18.824197637981808,5.845312852487016,0.0
2023-04-03 16:00:00,3.146,5.763,2.578,0.0,0.0,0.0
2023-04-03 17:00:00,3.143,5.763,2.571,0.0,0.0,0.0
2023-04-03 18:00:00,3.148,5.763,2.562,0.0,1.2435623492904162,0.0
2023-04-03 19:00:00,3.15,5.763,2.557,0.0,0.0,0.0
2023-04-03 20:00:00,3.149,5.763,2.551,4.933948706060544,0.8199265741291849,4.529911869654043
2023-04-03 21:00:00,3.149,5.763,2.546,0.0,0.0,0.0
2023-04-03 22:00:00,3.151,5.763,2.54,0.0,0.0,0.0
2023-04-03 23:00:00,3.131,5.763,2.536,0.0,0.0,0.0
2023-04-04 00:00:00,3.128,5.763,2.532,0.0,0.0,0.0
2023-04-04 01:00:00,3.135,5.763,2.531,0.0,0.0,0.0
2023-04-04 02:00:00,3.136,5.763,2.533,0.0,0.9238461053415088,0.0
2023-04-04 03:00:00,3.1365,5.763,2.54,0.0,0.0,0.0
2023-04-04 04:00:00,3.137,5.763,2.547,0.0,0.0,0.0
2023-04-04 05:00:00,3.132,5.763,2.555,0.0,0.0,0.0
2023-04-04 06:00:00,3.129,5.763,2.558,0.0,0.0,0.0
2023-04-04 07:00:00,3.121,5.763,2.552,0.0,0.0,0.0
2023-04-04 08:00:00,3.112,5.763,2.557,0.0,0.0,0.0
2023-04-04 09:00:00,3.095,5.763,2.554,0.0,0.0,0.0
2023-04-04 10:00:00,3.107,5.763,2.551,0.0,0.0,0.0
2023-04-04 11:00:00,3.097,5.763,2.546,0.0,0.0,0.0
2023-04-04 12:00:00,3.053,5.763,2.542,0.8293274759881528,0.0,0.0
2023-04-04 13:00:00,3.059,5.763,2.538,0.0,0.0,0.0
2023-04-04 14:00:00,3.03,5.763,2.534,0.0,1.2865361088623382,0.0
2023-04-04 15:00:00,3.0,5.763,2.53,0.0,0.0,0.0
2023-04-04 16:00:00,3.019,5.763,2.522,0.0,0.0,0.0
2023-04-04 17:00:00,2.969,5.763,2.516,0.0,0.0,0.0
2023-04-04 18:00:00,2.967,5.763,2.51,0.0,0.0,0.0
2023-04-04 19:00:00,2.974,5.763,2.506,0.0,0.0,0.0
2023-04-04 20:00:00,2.981,5.763,2.5,0.0,0.0,0.0
2023-04-04 21:00:00,3.021,5.763,2.497,0.0,0.0,0.0
2023-04-04 22:00:00,3.031,5.763,2.492,2.783100535114625,0.0,0.0
2023-04-04 23:00:00,3.018,5.763,2.484,0.0,0.0,0.0
2023-04-05 00:00:00,3.016,5.763,2.486,0.0,0.0,12.32967432975805
2023-04-05 01:00:00,3.027,5.763,2.481,0.0,0.0,0.0
2023-04-05 02:00:00,3.017,5.763,2.477,0.0,0.0,0.0
2023-04-05 03:00:00,3.025,5.763,2.476,0.0,3.1173076846399033,0.0
2023-04-05 04:00:00,3.014,5.763,2.473,0.0,0.0,0.0
2023-04-05 05:00:00,3.016,5.763,2.468,0.0,0.7282789312407348,0.0
2023-04-05 06:00:00,3.008,5.763,2.468,0.0,0.0,0.0
2023-04-05 07:00:00,2.998,5.763,2.466,0.0,0.0,0.0
2023-04-05 08:00:00,3.016,5.763,2.468,0.0,0.0,0.0
2023-04-05 09:00:00,2.4995000000000003,5.763,2.468,0.0,0.0,0.0
2023-04-05 10:00:00,3.011,5.763,2.468,0.0,0.0,0.0
2023-04-05 11:00:00,3.011,5.763,2.467,0.0,0.0,0.0
2023-04-05 12:00:00,3.004,5.763,2.468,0.0,0.0,0.0
2023-04-05 13:00:00,3.004,5.763,2.472,0.0,2.6446939735647503,0.0
2023-04-05 14:00:00,3.0,5.763,2.468,0.0,0.0,0.0
2023-04-05 15:00:00,2.992,5.763,2.468,0.0,0.0,0.0
2023-04-05 16:00:00,2.982,5.763,2.465,0.0,0.0,0.0
2023-04-05 17:00:00,2.974,5.763,2.459,0.0,0.0,0.0
2023-04-05 18:00:00,2.97,5.763,2.455,0.0,0.0,0.0
2023-04-05 19:00:00,2.966,5.763,2.451,0.12097184668457121,0.0,0.0
2023-04-05 20:00:00,2.964,5.763,2.448,0.0,0.0,0.0
2023-04-05 21:00:00,2.965,5.763,2.446,0.0,0.0,0.0
2023-04-05 22:00:00,2.967,5.763,2.442,0.0,0.0,0.0
2023-04-05 23:00:00,2.971,5.763,2.441,0.0,0.0,0.0
2023-04-06 00:00:00,2.964,5.763,2.439,0.0,0.0,0.0
2023-04-06 01:00:00,2.962,5.763,2.438,0.0,0.0,0.0
2023-04-06 02:00:00,2.96,5.763,2.434,0.0,0.0,0.0
2023-04-06 03:00:00,2.966,5.763,2.433,0.0,0.0,0.0
2023-04-06 04:00:00,2.973,5.763,2.43,0.0,26.022558981075907,0.0
2023-04-06 05:00:00,2.977,5.763,2.43,0.0,0.0,0.0
2023-04-06 06:00:00,2.985,5.763,2.429,0.0,0.6957392666572872,0.0
2023-04-06 07:00:00,2.995,5.763,2.427,0.0,0.0,0.0
2023-04-06 08:00:00,3.032,5.763,2.43,0.0,0.0,0.0
2023-04-06 09:00:00,3.031,5.763,2.43,0.0,0.0,0.0
2023-04-06 10:00:00,3.041,5.763,2.431,0.0,0.0,0.0
2023-04-06 11:00:00,3.04,5.763,2.43,0.0,0.0,0.0
2023-04-06 12:00:00,3.055,5.763,2.434,0.0,2.0506018876353935,0.0
2023-04-06 13:00:00,3.059,5.763,2.438,0.0,0.0,0.0
2023-04-06 14:00:00,3.054,5.763,2.435,0.0,0.0,0.0
2023-04-06 15:00:00,3.058,5.763,2.436,0.0,0.0,0.0
2023-04-06 16:00:00,3.057,5.763,2.432,0.0,0.0,0.0
2023-04-06 17:00:00,3.062,5.763,2.43,0.0,0.0,0.0
2023-04-06 18:00:00,3.064,5.763,2.426,0.0,0.0,0.0
2023-04-06 19:00:00,3.068,5.763,2.424,0.0,0.0,0.0
2023-04-06 20:00:00,3.069,5.763,2.421,0.0,0.0,0.0
2023-04-06 21:00:00,3.074,5.763,2.419,0.0,0.0,0.0
2023-04-06 22:00:00,3.075,5.763,2.416,0.0,0.0,0.0
2023-04-06 23:00:00,3.084,5.763,2.414,4.461887415531072,0.16717877042428764,4.2832348997528955
2023-04-07 00:00:00,3.085,5.763,2.413,0.0,0.0,0.0
2023-04-07 01:00:00,3.088,5.763,2.411,0.0,0.0,0.0
2023-04-07 02:00:00,3.089,5.763,2.408,0.0,0.0,0.0
2023-04-07 03:00:00,3.087,5.763,2.407,0.0,0.0,0.0
2023-04-07 04:00:00,3.091,5.763,2.405,0.0,0.0,0.0
2023-04-07 05:00:00,3.09,5.763,2.405,0.0,0.0,0.0
2023-04-07 06:00:00,3.094,5.763,2.402,0.0,0.0,0.0
2023-04-07 07:00:00,3.095,5.763,2.404,0.0,0.0,0.0
2023-04-07 08:00:00,3.111,5.763,2.407,0.0,0.0,0.0
2023-04-07 09:00:00,3.115,5.763,2.409,0.0,0.0,0.0
2023-04-07 10:00:00,3.126,5.763,2.41,2.175044933265806,0.10847002145028235,0.5009658782467614
2023-04-07 11:00:00,3.135,5.763,2.412,0.0,0.0,0.0
2023-04-07 12:00:00,3.137,5.763,2.413,0.0,0.0,0.0
2023-04-07 13:00:00,3.142,5.763,2.419,0.2904345915364831,11.401805011910442,3.3901672399963
2023-04-07 14:00:00,3.138,5.763,2.416,0.0,0.0,0.0
2023-04-07 15:00:00,3.138,5.763,2.4139999999999997,0.0,0.0,0.0
2023-04-07 16:00:00,3.136,5.763,2.412,0.0,0.0,0.0
2023-04-07 17:00:00,3.136,5.763,2.409,0.0,0.0,0.0
2023-04-07 18:00:00,3.133,5.763,2.406,0.0,0.0,0.0
2023-04-07 19:00:00,3.134,5.763,2.404,0.0,0.0,0.0
2023-04-07 20:00:00,3.138,5.763,2.402,0.0,0.0,0.0
2023-04-07 21:00:00,3.144,5.763,2.399,0.0,0.0,0.0
2023-04-07 22:00:00,3.144,5.763,2.399,0.0,0.0,0.0
2023-04-07 23:00:00,3.147,5.763,2.395,0.0,0.0,0.0
2023-04-08 00:00:00,3.14,5.763,2.396,1.376351446702357,5.8478243197058815,2.129355722474381
2023-04-08 01:00:00,3.131,5.763,2.394,0.0,0.0,0.0
2023-04-08 02:00:00,3.12,5.763,2.392,0.0,0.0,0.0
2023-04-08 03:00:00,3.116,5.763,2.391,0.0,0.0,0.0
2023-04-08 04:00:00,3.11,5.763,2.389,0.0,0.0,0.0
2023-04-08 05:00:00,3.104,5.763,2.39,8.457953990128477,3.882821315538237,1.3396894615608868
2023-04-08 06:00:00,3.1,5.763,2.389,0.0,1.8658640100120405,0.0
2023-04-08 07:00:00,3.103,5.763,2.39,0.0,0.0,0.0
2023-04-08 08:00:00,3.116,5.763,2.391,0.07376837143934963,7.77307150554729,1.7925547508215356
2023-04-08 09:00:00,3.126,5.763,2.3935,0.0,0.0,0.0
2023-04-08 10:00:00,3.124,5.763,2.396,0.0,0.0,0.0
2023-04-08 11:00:00,3.127,5.763,2.397,0.0,0.0,0.0
2023-04-08 12:00:00,3.125,5.763,2.4015,0.0,0.0,0.0
2023-04-08 13:00:00,3.129,5.763,2.406,0.0,0.0,0.0
2023-04-08 14:00:00,3.123,5.763,2.404,0.0,0.0,0.0
2023-04-08 15:00:00,3.126,5.763,2.403,0.0,0.0,0.0
2023-04-08 16:00:00,3.128,5.763,2.399,0.19924448741533865,0.0,0.0
2023-04-08 17:00:00,3.127,5.763,2.3970000000000002,0.0,0.0,0.0
2023-04-08 18:00:00,3.132,5.763,2.395,0.0,0.0,0.0
2023-04-08 19:00:00,3.129,5.763,2.392,0.0,0.0,0.0
2023-04-08 20:00:00,3.124,5.763,2.39,0.0,0.0,0.0
2023-04-08 21:00:00,3.128,5.763,2.388,0.0,0.0,0.0
2023-04-08 22:00:00,3.129,5.763,2.38725,0.0,0.0,0.0
2023-04-08 23:00:00,3.128,5.763,2.3865,0.0,0.0,0.0
2023-04-09 00:00:00,3.134,5.763,2.38575,0.0,0.0,0.0
2023-04-09 01:00:00,3.137,5.763,2.385,0.0,0.0,0.0
2023-04-09 02:00:00,3.139,5.763,2.383,0.0,0.05283043557312268,0.0
2023-04-09 03:00:00,3.137,5.763,2.383,0.0,0.0,0.0
2023-04-09 04:00:00,3.14,5.763,2.379,0.0,0.0,0.0
2023-04-09 05:00:00,3.14,5.763,2.38,0.0,0.0,0.0
2023-04-09 06:00:00,3.138,5.763,2.378,0.0,0.0,0.0
2023-04-09 07:00:00,3.137,5.763,2.378,0.0,0.0,0.0
2023-04-09 08:00:00,3.146,5.763,2.382,0.0,0.0,0.0
2023-04-09 09:00:00,3.153,5.763,2.385,0.0,0.0,0.0
2023-04-09 10:00:00,3.157,5.763,2.387,0.7097121173266296,7.553404837064951,2.4961046351303597
2023-04-09 11:00:00,3.184,5.763,2.387,0.0,0.0,0.0
2023-04-09 12:00:00,3.167,5.763,2.392,0.0,0.0,0.0
2023-04-09 13:00:00,3.163,5.763,2.394,0.0,0.0,0.0
2023-04-09 14:00:00,3.158,5.763,2.392,0.0,0.0,0.0
2023-04-09 15:00:00,3.157,5.763,2.392,2.7181753700334266,0.9037128304570907,1.5742426442143802
2023-04-09 16:00:00,3.152,5.763,2.39,0.0,0.0,0.0
2023-04-09 17:00:00,3.15,5.763,2.389,0.0,0.0,0.0
2023-04-09 18:00:00,3.144,5.763,2.386,0.0,1.8481441485106114,0.0
2023-04-09 19:00:00,3.142,5.763,2.382,0.0,0.0,0.0
2023-04-09 20:00:00,3.143,5.763,2.381,0.0,0.0,0.0
2023-04-09 21:00:00,3.141,5.763,2.379,0.0,0.0,0.0
2023-04-09 22:00:00,3.135,5.763,2.378,0.0,0.0,0.0
2023-04-09 23:00:00,3.136,5.763,2.379,0.0,0.0,0.0
2023-04-10 00:00:00,3.134,5.763,2.377,0.14496954286813282,0.0,0.0
2023-04-10 01:00:00,3.131,5.763,2.376,0.0,0.0,0.0
2023-04-10 02:00:00,3.131,5.763,2.374,0.0,0.0,0.0
2023-04-10 03:00:00,3.127,5.763,2.372,0.0,0.0,0.0
2023-04-10 04:00:00,3.126,5.763,2.372,0.0,0.0,0.0
2023-04-10 05:00:00,3.127,5.763,2.371,0.0,0.0,0.0
2023-04-10 06:00:00,3.126,5.763,2.368,0.0,0.0,1.5718164292998218
2023-04-10 07:00:00,3.127,5.763,2.371,0.0,0.0,0.0
2023-04-10 08:00:00,3.135,5.763,2.377,0.0,0.0,0.0
2023-04-10 09:00:00,3.144,5.763,2.379,0.0,0.0,0.0
2023-04-10 10:00:00,3.149,5.763,2.38,0.0,0.0,0.0
2023-04-10 11:00:00,3.149,5.763,2.383,0.0,0.0,0.0
2023-04-10 12:00:00,3.153,5.763,2.385,0.0,0.0,0.0
2023-04-10 13:00:00,3.159,5.763,2.389,0.0,0.0,0.0
2023-04-10 14:00:00,3.155,5.763,2.388,0.0,0.0,0.0
2023-04-10 15:00:00,3.152,5.763,2.389,0.0,0.0,0.0
2023-04-10 16:00:00,3.151,5.763,2.38525,0.0,0.0,0.0
2023-04-10 17:00:00,3.148,5.763,2.3815,0.0,1.0148613516638822,0.0
2023-04-10 18:00:00,3.142,5.763,2.37775,2.2078366565358944,0.0,0.0
2023-04-10 19:00:00,3.14,5.763,2.374,0.0,0.0,0.0
2023-04-10 20:00:00,3.137,5.763,2.371,0.0,0.0,0.0
2023-04-10 21:00:00,3.136,5.763,2.3705,0.0,0.0,0.0
2023-04-10 22:00:00,3.135,5.763,2.37,1.2145494161855168,2.4920490463246536,0.11779526383841546
2023-04-10 23:00:00,3.1319999999999997,5.763,2.3695000000000004,0.0,0.0,0.0
2023-04-11 00:00:00,3.129,5.763,2.369,0.0,0.0,0.0
2023-04-11 01:00:00,3.132,5.763,2.366,0.0,0.0,0.0
2023-04-11 02:00:00,3.127,5.763,2.365,0.0,0.0,0.0
2023-04-11 03:00:00,3.128,5.763,2.364,0.0,0.0,0.0
2023-04-11 04:00:00,3.126,5.763,2.361,0.0,0.0,0.0
2023-04-11 05:00:00,3.126,5.763,2.361,0.0,0.0,0.0
2023-04-11 06:00:00,3.126,5.763,2.359,0.0,0.0,0.0
2023-04-11 07:00:00,3.13,5.763,2.362,0.0,0.0,0.0
2023-04-11 08:00:00,3.134,5.763,2.363,0.0,0.0,0.0
2023-04-11 09:00:00,3.144,5.763,2.366,0.0,0.0,0.0
2023-04-11 10:00:00,3.146,5.763,2.367,0.0,0.0,0.0
2023-04-11 11:00:00,3.147,5.763,2.37,0.0,3.326568778206513,0.0
2023-04-11 12:00:00,3.149,5.763,2.375,0.0,0.0,0.0
2023-04-11 13:00:00,3.156,5.763,2.379,0.0,0.0,0.0
2023-04-11 14:00:00,3.155,5.763,2.377,0.0,0.0,0.0
2023-04-11 15:00:00,3.15,5.763,2.375,0.0,0.0,0.0
2023-04-11 16:00:00,3.149,5.763,2.372,0.0,0.0,0.0
2023-04-11 17:00:00,3.146,5.763,2.37,0.0,0.0,0.0
2023-04-11 18:00:00,3.143,5.763,2.365,0.0,0.0,0.0
2023-04-11 19:00:00,3.137,5.763,2.364,0.0,0.0,0.0
2023-04-11 20:00:00,3.134,5.763,2.363,7.397251494759647,0.0,0.0
2023-04-11 21:00:00,3.134,5.763,2.361,2.29082245501706,0.0,0.0
2023-04-11 22:00:00,3.134,5.763,2.362,0.0,0.0,0.0
2023-04-11 23:00:00,3.13,5.763,2.361,0.0,0.0,0.0
2023-04-12 00:00:00,3.126,5.763,2.36,0.0,0.0,0.0
2023-04-12 01:00:00,3.128,5.763,2.359,0.0,0.0,0.0
2023-04-12 02:00:00,3.129,5.763,2.358,0.0,0.024055209585482,0.0
2023-04-12 03:00:00,3.127,5.763,2.357,0.0,0.0,0.0
2023-04-12 04:00:00,3.125,5.763,2.355,0.0,0.0,0.0
2023-04-12 05:00:00,3.124,5.763,2.355,0.0,0.0,0.0
2023-04-12 06:00:00,3.123,5.763,2.353,0.0,0.0,0.0
2023-04-12 07:00:00,3.125,5.763,2.355,0.0,0.0,0.0
2023-04-12 08:00:00,3.133,5.763,2.357,0.0,0.0,0.0
2023-04-12 09:00:00,3.14,5.763,2.362,0.0,0.0,0.0
2023-04-12 10:00:00,3.144,5.763,2.364,0.0,0.0,0.0
2023-04-12 11:00:00,3.147,5.763,2.365,0.24957426249011527,0.0,0.0
2023-04-12 12:00:00,3.147,5.763,2.369,0.0,0.0,0.0
2023-04-12 13:00:00,3.153,5.763,2.374,0.0,0.0,0.0
2023-04-12 14:00:00,3.148,5.763,2.375,0.0,0.0,0.0
2023-04-12 15:00:00,3.148,5.763,2.374,0.0,0.0,0.0
2023-04-12 16:00:00,3.149,5.763,2.373,0.0,0.0,0.0
2023-04-12 17:00:00,3.143,5.763,2.372,0.0,0.0,0.0
2023-04-12 18:00:00,3.137,5.763,2.37,0.0,0.14025838618142866,0.0
2023-04-12 19:00:00,3.13,5.763,2.367,0.0,0.0,0.0
2023-04-12 20:00:00,3.135,5.763,2.366,0.0,0.0,0.0
2023-04-12 21:00:00,3.131,5.763,2.366,1.031028237835917,0.1647436766851153,7.6582559592605435
2023-04-12 22:00:00,3.128,5.763,2.364,0.0,0.0,0.0
2023-04-12 23:00:00,3.122,5.763,2.364,0.0,0.0,0.0
2023-04-13 00:00:00,3.124,5.763,2.362,6.84914817706539,9.258967848862671,1.753778420786599
2023-04-13 01:00:00,3.119,5.763,2.361,0.0,0.0,0.0
2023-04-13 02:00:00,3.121,5.763,2.359,0.0,0.0,0.0
2023-04-13 03:00:00,3.118,5.763,2.36,0.0,0.0,0.0
2023-04-13 04:00:00,3.118,5.763,2.359,0.0,0.0,0.0
2023-04-13 05:00:00,3.111,5.763,2.357,0.0,0.0,0.0
2023-04-13 06:00:00,3.11,5.763,2.356,0.0,0.0,0.0
2023-04-13 07:00:00,3.116,5.763,2.358,0.0,0.0,0.0
2023-04-13 08:00:00,3.113,5.763,2.363,0.0,0.0,0.0
2023-04-13 09:00:00,3.13,5.763,2.363,0.0,0.0,0.0
2023-04-13 10:00:00,3.135,5.763,2.365,0.0,0.0,0.0
2023-04-13 11:00:00,3.139,5.763,2.368,0.0,0.0,0.0
2023-04-13 12:00:00,3.14,5.763,2.372,0.0,0.0,0.0
2023-04-13 13:00:00,3.144,5.763,2.376,0.0,0.0,0.0
2023-04-13 14:00:00,3.142,5.763,2.374,0.0,0.0,0.0
2023-04-13 15:00:00,3.137,5.763,2.373,0.0,0.0,0.0
2023-04-13 16:00:00,3.14,5.763,2.371,0.0,0.0,0.0
2023-04-13 17:00:00,3.137,5.763,2.37,0.0,0.0,0.0
2023-04-13 18:00:00,3.127,5.763,2.368,0.0,0.0,0.0
2023-04-13 19:00:00,3.127,5.763,2.366,0.0,0.0,0.0
2023-04-13 20:00:00,3.128,5.763,2.365,0.0,0.0,0.0
2023-04-13 21:00:00,3.125,5.763,2.364,0.0,0.0,0.0
2023-04-13 22:00:00,3.119,5.763,2.363,0.0,0.0,0.0
2023-04-13 23:00:00,3.123,5.763,2.363,0.0,0.0,0.0
2023-04-14 00:00:00,3.116,5.763,2.361,0.0,0.0,0.0
2023-04-14 01:00:00,3.118,5.763,2.36,15.256388712713838,1.902418317189369,6.590225409086201
2023-04-14 02:00:00,3.117,5.763,2.36,0.0,0.0,0.0
2023-04-14 03:00:00,3.116,5.763,2.359,0.0,0.0,0.0
2023-04-14 04:00:00,3.114,5.763,2.358,0.0,0.0,0.0
2023-04-14 05:00:00,3.109,5.763,2.357,7.957578404859261,1.6234586000040339,2.572477625907222
2023-04-14 06:00:00,3.111,5.763,2.358,4.018047732135931,0.0,0.0
2023-04-14 07:00:00,3.115,5.763,2.359,0.0,0.0,0.0
2023-04-14 08:00:00,3.124,5.763,2.354,0.0,0.0,0.0
2023-04-14 09:00:00,3.13,5.763,2.355,0.0,0.0,0.0
2023-04-14 10:00:00,3.137,5.763,2.356,0.0,0.0,0.0
2023-04-14 11:00:00,3.161,5.763,2.36,0.0,0.0,0.0
2023-04-14 12:00:00,3.163,5.763,2.362,0.5736457809559636,0.5788802467205958,5.1555224215720115
2023-04-14 13:00:00,3.165,5.763,2.367,0.0,0.0,0.0
2023-04-14 14:00:00,3.166,5.763,2.366,0.0,0.0,0.0
2023-04-14 15:00:00,3.165,5.763,2.365,0.10627797509785217,3.1696482307900187,15.278324810339209
2023-04-14 16:00:00,3.157,5.763,2.363,0.9827681653337585,1.2804411864058833,1.8337187187209885
2023-04-14 17:00:00,3.159,5.763,2.361,1.6327304845139976,0.0,0.0
2023-04-14 18:00:00,3.152,5.763,2.359,0.0,0.0,0.04498866052609256
2023-04-14 19:00:00,3.154,5.763,2.357,0.0,0.0,0.0
2023-04-14 20:00:00,3.151,5.763,2.356,0.0,0.0,0.0
2023-04-14 21:00:00,3.147,5.763,2.355,0.0,0.0,0.0
2023-04-14 22:00:00,3.146,5.763,2.354,0.0,0.0,0.0
2023-04-14 23:00:00,3.165,5.763,2.352,0.9747571464403724,0.6477829155356074,2.182187107858844
2023-04-15 00:00:00,3.163,5.763,2.35,0.0,0.0,0.0
2023-04-15 01:00:00,3.159,5.763,2.352,0.0,0.0,0.0
2023-04-15 02:00:00,3.16,5.763,2.349,0.0,0.0,0.0
2023-04-15 03:00:00,3.157,5.763,2.35,0.0,0.0,0.0
2023-04-15 04:00:00,3.159,5.763,2.35,0.0,0.0,0.0
2023-04-15 05:00:00,3.157,5.763,2.348,0.0,0.0,0.0
2023-04-15 06:00:00,3.159,5.763,2.346,0.0,0.0,0.0
2023-04-15 07:00:00,3.16,5.763,2.348,0.0,0.0,0.0
2023-04-15 08:00:00,3.169,5.763,2.351,0.0,0.0,0.0
2023-04-15 09:00:00,3.177,5.763,2.354,1.9822190957873356,0.0,0.0
2023-04-15 10:00:00,3.176,5.763,2.357,0.0,0.0,0.0
2023-04-15 11:00:00,3.175,5.763,2.358,0.0,0.0,0.0
2023-04-15 12:00:00,3.177,5.763,2.359,0.0,0.0,0.0
2023-04-15 13:00:00,3.185,5.763,2.363,0.0,0.0,0.0
2023-04-15 14:00:00,3.179,5.763,2.363,0.0,0.0,0.0
2023-04-15 15:00:00,3.18,5.763,2.36,0.0,0.0,0.0
2023-04-15 16:00:00,3.178,5.763,2.358,0.8573162317029884,2.7768660841199324,0.3567329497135281
2023-04-15 17:00:00,3.172,5.763,2.358,0.0,0.0,0.0
2023-04-15 18:00:00,3.17,5.763,2.357,0.0,0.0,0.0
2023-04-15 19:00:00,3.167,5.763,2.354,0.0,0.0,0.0
2023-04-15 20:00:00,3.168,5.763,2.353,0.0,0.0,0.0
2023-04-15 21:00:00,3.165,5.763,2.354,0.0,0.0,0.0
2023-04-15 22:00:00,3.159,5.763,2.351,0.0,0.0,0.0
2023-04-15 23:00:00,3.159,5.763,2.353,0.0,0.0,0.0
2023-04-16 00:00:00,3.158,5.763,2.35,0.0,0.0,0.0
2023-04-16 01:00:00,3.154,5.763,2.35,0.0,0.0,0.0
2023-04-16 02:00:00,3.153,5.763,2.348,0.0,0.0,0.0
2023-04-16 03:00:00,3.157,5.763,2.348,0.0,0.0,0.0
2023-04-16 04:00:00,3.155,5.763,2.346,0.0,0.0,1.5455427325515005
2023-04-16 05:00:00,3.149,5.763,2.347,0.0,0.0,0.0
2023-04-16 06:00:00,3.151,5.763,2.346,0.0,0.0,0.0
2023-04-16 07:00:00,3.155,5.763,2.347,0.0,0.0,6.110043021187324
2023-04-16 08:00:00,3.163,5.763,2.352,0.0,0.0,0.0
2023-04-16 09:00:00,3.17,5.763,2.355,0.0,0.0,0.0
2023-04-16 10:00:00,3.173,5.763,2.355,0.0,0.0,0.0
2023-04-16 11:00:00,3.176,5.763,2.359,0.0,0.0,1.379244993080771
2023-04-16 12:00:00,3.18,5.763,2.359,0.0,0.0,0.0
2023-04-16 13:00:00,3.184,5.763,2.361,0.0,0.0,0.0
2023-04-16 14:00:00,3.183,5.763,2.361,0.0,0.0,0.0
2023-04-16 15:00:00,3.179,5.763,2.359,0.0,0.0,0.0
2023-04-16 16:00:00,3.176,5.763,2.357,0.0,0.0,0.0
2023-04-16 17:00:00,3.172,5.763,2.357,0.0,0.0,0.0
2023-04-16 18:00:00,3.174,5.763,2.354,0.0,0.0,0.0
2023-04-16 19:00:00,3.171,5.763,2.355,0.0,0.0,7.181837075908781
2023-04-16 20:00:00,3.166,5.763,2.353,0.0,0.0,0.0
2023-04-16 21:00:00,3.168,5.763,2.352,0.0,0.0,0.0
2023-04-16 22:00:00,3.164,5.763,2.349,0.0,0.0,0.0
2023-04-16 23:00:00,3.164,5.763,2.351,0.0,0.0,3.853588395782941
2023-04-17 00:00:00,3.161,5.763,2.35,0.0,0.0,0.0
2023-04-17 01:00:00,3.162,5.763,2.347,0.0,0.0,0.0
2023-04-17 02:00:00,3.16,5.763,2.346,0.0,0.0,0.0
2023-04-17 03:00:00,3.158,5.763,2.347,0.0,0.0,0.0
2023-04-17 04:00:00,3.155,5.763,2.345,0.0,0.0,0.0
2023-04-17 05:00:00,3.155,5.763,2.345,0.0,0.0,0.0
2023-04-17 06:00:00,3.156,5.763,2.344,0.0,0.0,0.0
2023-04-17 07:00:00,3.16,5.763,2.344,0.0,0.0,0.0
2023-04-17 08:00:00,3.163,5.763,2.347,0.3525900699862484,2.0756973402090475,1.5487490244188895
2023-04-17 09:00:00,3.171,5.763,2.352,0.0,3.5935093885295295,0.0
2023-04-17 10:00:00,3.172,5.763,2.349,0.0,0.0,0.0
2023-04-17 11:00:00,3.177,5.763,2.355,0.0,0.0,0.0
2023-04-17 12:00:00,3.176,5.763,2.357,0.0,0.0,0.0
2023-04-17 13:00:00,3.18,5.763,2.36,0.0,0.0,0.0
2023-04-17 14:00:00,3.182,5.763,2.359,0.0,0.0,0.0
2023-04-17 15:00:00,3.179,5.763,2.355,0.21153847166821527,1.6736856239491664,7.255375860890574
2023-04-17 16:00:00,3.177,5.763,2.35,0.0,0.0,0.0
2023-04-17 17:00:00,3.174,5.763,2.348,0.0,10.282733912518765,0.0
2023-04-17 18:00:00,3.172,5.763,2.345,0.0,0.0,0.0
2023-04-17 19:00:00,3.167,5.763,2.342,0.0,0.0,0.0
2023-04-17 20:00:00,3.166,5.763,2.342,0.0,0.0,0.0
2023-04-17 21:00:00,3.167,5.763,2.339,0.0,0.0,0.0
2023-04-17 22:00:00,3.166,5.763,2.339,0.0,0.0,0.0
2023-04-17 23:00:00,3.163,5.763,2.338,0.0,0.0,0.0
2023-04-18 00:00:00,3.164,5.763,2.337,0.0,0.0,0.0
2023-04-18 01:00:00,3.159,5.763,2.337,0.0,0.0,0.0
2023-04-18 02:00:00,3.161,5.763,2.334,0.0,0.0,0.0
2023-04-18 03:00:00,3.158,5.763,2.333,0.0,0.0,0.0
2023-04-18 04:00:00,3.156,5.763,2.333,0.0,0.0,0.0
2023-04-18 05:00:00,3.159,5.763,2.333,0.0,0.0,0.0
2023-04-18 06:00:00,3.158,5.763,2.333,15.866727964369877,2.518944963660185,1.914612110768561
2023-04-18 07:00:00,3.156,5.763,2.334,1.1986163717435647,3.971492542574791,1.6789121934074545
2023-04-18 08:00:00,3.162,5.763,2.337,0.0,0.0,0.0
2023-04-18 09:00:00,3.169,5.763,2.339,10.212564214854883,0.6383686025015873,11.139894387521249
2023-04-18 10:00:00,3.175,5.763,2.341,0.0,0.0,0.594146700699529
2023-04-18 11:00:00,3.177,5.763,2.343,0.0,0.0,0.0
2023-04-18 12:00:00,3.18,5.763,2.347,0.15714358321073613,1.1485783923970247,4.357983989778814
2023-04-18 13:00:00,3.183,5.763,2.348,0.0,0.0,0.0
2023-04-18 14:00:00,3.182,5.763,2.349,0.0,0.0,0.0
2023-04-18 15:00:00,3.182,5.763,2.348,0.0,0.0,0.0
2023-04-18 16:00:00,3.18,5.763,2.346,0.0,0.0,0.0
2023-04-18 17:00:00,3.176,5.763,2.344,0.0,0.0,0.0
2023-04-18 18:00:00,3.171,5.763,2.338,0.0,0.0,0.0
2023-04-18 19:00:00,3.172,5.763,2.335,0.0,0.0,0.0
2023-04-18 20:00:00,3.171,5.763,2.336,0.0,0.0,0.0
2023-04-18 21:00:00,3.168,5.763,2.335,0.0,0.0,0.0
2023-04-18 22:00:00,3.17,5.763,2.336,5.719270407643217,0.0,0.0
2023-04-18 23:00:00,3.165,5.763,2.337,0.0,0.0,0.0
2023-04-19 00:00:00,3.166,5.763,2.336,0.0,0.0,0.0
2023-04-19 01:00:00,3.159,5.763,2.337,0.0,0.0,0.0
2023-04-19 02:00:00,3.156,5.763,2.337,0.0,0.0,0.0
2023-04-19 03:00:00,3.162,5.763,2.335,0.0,3.125066666569251,0.0
2023-04-19 04:00:00,3.161,5.763,2.337,1.571138404630875,0.9073663591567326,2.252310158356861
2023-04-19 05:00:00,3.16,5.763,2.335,0.0,0.0,0.0
2023-04-19 06:00:00,3.153,5.763,2.333,0.0,0.0,0.0
2023-04-19 07:00:00,3.159,5.763,2.334,0.0,0.0,0.0
2023-04-19 08:00:00,3.168,5.763,2.338,0.0,0.0,0.0
2023-04-19 09:00:00,3.169,5.763,2.342,0.0,0.0,0.0
2023-04-19 10:00:00,3.176,5.763,2.344,0.0,0.0,0.0
2023-04-19 11:00:00,3.178,5.763,2.345,3.0661873357014904,0.0,0.0
2023-04-19 12:00:00,3.178,5.763,2.347,0.0,0.0,0.0
2023-04-19 13:00:00,3.183,5.763,2.349,0.0,0.0,0.0
2023-04-19 14:00:00,3.183,5.763,2.348,0.0,0.0,0.0
2023-04-19 15:00:00,3.183,5.763,2.348,0.0,0.0,0.0
2023-04-19 16:00:00,3.181,5.763,2.344,0.0,0.0,0.0
2023-04-19 17:00:00,3.179,5.763,2.34,0.0,0.0,0.0
2023-04-19 18:00:00,3.176,5.763,2.34,0.0,0.0,0.0
2023-04-19 19:00:00,3.173,5.763,2.336,0.0,0.0,0.0
2023-04-19 20:00:00,3.177,5.763,2.335,0.0,0.0,3.4626816935390288
2023-04-19 21:00:00,3.182,5.763,2.334,0.0,0.0,0.0
2023-04-19 22:00:00,3.171,5.763,2.333,0.0,0.0,0.0
2023-04-19 23:00:00,3.172,5.763,2.331,0.0,0.0,0.0
2023-04-20 00:00:00,3.168,5.763,2.3326666666666664,0.0,0.0,0.0
2023-04-20 01:00:00,3.166,5.763,2.3343333333333334,0.0,0.0,0.0
2023-04-20 02:00:00,3.166,5.763,2.336,0.7627627097734933,2.3668964796720804,3.867836139202558
2023-04-20 03:00:00,3.163,5.763,2.334,0.0,0.0,0.0
2023-04-20 04:00:00,3.167,5.763,2.335,0.0,0.0,0.0
2023-04-20 05:00:00,3.164,5.763,2.336,0.0,0.0,0.0
2023-04-20 06:00:00,3.163,5.763,2.334,1.5060487118495112,0.699480838973504,2.0371352407753496
2023-04-20 07:00:00,3.169,5.763,2.335,0.0,5.468763084322529,0.0
2023-04-20 08:00:00,3.176,5.763,2.337,0.0,0.0,0.0
2023-04-20 09:00:00,3.181,5.763,2.341,0.0,0.0,0.0
2023-04-20 10:00:00,3.182,5.763,2.34,0.0,0.0,0.0
2023-04-20 11:00:00,3.187,5.763,2.342,0.0,0.0,0.0
2023-04-20 12:00:00,3.188,5.763,2.346,0.0,0.0,0.0
2023-04-20 13:00:00,3.191,5.763,2.3463333333333334,0.0,0.0,0.0
2023-04-20 14:00:00,3.191,5.763,2.3466666666666667,0.0,0.24077314012129886,0.0
2023-04-20 15:00:00,3.19,5.763,2.347,0.0,0.0,0.0
2023-04-20 16:00:00,3.183,5.763,2.3444,0.0,0.0,0.0
2023-04-20 17:00:00,3.178,5.763,2.3418,0.0,0.0,0.0
2023-04-20 18:00:00,3.153,5.763,2.3392,0.0952910915068147,0.0,0.0
2023-04-20 19:00:00,3.171,5.763,2.3366000000000002,0.0,0.0,0.0
2023-04-20 20:00:00,3.181,5.763,2.334,0.0,0.0,0.0
2023-04-20 21:00:00,3.17,5.763,2.335,0.0,0.0,0.0
2023-04-20 22:00:00,3.168,5.763,2.332,1.2353447268167232,16.140650584362486,2.186505978042497
2023-04-20 23:00:00,3.169,5.763,2.332,0.0,0.0,0.0
2023-04-21 00:00:00,3.168,5.763,2.334,0.0,0.0,0.0
2023-04-21 01:00:00,3.168,5.763,2.333,0.39417291554046063,75.12397955302559,2.3315950286398746
2023-04-21 02:00:00,3.17,5.763,2.331,0.0,0.0,0.0
2023-04-21 03:00:00,3.17,5.763,2.333,0.0,0.0,0.0
2023-04-21 04:00:00,3.179,5.763,2.332,0.0,0.0,0.0
2023-04-21 05:00:00,3.172,5.763,2.322,0.0,0.0,0.0
2023-04-21 06:00:00,3.168,5.763,2.334,0.0,0.0,0.0
2023-04-21 07:00:00,3.168,5.763,2.332,0.0,0.0,0.0
2023-04-21 08:00:00,3.172,5.763,2.334,0.0,0.0,0.0
2023-04-21 09:00:00,3.174,5.763,2.339,0.0,0.0,0.0
2023-04-21 10:00:00,3.181,5.763,2.341,0.0,0.0,0.0
2023-04-21 11:00:00,3.182,5.763,2.346,0.42852476301057274,3.2124589461408704,0.6503332647745846
2023-04-21 12:00:00,3.18,5.763,2.349,0.0,0.0,0.0
2023-04-21 13:00:00,3.184,5.763,2.354,0.0,0.0,0.0
2023-04-21 14:00:00,3.185,5.763,2.355,80.0,8.206703170286168,0.027273984129855832
2023-04-21 15:00:00,3.182,5.763,2.354,0.0,0.0,0.0
2023-04-21 16:00:00,3.177,5.763,2.355,0.0,0.0,0.0
2023-04-21 17:00:00,3.164,5.763,2.357,0.0,0.0,0.0
2023-04-21 18:00:00,3.179,5.763,2.357,0.0,0.0,0.0
2023-04-21 19:00:00,3.167,5.763,2.36,14.637092945185843,0.0,0.0
2023-04-21 20:00:00,3.175,5.763,2.362,0.0,0.0,0.0
2023-04-21 21:00:00,3.171,5.763,2.364,2.9367533330228963,0.7250898306783194,2.5228935268468025
2023-04-21 22:00:00,3.173,5.763,2.37,0.0,0.0,0.7131500308286873
2023-04-21 23:00:00,3.174,5.763,2.379,0.0,0.0,0.0
2023-04-22 00:00:00,3.177,5.763,2.382,0.0,0.0,0.0
2023-04-22 01:00:00,3.166,5.763,2.384,0.0,0.0,0.0
2023-04-22 02:00:00,3.183,5.763,2.386,0.0,0.0,0.0
2023-04-22 03:00:00,3.178,5.763,2.385,0.0,0.0,0.0
2023-04-22 04:00:00,3.168,5.763,2.382,0.0,0.0,0.0
2023-04-22 05:00:00,3.168,5.763,2.379,2.6584833182978675,1.3322496762216607,4.334363658269325
2023-04-22 06:00:00,3.168,5.763,2.378,0.0,0.0,0.0
2023-04-22 07:00:00,3.171,5.763,2.375,14.330878360046718,9.65391199325806,0.4753698754432049
2023-04-22 08:00:00,3.172,5.763,2.376,0.0,0.0,0.0
2023-04-22 09:00:00,3.164,5.763,2.377,0.0,0.0,0.0
2023-04-22 10:00:00,3.184,5.763,2.376,0.0,0.0,0.0
2023-04-22 11:00:00,3.179,5.763,2.378,0.02536390699864543,0.0,0.0
2023-04-22 12:00:00,3.182,5.763,2.378,0.0,0.0,0.0
2023-04-22 13:00:00,3.191,5.763,2.381,0.0,0.0,0.0
2023-04-22 14:00:00,3.187,5.763,2.378,0.0,0.0,0.0
2023-04-22 15:00:00,3.181,5.763,2.375,0.0,0.0,0.0
2023-04-22 16:00:00,3.185,5.763,2.371,0.053649111290315375,3.7740861315291814,1.0356887307490905
2023-04-22 17:00:00,3.181,5.763,2.368,0.0,0.0,0.0
2023-04-22 18:00:00,3.18,5.763,2.365,0.0,0.0,0.0
2023-04-22 19:00:00,3.18,5.763,2.361,0.0,0.0,0.0
2023-04-22 20:00:00,3.176,5.763,2.3585000000000003,1.6602665628276938,1.1178759586964242,0.6843391681160157
2023-04-22 21:00:00,3.176,5.763,2.356,3.985544976305843,0.0,0.0
2023-04-22 22:00:00,3.175,5.763,2.355,4.072882595972228,3.6643367584157396,7.602145969465597
2023-04-22 23:00:00,3.178,5.763,2.352,0.0,0.0,0.0
2023-04-23 00:00:00,3.175,5.763,2.35,0.0,0.0,0.0
2023-04-23 01:00:00,3.177,5.763,2.35,0.0,0.0,0.0
2023-04-23 02:00:00,3.173,5.763,2.349,0.0,0.0,0.0
2023-04-23 03:00:00,3.173,5.763,2.346,0.0,0.0,0.4204124817005718
2023-04-23 04:00:00,3.174,5.763,2.344,0.0,0.0,0.0
2023-04-23 05:00:00,3.173,5.763,2.324,1.317681724648577,2.9794900312957155,45.499413004553766
2023-04-23 06:00:00,3.175,5.763,2.331,0.0,0.0,0.0
2023-04-23 07:00:00,3.18,5.763,2.349,0.0,0.0,0.0
2023-04-23 08:00:00,3.18,5.763,2.347,0.0,0.0,0.0
2023-04-23 09:00:00,3.179,5.763,2.345,0.0,0.0,0.0
2023-04-23 10:00:00,3.181,5.763,2.347,0.0,0.0,0.0
2023-04-23 11:00:00,3.172,5.763,2.352,0.0,0.0,0.0
2023-04-23 12:00:00,3.163,5.763,2.381,0.0,0.0,0.0
2023-04-23 13:00:00,3.181,5.763,2.388,0.0,0.0,0.0
2023-04-23 14:00:00,3.18,5.763,2.393,1.020653468984434,1.3045110684316839,1.2379851965223663
2023-04-23 15:00:00,3.182,5.763,2.4,0.0,0.0,0.0
2023-04-23 16:00:00,3.181,5.763,2.405,1.7641101679778388,3.0935112682476906,2.5405931372667685
2023-04-23 17:00:00,3.178,5.763,2.41,0.0,0.0,0.0
2023-04-23 18:00:00,3.179,5.763,2.419,0.0,0.0,0.0
2023-04-23 19:00:00,3.175,5.763,2.432,0.0,0.0,0.0
2023-04-23 20:00:00,3.176,5.763,2.45,0.0,0.0,0.0
2023-04-23 21:00:00,3.174,5.763,2.47,0.0,0.0,0.0
2023-04-23 22:00:00,3.175,5.763,2.496,0.0,0.0,0.0
2023-04-23 23:00:00,3.174,5.763,2.518,0.0,0.0,0.0
2023-04-24 00:00:00,3.175,5.763,2.529,0.0,0.0,0.0
2023-04-24 01:00:00,3.174,5.763,2.53,0.13446176781875033,2.963830824352638,8.464718780800965
2023-04-24 02:00:00,3.173,5.763,2.526,0.0,0.0,0.0
2023-04-24 03:00:00,3.176,5.763,2.522,0.0,0.0,0.0
2023-04-24 04:00:00,3.174,5.763,2.514,0.0,0.0,0.0
2023-04-24 05:00:00,3.175,5.763,2.504,2.239697181180818,3.299836544555153,8.335833067797862
2023-04-24 06:00:00,3.178,5.763,2.497,12.31437098519255,2.488004914796005,2.620232959281529
2023-04-24 07:00:00,3.179,5.763,2.491,1.429504726076964,6.56461940437773,13.175127681523298
2023-04-24 08:00:00,3.192,5.763,2.486,0.0,0.0,0.0
2023-04-24 09:00:00,3.196,5.763,2.485,0.0,0.0,0.7625838456051034
2023-04-24 10:00:00,3.197,5.763,2.484,0.0,0.0,0.0
2023-04-24 11:00:00,3.194,5.763,2.484,0.0,0.0,0.0
2023-04-24 12:00:00,3.193,5.763,2.491,0.0,0.0,0.0
2023-04-24 13:00:00,3.197,5.763,2.498,0.0,0.0,0.0
2023-04-24 14:00:00,3.194,5.763,2.497,4.269574453041832,8.450189433874447,3.75850227554956
2023-04-24 15:00:00,3.187,5.763,2.493,0.0,0.0,0.0
2023-04-24 16:00:00,3.186,5.763,2.485,0.0,0.0,0.0
2023-04-24 17:00:00,3.184,5.763,2.478,0.0,0.0,0.0
2023-04-24 18:00:00,3.181,5.763,2.469,0.0,0.0,0.0
2023-04-24 19:00:00,3.18,5.763,2.463,0.0,0.0,0.0
2023-04-24 20:00:00,3.175,5.763,2.4555,0.0,0.0,2.1529920956606983
2023-04-24 21:00:00,3.176,5.763,2.448,0.0,0.0,0.0
2023-04-24 22:00:00,3.178,5.763,2.443,0.0,0.0,0.0
2023-04-24 23:00:00,3.175,5.763,2.438,0.0,0.0,0.0
2023-04-25 00:00:00,3.174,5.763,2.431,0.0,0.0,0.0
2023-04-25 01:00:00,3.171,5.763,2.425,0.0,0.0,0.0
2023-04-25 02:00:00,3.173,5.763,2.421,0.0,0.0,0.0
2023-04-25 03:00:00,3.169,5.763,2.417,0.0,0.0,0.5510398250825905
2023-04-25 04:00:00,3.171,5.763,2.413,0.0,0.0,0.0
2023-04-25 05:00:00,3.172,5.763,2.407,0.0,0.0,0.36951248599061914
2023-04-25 06:00:00,3.173,5.763,2.406,0.0,0.0,0.0
2023-04-25 07:00:00,3.181,5.763,2.403,0.0,0.0,0.0
2023-04-25 08:00:00,3.189,5.763,2.406,0.0,0.0,0.0
2023-04-25 09:00:00,3.197,5.763,2.405,0.0,0.0,0.0
2023-04-25 10:00:00,3.193,5.763,2.404,0.0,0.0,0.0
2023-04-25 11:00:00,3.194,5.763,2.403,0.0,0.0,0.0
2023-04-25 12:00:00,3.194,5.763,2.407,0.0,0.0,0.0
2023-04-25 13:00:00,3.198,5.763,2.407,0.0,0.0,0.0
2023-04-25 14:00:00,3.198,5.763,2.404,0.0,0.0,0.0
2023-04-25 15:00:00,3.19,5.763,2.402,0.0,0.0,0.0
2023-04-25 16:00:00,3.188,5.763,2.395,0.0,0.0,0.0
2023-04-25 17:00:00,3.187,5.763,2.392,7.143309503884302,0.5883908129510909,3.750692389697137
2023-04-25 18:00:00,3.18,5.763,2.39,0.0,0.0,0.0
2023-04-25 19:00:00,3.181,5.763,2.384,0.0,0.0,0.0
2023-04-25 20:00:00,3.178,5.763,2.38,0.0,0.0,0.0
2023-04-25 21:00:00,3.177,5.763,2.378,0.0,0.0,0.0
2023-04-25 22:00:00,3.177,5.763,2.377,0.0,0.0,0.0
2023-04-25 23:00:00,3.174,5.763,2.374,0.0,0.0,0.0
2023-04-26 00:00:00,3.173,5.763,2.3705,0.0,0.0,0.0
2023-04-26 01:00:00,3.172,5.763,2.367,0.0,0.0,0.0
2023-04-26 02:00:00,3.173,5.763,2.3653333333333335,0.0,0.0,0.0
2023-04-26 03:00:00,3.172,5.763,2.3636666666666666,0.0,0.0,2.081957513723591
2023-04-26 04:00:00,3.1705,5.763,2.362,0.0,0.0,0.0
2023-04-26 05:00:00,3.169,5.763,2.364153846153846,0.0,0.0,0.0
2023-04-26 06:00:00,3.174,5.763,2.3663076923076924,0.0,0.0,0.0
2023-04-26 07:00:00,3.18,5.763,2.3684615384615384,0.0,0.0,0.0
2023-04-26 08:00:00,3.189,5.763,2.370615384615385,0.0,0.0,0.0
2023-04-26 09:00:00,3.194,5.763,2.3727692307692307,0.0,0.0,0.0
2023-04-26 10:00:00,3.198,5.763,2.374923076923077,0.0,0.0,0.0
2023-04-26 11:00:00,3.1985,5.763,2.377076923076923,0.0,0.0,0.0
2023-04-26 12:00:00,3.199,5.763,2.3792307692307695,0.0,0.0,0.0
2023-04-26 13:00:00,3.204,5.763,2.3813846153846154,0.0,0.0,1.2372813159305176
2023-04-26 14:00:00,3.2003333333333335,5.763,2.383538461538462,0.0,0.0,0.0
2023-04-26 15:00:00,3.1966666666666668,5.763,2.385692307692308,0.0,0.0,0.0
2023-04-26 16:00:00,3.193,5.763,2.387846153846154,0.0,0.0,0.0
2023-04-26 17:00:00,3.192,5.763,2.39,0.0,0.0,4.226464615734891
2023-04-26 18:00:00,3.187,5.763,2.387714285714286,0.0,0.0,0.0
2023-04-26 19:00:00,3.187,5.763,2.3854285714285717,0.0,0.0,0.0
2023-04-26 20:00:00,3.188,5.763,2.3831428571428575,0.0,0.0,0.0
2023-04-26 21:00:00,3.185,5.763,2.380857142857143,0.0,0.0,0.0
2023-04-26 22:00:00,3.184,5.763,2.3785714285714286,0.0,0.0,0.0
2023-04-26 23:00:00,3.183,5.763,2.3762857142857143,0.0,0.0,0.0
2023-04-27 00:00:00,3.177,5.763,2.374,0.0,0.0,0.0
2023-04-27 01:00:00,3.179,5.763,2.372,0.0,0.0,0.0
2023-04-27 02:00:00,3.182,5.763,2.372,0.0,0.0,0.0
2023-04-27 03:00:00,3.181,5.763,2.371,0.0,0.0,0.0
2023-04-27 04:00:00,3.177,5.763,2.367,0.0,0.0,0.0
2023-04-27 05:00:00,3.182,5.763,2.366,0.0,0.0,0.0
2023-04-27 06:00:00,3.183,5.763,2.365,0.0,0.0,0.0
2023-04-27 07:00:00,3.192,5.763,2.368,0.0,0.0,0.0
2023-04-27 08:00:00,3.195,5.763,2.371,0.0,0.0,0.0
2023-04-27 09:00:00,3.198,5.763,2.371,0.0,0.0,0.0
2023-04-27 10:00:00,3.198,5.763,2.369,8.499582517429555,6.926253819328894,0.22428002453289864
2023-04-27 11:00:00,3.197,5.763,2.37,0.0,0.0,0.0
2023-04-27 12:00:00,3.196,5.763,2.371,0.0,0.0,0.0
2023-04-27 13:00:00,3.2,5.763,2.373,1.1598494199691334,6.944516800170595,2.15279813378255
2023-04-27 14:00:00,3.202,5.763,2.374,0.0,0.0,0.0
2023-04-27 15:00:00,3.195,5.763,2.369,0.0,0.0,0.0
2023-04-27 16:00:00,3.193,5.763,2.365,0.0,0.0,0.0
2023-04-27 17:00:00,3.185,5.763,2.365,0.0,0.0,0.0
2023-04-27 18:00:00,3.18,5.763,2.36,0.5371542637136574,0.03654578386058189,3.169645528919558
2023-04-27 19:00:00,3.185,5.763,2.357,0.6610729246003667,0.7675930767946897,2.8598348337919464
2023-04-27 20:00:00,3.177,5.763,2.357,0.0,0.0,0.0
2023-04-27 21:00:00,3.183,5.763,2.354,0.0,0.0,0.0
2023-04-27 22:00:00,3.177,5.763,2.353,0.0,0.0,0.0
2023-04-27 23:00:00,3.179,5.763,2.35,0.0,0.0,0.0
2023-04-28 00:00:00,3.178,5.763,2.351,0.0,0.0,0.0
2023-04-28 01:00:00,3.177,5.763,2.35,0.0,0.0,0.0
2023-04-28 02:00:00,3.178,5.763,2.348,0.0,0.0,0.5023397392484086
2023-04-28 03:00:00,3.179,5.763,2.347,0.0,0.0,0.0
2023-04-28 04:00:00,3.18,5.763,2.346,0.005030927750647281,0.6799097092010855,6.640250956934579
2023-04-28 05:00:00,3.173,5.763,2.3468333333333335,0.0,0.0,0.0
2023-04-28 06:00:00,3.175,5.763,2.3476666666666666,0.0,0.0,0.0
2023-04-28 07:00:00,3.181,5.763,2.3485,0.0,0.0,0.0
2023-04-28 08:00:00,3.186,5.763,2.3493333333333335,0.2268195505269649,0.0,0.0
2023-04-28 09:00:00,3.194,5.763,2.3501666666666665,0.0,0.0,0.0
2023-04-28 10:00:00,3.198,5.763,2.351,3.341465583682058,0.09157314958222318,0.7493221563010412
2023-04-28 11:00:00,3.195,5.763,2.351099173553719,0.0,0.0,0.0
2023-04-28 12:00:00,3.196,5.763,2.351198347107438,0.0,8.782549130803682,2.070196109708011
2023-04-28 13:00:00,3.1938333333333335,5.763,2.351297520661157,0.0,0.0,0.0
2023-04-28 14:00:00,3.191666666666667,5.763,2.351396694214876,0.39918425425251347,5.18627265853552,1.341608341451519
2023-04-28 15:00:00,3.1895,5.763,2.351495867768595,0.08841826196478984,5.609118335864049,3.607778435798286
2023-04-28 16:00:00,3.187333333333333,5.763,2.351595041322314,0.0,0.0,0.7473154012404147
2023-04-28 17:00:00,3.1851666666666665,5.763,2.351694214876033,0.0,0.0,0.0
2023-04-28 18:00:00,3.183,5.763,2.351793388429752,0.0,0.0,0.0
2023-04-28 19:00:00,3.185,5.763,2.351892561983471,0.0,0.0,0.0
2023-04-28 20:00:00,3.1834000000000002,5.763,2.35199173553719,0.0,0.0,0.0
2023-04-28 21:00:00,3.1818,5.763,2.3520909090909092,0.0,0.0,0.0
2023-04-28 22:00:00,3.1802,5.763,2.3521900826446283,0.0,0.0,0.0
2023-04-28 23:00:00,3.1786,5.763,2.3522892561983473,0.0,0.0,4.432319811330094
2023-04-29 00:00:00,3.177,5.763,2.3523884297520663,0.0,0.0,0.0
2023-04-29 01:00:00,3.177,5.763,2.3524876033057853,0.0,0.0,0.0
2023-04-29 02:00:00,3.177,5.763,2.352586776859504,0.0,0.0,0.0
2023-04-29 03:00:00,3.179,5.763,2.352685950413223,0.0,0.0,0.0
2023-04-29 04:00:00,3.173,5.763,2.352785123966942,0.0,0.0,0.0
2023-04-29 05:00:00,3.176,5.763,2.352884297520661,5.855113944814048,9.644507641983143,0.25402257822942564
2023-04-29 06:00:00,3.175,5.763,2.35298347107438,0.0,0.0,0.0
2023-04-29 07:00:00,3.176,5.763,2.353082644628099,0.0,0.0,0.0
2023-04-29 08:00:00,3.173,5.763,2.353181818181818,0.0,0.0,0.0
2023-04-29 09:00:00,3.179,5.763,2.353280991735537,0.0,0.0,0.0
2023-04-29 10:00:00,3.181,5.763,2.353380165289256,0.0,0.0,0.0
2023-04-29 11:00:00,3.183,5.763,2.353380165289256,0.0,0.0,0.0
2023-04-29 12:00:00,3.185,5.763,2.353380165289256,0.0,0.0,0.0
2023-04-29 13:00:00,3.19,5.763,2.353481426707264,11.344643184592758,4.711094622253841,3.447825975876691
2023-04-29 14:00:00,3.194,5.763,2.3535826881252717,0.0,0.0,0.0
2023-04-29 15:00:00,3.183,5.763,2.3536839495432798,0.0,0.0,0.0
2023-04-29 16:00:00,3.182,5.763,2.3537852109612873,0.0,0.0,0.0
2023-04-29 17:00:00,3.18,5.763,2.3538864723792954,1.0973425567293358,0.0,0.0
2023-04-29 18:00:00,3.182,5.763,2.353987733797303,0.0,0.0,0.0
2023-04-29 19:00:00,3.175,5.763,2.354088995215311,0.0,0.0,0.0
2023-04-29 20:00:00,3.172,5.763,2.3541902566333186,0.0,3.93471971095408,0.0
2023-04-29 21:00:00,3.166,5.763,2.3542915180513266,0.3309220973283514,0.04302755820958703,1.490898481948207
2023-04-29 22:00:00,3.178,5.763,2.3543927794693342,0.0,0.0,0.0
2023-04-29 23:00:00,3.178,5.763,2.3544940408873423,0.0,0.0,0.0
2023-04-30 00:00:00,3.178,5.763,2.35459530230535,0.0,0.0,0.0
2023-04-30 01:00:00,3.18,5.763,2.354696563723358,0.0,0.0,0.0
2023-04-30 02:00:00,3.168,5.763,2.354797825141366,0.0,0.0,0.0
2023-04-30 03:00:00,3.172,5.763,2.3548990865593735,2.3710584636845184,0.0,1.295459656407231
2023-04-30 04:00:00,3.175,5.763,2.3550003479773816,0.0,0.0,0.0
2023-04-30 05:00:00,3.18,5.763,2.355101609395389,0.6534120464082598,0.0,0.0
2023-04-30 06:00:00,3.183,5.763,2.355202870813397,0.0,0.0,0.0
2023-04-30 07:00:00,3.178,5.763,2.355304132231405,0.0,0.0,0.0
2023-04-30 08:00:00,3.177,5.763,2.355405393649413,0.15004032734049688,0.0,0.0
2023-04-30 09:00:00,3.184,5.763,2.3555066550674204,0.0,0.0,0.0
2023-04-30 10:00:00,3.193,5.763,2.3556079164854284,0.0,0.0,0.0
2023-04-30 11:00:00,3.19,5.763,2.355709177903436,0.0,0.0,0.0
2023-04-30 12:00:00,3.191,5.763,2.355810439321444,0.0,0.0,0.0
2023-04-30 13:00:00,3.195,5.763,2.355810439321444,0.0,0.0,0.0
2023-04-30 14:00:00,3.188,5.763,2.355810439321444,0.0,0.0,0.0
2023-04-30 15:00:00,3.189,5.763,2.355810439321444,0.0,0.0,0.0
2023-04-30 16:00:00,3.185,5.763,2.355810439321444,0.0,0.0,0.0
2023-04-30 17:00:00,3.18,5.763,2.355810439321444,0.0,0.0,0.0
2023-04-30 18:00:00,3.181,5.763,2.355810439321444,0.0,0.0,0.0
2023-04-30 19:00:00,3.175,5.763,2.355810439321444,0.0,0.0,0.0
2023-04-30 20:00:00,3.165,5.763,2.355810439321444,0.0,0.0,0.0
2023-04-30 21:00:00,3.175,5.763,2.355810439321444,0.0,0.0,0.0
2023-04-30 22:00:00,3.175,5.763,2.355810439321444,0.0,0.0,0.0
2023-04-30 23:00:00,3.17,5.763,2.355810439321444,13.692974187903628,1.568663222111003,0.9875941435161699
2023-05-01 00:00:00,3.17,5.763,2.355810439321444,0.0,0.0,0.0
2023-05-01 01:00:00,3.173,5.763,2.355810439321444,0.11998505642861679,2.9659333688305014,6.209092143930973
2023-05-01 02:00:00,3.178,5.763,2.355810439321444,0.0,0.0,0.0
2023-05-01 03:00:00,3.173,5.763,2.355810439321444,0.0,0.0,3.5845534241409367
2023-05-01 04:00:00,3.171,5.763,2.355810439321444,0.0,0.0,0.0
2023-05-01 05:00:00,3.169,5.763,2.355810439321444,2.332407255454123,4.394687202411636,0.14261094752053552
2023-05-01 06:00:00,3.173,5.763,2.355810439321444,2.5956773085357674,9.312348901714511,0.43883760691655604
2023-05-01 07:00:00,3.181,5.763,2.355810439321444,0.0,0.0,0.0
2023-05-01 08:00:00,3.178,5.763,2.355810439321444,0.0,0.0,0.0
2023-05-01 09:00:00,3.193,5.763,2.355810439321444,0.0,0.0,0.0
2023-05-01 10:00:00,3.193,5.763,2.355810439321444,0.0,0.18456088134405618,0.0
2023-05-01 11:00:00,3.193,5.763,2.355810439321444,0.0,0.0,0.0
2023-05-01 12:00:00,3.191,5.763,2.355810439321444,0.0,0.0,0.0
2023-05-01 13:00:00,3.194,5.763,2.355810439321444,7.700678355618945,0.5432314228736228,5.112602686478271
2023-05-01 14:00:00,3.196,5.763,2.355810439321444,0.0,0.0,0.0
2023-05-01 15:00:00,3.192,5.763,2.355810439321444,0.0,0.0,0.0
2023-05-01 16:00:00,3.188,5.763,2.355810439321444,0.0,0.0,0.0
2023-05-01 17:00:00,3.179,5.763,2.355810439321444,0.0,0.0,0.0
2023-05-01 18:00:00,3.178,5.763,2.355810439321444,0.0,0.0,0.0
2023-05-01 19:00:00,3.184,5.763,2.355810439321444,0.0,0.0,0.0
2023-05-01 20:00:00,3.178,5.763,2.355810439321444,0.0,0.0,0.0
2023-05-01 21:00:00,3.174,5.763,2.355810439321444,0.0,0.0,0.0
2023-05-01 22:00:00,3.181,5.763,2.355810439321444,0.0,0.0,0.0
2023-05-01 23:00:00,3.18,5.763,2.355810439321444,0.0,0.0,0.0
2023-05-02 00:00:00,3.179,5.763,2.355810439321444,0.0,0.0,0.0
2023-05-02 01:00:00,3.178,5.763,2.355810439321444,0.0,0.0,0.0
2023-05-02 02:00:00,3.174,5.763,2.355810439321444,0.0,0.0,0.0
2023-05-02 03:00:00,3.173,5.763,2.355810439321444,3.321414606468939,1.078366872223927,1.9805077408267069
2023-05-02 04:00:00,3.176,5.763,2.355810439321444,0.0,0.0,0.0
2023-05-02 05:00:00,3.173,5.763,2.355810439321444,0.0,0.0,0.0
2023-05-02 06:00:00,3.174,5.763,2.355810439321444,2.35217489401885,0.7711374400055574,16.860949384300753
2023-05-02 07:00:00,3.176,5.763,2.355810439321444,0.0,0.0,0.0
2023-05-02 08:00:00,3.189,5.763,2.355810439321444,0.0,0.0,0.0
2023-05-02 09:00:00,3.189,5.763,2.355810439321444,0.0,0.0,0.0
2023-05-02 10:00:00,3.193,5.763,2.355810439321444,0.0,0.0,0.0
2023-05-02 11:00:00,3.189,5.763,2.355810439321444,0.0,0.0,0.0
2023-05-02 12:00:00,3.192,5.763,2.355810439321444,0.0,0.0,0.0
2023-05-02 13:00:00,3.194,5.763,2.363,0.0,0.0,0.0
2023-05-02 14:00:00,3.194,5.763,2.363,0.0,0.0,0.0
2023-05-02 15:00:00,3.192,5.763,2.363,0.0,0.07724306630380082,0.0
2023-05-02 16:00:00,3.189,5.763,2.363,0.0,0.0,0.0
2023-05-02 17:00:00,3.182,5.763,2.363,0.0,0.0,0.0
2023-05-02 18:00:00,3.181,5.763,2.363,0.0,0.0,0.0
2023-05-02 19:00:00,3.177,5.763,2.363,0.0,0.0,0.0
2023-05-02 20:00:00,3.182,5.763,2.363,0.0,0.0,5.385275528754875
2023-05-02 21:00:00,3.181,5.763,2.363,0.0,0.0,0.0
2023-05-02 22:00:00,3.177,5.763,2.363,0.0,0.0,0.0
2023-05-02 23:00:00,3.178,5.763,2.363,0.0,1.9774958638777103,0.0
2023-05-03 00:00:00,3.172,5.763,2.363,0.0,0.0,0.0
2023-05-03 01:00:00,3.176,5.763,2.363,0.0,0.0,0.0
2023-05-03 02:00:00,3.174,5.763,2.363,0.0,0.0,0.0
2023-05-03 03:00:00,3.169,5.763,2.363,0.0,0.0,0.0
2023-05-03 04:00:00,3.169,5.763,2.363,0.027322477710365122,3.7467293640154264,4.6123215590006925
2023-05-03 05:00:00,3.173,5.763,2.363,0.0,0.0,0.0
2023-05-03 06:00:00,3.174,5.763,2.363,0.0,0.0,0.0
2023-05-03 07:00:00,3.181,5.763,2.363,0.0,0.0,0.0
2023-05-03 08:00:00,3.189,5.763,2.363,0.0,0.0,0.0
2023-05-03 09:00:00,3.191,5.763,2.363,0.025014928118165934,0.2643321756973865,3.87549156007385
2023-05-03 10:00:00,3.192,5.763,2.363,0.0,0.0,0.0
2023-05-03 11:00:00,3.191,5.763,2.363,0.0,0.0,0.0
2023-05-03 12:00:00,3.19,5.763,2.33,0.0,0.0,0.0
2023-05-03 13:00:00,3.196,5.763,2.36,3.2337676858429303,1.0005334462062407,0.7198962665317825
2023-05-03 14:00:00,3.19,5.763,2.387,0.0,0.0,0.0
2023-05-03 15:00:00,3.19,5.763,2.401,0.0,0.0,0.0
2023-05-03 16:00:00,3.185,5.763,2.402,0.0,0.0,0.0
2023-05-03 17:00:00,3.181,5.763,2.401,0.0,0.0,0.0
2023-05-03 18:00:00,3.178,5.763,2.399,0.0,0.0,0.0
2023-05-03 19:00:00,3.182,5.763,2.394,0.0,0.0,0.0
2023-05-03 20:00:00,3.18,5.763,2.391,0.0,0.0,0.0
2023-05-03 21:00:00,3.176,5.763,2.389,0.0,0.0,0.0
2023-05-03 22:00:00,3.179,5.763,2.389,0.0,0.0,0.0
2023-05-03 23:00:00,3.171,5.763,2.388,0.0,0.0,0.0
2023-05-04 00:00:00,3.178,5.763,2.386,0.0,0.0,0.0
2023-05-04 01:00:00,3.17,5.763,2.385,0.0,0.0,0.0
2023-05-04 02:00:00,3.177,5.763,2.386,0.0,0.340188977638018,0.0
2023-05-04 03:00:00,3.171,5.763,2.386,0.0,0.0,0.0
2023-05-04 04:00:00,3.172,5.763,2.411,0.04635327186282189,1.8964160231236833,0.8188775181860259
2023-05-04 05:00:00,3.175,5.763,2.424,0.0,0.0,0.0
2023-05-04 06:00:00,3.175,5.763,2.437,0.0,0.0,0.0
2023-05-04 07:00:00,3.178,5.763,2.444,2.506125264492916,0.0,0.0
2023-05-04 08:00:00,3.175,5.763,2.45,0.0,0.0,0.0
2023-05-04 09:00:00,3.174,5.763,2.456,1.354180188117521,0.11624454923491084,1.302843630565117
2023-05-04 10:00:00,3.183,5.763,2.464,0.0,0.0,0.0
2023-05-04 11:00:00,3.187,5.763,2.469,0.0,0.0,0.0
2023-05-04 12:00:00,3.189,5.763,2.479,0.0,0.0,0.0
2023-05-04 13:00:00,3.194,5.763,2.492,0.0,0.0,0.0
2023-05-04 14:00:00,3.194,5.763,2.504,0.0,0.0,0.0
2023-05-04 15:00:00,3.191,5.763,2.52,0.0,0.0,0.0
2023-05-04 16:00:00,3.186,5.763,2.535,0.0,0.0,0.0
2023-05-04 17:00:00,3.181,5.763,2.55,0.0,0.0,0.0
2023-05-04 18:00:00,3.184,5.763,2.555,0.6363254686564449,6.329980195748685,2.7573246574655754
2023-05-04 19:00:00,3.183,5.763,2.554,0.0,0.0,0.0
2023-05-04 20:00:00,3.176,5.763,2.55,0.0,0.0,0.0
2023-05-04 21:00:00,3.182,5.763,2.544,0.0,0.0,0.0
2023-05-04 22:00:00,3.176,5.763,2.535,0.0,0.0,0.0
2023-05-04 23:00:00,3.173,5.763,2.525,0.0,0.0,0.0
2023-05-05 00:00:00,3.176,5.763,2.514,0.0,0.0,0.0
2023-05-05 01:00:00,3.178,5.763,2.506,0.0,0.0,0.0
2023-05-05 02:00:00,3.171,5.763,2.497,0.0,0.5714864595964632,0.0
2023-05-05 03:00:00,3.176,5.763,2.492,0.0,0.0,0.0
2023-05-05 04:00:00,3.17,5.763,2.485,0.0,0.0,0.0
2023-05-05 05:00:00,3.177,5.763,2.481,0.0,0.0,0.0
2023-05-05 06:00:00,3.175,5.763,2.477,0.0,0.0,0.021628020084605345
2023-05-05 07:00:00,3.173,5.763,2.473,0.0,0.0,0.0
2023-05-05 08:00:00,3.177,5.763,2.471,0.0,0.0,0.0
2023-05-05 09:00:00,3.182,5.763,2.47,3.196325605415978,6.569314516713707,0.4030380073451502
2023-05-05 10:00:00,3.191,5.763,2.466,0.0,0.0,0.0
2023-05-05 11:00:00,3.195,5.763,2.464,0.0,0.0,0.0
2023-05-05 12:00:00,3.194,5.763,2.462,0.0,0.0,0.0
2023-05-05 13:00:00,3.198,5.763,2.461,0.0,0.0,0.0
2023-05-05 14:00:00,3.194,5.763,2.459,0.0,0.0,0.0
2023-05-05 15:00:00,3.192,5.763,2.454,0.0,0.0,0.0
2023-05-05 16:00:00,3.187,5.763,2.447,2.7144077717373354,0.0,3.6810267014662545
2023-05-05 17:00:00,3.184,5.763,2.442,0.0,0.0,0.0
2023-05-05 18:00:00,3.183,5.763,2.436,0.0,0.0,0.0
2023-05-05 19:00:00,3.177,5.763,2.432,0.0,0.0,0.0
2023-05-05 20:00:00,3.183,5.763,2.427,0.0,0.0,0.0
2023-05-05 21:00:00,3.181,5.763,2.423,0.0,0.0,0.0
2023-05-05 22:00:00,3.18,5.763,2.419,0.0,0.0,0.0
2023-05-05 23:00:00,3.178,5.763,2.416,0.0,3.0991563246137073,0.0
2023-05-06 00:00:00,3.183,5.763,2.412,0.0,0.5044454158159255,0.0
2023-05-06 01:00:00,3.176,5.763,2.409,1.2507121448920944,1.0926239954495602,3.5014847877179616
2023-05-06 02:00:00,3.173,5.763,2.404,0.0,0.0,0.0
2023-05-06 03:00:00,3.173,5.763,2.402,0.0,0.0,0.0
2023-05-06 04:00:00,3.171,5.763,2.401,0.0,0.0,2.4396667286896365
2023-05-06 05:00:00,3.177,5.763,2.397,0.0,0.0,0.0
2023-05-06 06:00:00,3.172,5.763,2.396,0.0,0.0,0.0
2023-05-06 07:00:00,3.182,5.763,2.397,0.0,0.0,0.0
2023-05-06 08:00:00,3.185,5.763,2.398,0.0,0.0,0.0
2023-05-06 09:00:00,3.194,5.763,2.399,0.0,0.0,0.0
2023-05-06 10:00:00,3.191,5.763,2.4,0.0,0.0,0.0
2023-05-06 11:00:00,3.191,5.763,2.401,0.0,0.0,0.0
2023-05-06 12:00:00,3.192,5.763,2.401,0.0,0.0,0.0
2023-05-06 13:00:00,3.192,5.763,2.403,0.0,0.0,0.0
2023-05-06 14:00:00,3.19,5.763,2.4,0.0,0.0,0.0
2023-05-06 15:00:00,3.191,5.763,2.395,0.0,0.0,0.0
2023-05-06 16:00:00,3.191,5.763,2.39,0.0,0.0,0.0
2023-05-06 17:00:00,3.186,5.763,2.384,0.6460384445240284,0.0,0.0
2023-05-06 18:00:00,3.179,5.763,2.383,0.0,0.0,0.0
2023-05-06 19:00:00,3.184,5.763,2.377,0.0,0.0,0.0
2023-05-06 20:00:00,3.181,5.763,2.374,0.0,0.13908929636150058,0.0
2023-05-06 21:00:00,3.176,5.763,2.371,0.0,1.3860097763496182,0.0
2023-05-06 22:00:00,3.172,5.763,2.367,0.0,0.0,0.0
2023-05-06 23:00:00,3.175,5.763,2.364,0.0,1.1636927130059074,0.0
2023-05-07 00:00:00,3.172,5.763,2.361,0.0,0.0,0.0
2023-05-07 01:00:00,3.175,5.763,2.36,0.0,0.0,0.0
2023-05-07 02:00:00,3.169,5.763,2.358,2.789093877786964,2.82053738233749,1.3996144739327214
2023-05-07 03:00:00,3.167,5.763,2.356,0.0,0.0,0.0
2023-05-07 04:00:00,3.17,5.763,2.353,0.0,0.0,0.0
2023-05-07 05:00:00,3.172,5.763,2.352,0.0,0.0,0.0
2023-05-07 06:00:00,3.167,5.763,2.35,0.0,0.0,0.0
2023-05-07 07:00:00,3.18,5.763,2.352,0.0,0.0,0.0
2023-05-07 08:00:00,3.188,5.763,2.355,0.0,0.0,0.0
2023-05-07 09:00:00,3.189,5.763,2.356,3.7299962450656414,0.0,0.0
2023-05-07 10:00:00,3.197,5.763,2.356,0.0,0.0,0.0
2023-05-07 11:00:00,3.193,5.763,2.358,0.0,0.0,0.0
2023-05-07 12:00:00,3.195,5.763,2.361,0.0,0.0,0.0
2023-05-07 13:00:00,3.196,5.763,2.364,0.0,0.0,0.0
2023-05-07 14:00:00,3.192,5.763,2.364,0.0,0.0,0.0
2023-05-07 15:00:00,3.193,5.763,2.361,0.0,0.0,0.0
2023-05-07 16:00:00,3.185,5.763,2.358,0.0,0.0,2.102048212220691
2023-05-07 17:00:00,3.182,5.763,2.355,0.0,0.0,0.0
2023-05-07 18:00:00,3.179,5.763,2.353,0.0,0.0,0.0
2023-05-07 19:00:00,3.18,5.763,2.35,3.377075773668733,0.15772313860243603,4.921370016580798
2023-05-07 20:00:00,3.177,5.763,2.347,0.0,0.0,0.0
2023-05-07 21:00:00,3.176,5.635,2.347,0.0,0.0,0.0
2023-05-07 22:00:00,3.175,5.763,2.346,0.0,0.0,0.0
2023-05-07 23:00:00,3.176,5.763,2.344,0.0,0.0,0.0
2023-05-08 00:00:00,3.172,5.763,2.343,0.0,0.0,0.0
2023-05-08 01:00:00,3.165,5.763,2.341,0.0,0.0,0.0
2023-05-08 02:00:00,3.174,5.763,2.339,0.0,0.0,0.0
2023-05-08 03:00:00,3.173,5.763,2.341,1.5199493086492857,0.0,0.0
2023-05-08 04:00:00,3.172,5.763,2.338,0.0,0.0,0.0
2023-05-08 05:00:00,3.17,5.763,2.336,0.0,0.0,0.0
2023-05-08 06:00:00,3.187,5.763,2.337,0.0,0.0,0.0
2023-05-08 07:00:00,3.175,5.763,2.34,0.0,0.0,0.0
2023-05-08 08:00:00,3.185,5.763,2.343,0.0,0.0,0.0
2023-05-08 09:00:00,3.187,5.763,2.344,0.0,0.0,0.0
2023-05-08 10:00:00,3.193,5.763,2.346,0.0,0.0,0.0
2023-05-08 11:00:00,3.194,5.763,2.346,0.0,0.5205933250171402,0.0
2023-05-08 12:00:00,3.193,5.763,2.35,2.7296145064280766,1.341294287268502,1.4241752157925172
2023-05-08 13:00:00,3.195,5.763,2.353,0.0,0.0,0.0
2023-05-08 14:00:00,3.189,5.763,2.353,0.0,0.0,0.0
2023-05-08 15:00:00,3.187,5.763,2.349,0.7387914586429581,0.0,0.0
2023-05-08 16:00:00,3.182,5.763,2.345,0.0,0.0,0.0
2023-05-08 17:00:00,3.182,5.763,2.342,0.0,0.0,0.0
2023-05-08 18:00:00,3.182,5.763,2.339,0.0,0.0,0.0
2023-05-08 19:00:00,3.183,5.763,2.335,0.10992652039221915,3.9074613487197016,1.8165067971566184
2023-05-08 20:00:00,3.179,5.763,2.338,0.0,0.0,0.0
2023-05-08 21:00:00,3.181,5.763,2.339,0.0,0.0,0.0
2023-05-08 22:00:00,3.178,5.763,2.339,0.0,0.0,0.0
2023-05-08 23:00:00,3.174,5.763,2.337,0.0,0.0,0.0
2023-05-09 00:00:00,3.178,5.763,2.336,0.0,0.0,0.0
2023-05-09 01:00:00,3.174,5.763,2.337,0.0,0.0,0.0
2023-05-09 02:00:00,3.177,5.763,2.335,3.0720839196198915,8.022029534056955,0.9355383622979889
2023-05-09 03:00:00,3.175,5.763,2.334,0.0,0.0,0.0
2023-05-09 04:00:00,3.173,5.763,2.337,0.0,0.0,0.0
2023-05-09 05:00:00,3.177,5.763,2.337,0.0,0.0,0.0
2023-05-09 06:00:00,3.176,5.763,2.339,0.0,0.0,0.0
2023-05-09 07:00:00,3.178,5.763,2.341,0.0,0.0,0.0
2023-05-09 08:00:00,3.186,5.763,2.344,0.0,0.0,0.0
2023-05-09 09:00:00,3.195,5.763,2.344,0.0,0.0,0.0
2023-05-09 10:00:00,3.196,5.763,2.346,0.0,0.0,0.0
2023-05-09 11:00:00,3.198,5.763,2.347,0.0,0.0,0.0
2023-05-09 12:00:00,3.199,5.763,2.351,0.0,0.0,0.0
2023-05-09 13:00:00,3.2,5.763,2.355,0.0,0.0,0.0
2023-05-09 14:00:00,3.196,1.033,2.354,0.0,0.0,0.0
2023-05-09 15:00:00,3.189,1.036,2.353,0.0,0.0,0.0
2023-05-09 16:00:00,3.185,1.034,2.348,4.122293534916432,0.35546621720794014,2.757838689810451
2023-05-09 17:00:00,3.188,1.032,2.344,0.0,0.0,0.0
2023-05-09 18:00:00,3.187,1.029,2.341,0.0,0.0,0.0
2023-05-09 19:00:00,3.18,1.027,2.34,0.0,0.0,0.0
2023-05-09 20:00:00,3.179,1.026,2.337,0.0,0.0,0.0
2023-05-09 21:00:00,3.183,1.024,2.338,0.0,0.0,0.0
2023-05-09 22:00:00,3.182,1.02,2.334,0.0,0.0,0.0
2023-05-09 23:00:00,3.178,1.02,2.334,0.0,0.0,0.0
2023-05-10 00:00:00,3.178,1.02,2.334,0.0,0.0,0.0
2023-05-10 01:00:00,3.175,1.02,2.33,4.192398662134783,0.0,0.0
2023-05-10 02:00:00,3.178,1.019,2.329,1.266318890794168,2.125010379771294,4.641023181024795
2023-05-10 03:00:00,3.174,1.018,2.326,0.0,0.0,0.0
2023-05-10 04:00:00,3.175,1.017,2.327,0.0,0.0,0.0
2023-05-10 05:00:00,3.173,1.015,2.326,0.0,0.0,5.281070136233209
2023-05-10 06:00:00,3.173,1.035,2.325,0.0,0.0,0.0
2023-05-10 07:00:00,3.185,1.024,2.328,0.0,0.0,0.0
2023-05-10 08:00:00,3.19,1.138,2.332,0.0,0.0,0.0
2023-05-10 09:00:00,3.192,1.139,2.333,0.0,0.0,0.0
2023-05-10 10:00:00,3.187,1.029,2.334,0.9678711642640575,0.0,0.0
2023-05-10 11:00:00,3.19,1.085,2.337,0.0,0.0,0.0
2023-05-10 12:00:00,3.189,1.141,2.339,0.0,0.0,0.0
2023-05-10 13:00:00,3.2,1.142,2.342,0.0,0.0,0.0
2023-05-10 14:00:00,3.199,1.142,2.34,7.4702220378902355,2.817697502268847,2.6447145520687405
2023-05-10 15:00:00,3.192,1.146,2.333,0.457618557873795,0.06168850121909918,1.8433865031569712
2023-05-10 16:00:00,3.191,1.143,2.326,0.11607454420219553,0.15208706190539145,0.9496956274815836
2023-05-10 17:00:00,3.191,1.017,2.333,0.0,0.0,0.0
2023-05-10 18:00:00,3.188,1.021,2.334,0.0,0.0,0.0
2023-05-10 19:00:00,3.188,1.011,2.328,3.545415639968996,0.7026359410683979,1.0628159272075903
2023-05-10 20:00:00,3.184,1.01,2.33,0.19427581109239292,0.06157875328836027,2.9788720052723017
2023-05-10 21:00:00,3.183,1.01,2.331,0.0,0.0,0.0
2023-05-10 22:00:00,3.185,1.009,2.333,0.0,0.0,0.0
2023-05-10 23:00:00,3.185,1.009,2.337,0.0,0.0,0.0
2023-05-11 00:00:00,3.18,1.009,2.344,0.0,0.0,0.0
2023-05-11 01:00:00,3.182,1.01,2.356,0.0,0.0,0.0
2023-05-11 02:00:00,3.179,1.01,2.37,0.0,0.0,0.0
2023-05-11 03:00:00,3.179,1.009,2.383,0.0,0.0,0.0
2023-05-11 04:00:00,3.18,2.226,2.394,0.0,0.0,5.7533674528622605
2023-05-11 05:00:00,3.178,1.01,2.4,0.3745442781947116,0.02324441872584621,3.1996643793462143
2023-05-11 06:00:00,3.18,1.134,2.401,0.12572488171911816,0.0,0.0
2023-05-11 07:00:00,3.185,1.14,2.403,0.0,0.0,0.0
2023-05-11 08:00:00,3.196,1.05,2.404,3.460061700451093,0.0,0.0
2023-05-11 09:00:00,3.201,1.048,2.401,0.0,0.0,0.0
2023-05-11 10:00:00,3.202,1.149,2.399,0.0,0.0,0.0
2023-05-11 11:00:00,3.201,1.038,2.393,0.0,0.0,0.0
2023-05-11 12:00:00,3.2,1.142,2.392,0.0,0.0,0.0
2023-05-11 13:00:00,3.203,1.144,2.39,0.0,0.0,0.0
2023-05-11 14:00:00,3.199,1.144,2.385,0.0,0.0,0.0
2023-05-11 15:00:00,3.199,1.147,2.376,0.0,0.0,0.0
2023-05-11 16:00:00,3.193,1.037,2.37,0.0,0.0,0.0
2023-05-11 17:00:00,3.191,1.143,2.368,0.0,0.0,0.0
2023-05-11 18:00:00,3.19,1.143,2.362,0.0,0.0,0.0
2023-05-11 19:00:00,3.187,1.141,2.356,0.0,0.0,0.0
2023-05-11 20:00:00,3.188,1.138,2.351,0.0,0.0,7.672989724946467
2023-05-11 21:00:00,3.185,1.139,2.346,0.0,0.0,0.0
2023-05-11 22:00:00,3.186,1.138,2.345,0.044109788749102104,12.548674682297506,7.103018228070766
2023-05-11 23:00:00,3.184,1.136,2.343,0.6107835387967029,0.7949698320561778,2.3666403407870273
2023-05-12 00:00:00,3.182,1.136,2.339,0.07773474886130011,0.0,0.0
2023-05-12 01:00:00,3.18,1.134,2.339,0.0,0.0,0.0
2023-05-12 02:00:00,3.181,1.135,2.336,0.0,0.0,0.0
2023-05-12 03:00:00,3.18,1.134,2.335,0.0,0.0,0.0
2023-05-12 04:00:00,3.177,1.132,2.333,0.0,0.0,0.0
2023-05-12 05:00:00,3.179,1.133,2.331,0.0,0.0,0.0
2023-05-12 06:00:00,3.178,1.012,2.33,0.0,0.0,0.0
2023-05-12 07:00:00,3.183,1.001,2.332,0.0,0.0,0.0
2023-05-12 08:00:00,3.184,1.015,2.334,0.0,0.0,0.0
2023-05-12 09:00:00,3.187,1.027,2.334,0.0,0.0,0.0
2023-05-12 10:00:00,3.186,1.141,2.335,0.0,0.0,0.0
2023-05-12 11:00:00,3.193,1.016,2.338,0.0,0.0,0.0
2023-05-12 12:00:00,3.194,1.017,2.341,0.0,0.0,0.0
2023-05-12 13:00:00,3.195,1.017,2.343,0.02975882506686105,4.5066503292748745,19.451758047869557
2023-05-12 14:00:00,3.188,1.019,2.341,0.0,0.0,0.0
2023-05-12 15:00:00,3.187,1.02,2.34,0.0,0.0,0.0
2023-05-12 16:00:00,3.184,1.017,2.336,0.0,0.09220713473434722,0.0
2023-05-12 17:00:00,3.184,1.014,2.333,0.0,0.0,0.0
2023-05-12 18:00:00,3.184,1.014,2.332,0.8070868839442681,0.0,0.0
2023-05-12 19:00:00,3.181,1.012,2.331,0.0,0.0,0.0
2023-05-12 20:00:00,3.178,1.012,2.327,0.0,0.0,0.0
2023-05-12 21:00:00,3.175,1.012,2.327,1.4953735068438259,1.9810228650876205,3.3938727779476685
2023-05-12 22:00:00,3.178,1.011,2.326,0.0,0.0,0.0
2023-05-12 23:00:00,3.172,1.009,2.322,0.0,0.0,0.0
2023-05-13 00:00:00,3.174,1.009,2.322,0.0,0.0,0.0
2023-05-13 01:00:00,3.175,1.009,2.323,5.231228560654702,0.020175279167320533,0.061318016676255936
2023-05-13 02:00:00,3.173,1.008,2.321,0.0,0.0,0.0
2023-05-13 03:00:00,3.17,1.007,2.321,0.0,0.0,0.0
2023-05-13 04:00:00,3.171,1.012,2.32,0.6802221569596747,1.9787713322030298,0.7313357409581133
2023-05-13 05:00:00,3.167,1.013,2.317,0.0,0.0,0.0
2023-05-13 06:00:00,3.172,1.013,2.318,0.5181345192290047,0.6400976178220621,7.477074288333034
2023-05-13 07:00:00,3.175,1.019,2.321,0.0,0.0,0.0
2023-05-13 08:00:00,3.189,1.016,2.325,4.47074167297042,0.0,0.0
2023-05-13 09:00:00,3.194,1.02,2.327,0.0,0.0,0.0
2023-05-13 10:00:00,3.198,1.141,2.327,0.0,0.0,0.0
2023-05-13 11:00:00,3.1959999999999997,1.143,2.331,0.0,0.0,0.0
2023-05-13 12:00:00,3.194,1.141,2.333,0.0,0.0,0.0
2023-05-13 13:00:00,3.2,1.14,2.336,0.0,0.0,0.0
2023-05-13 14:00:00,3.192,1.142,2.336,0.0,0.0,0.0
2023-05-13 15:00:00,3.19,1.144,2.333,0.0,0.0,0.0
2023-05-13 16:00:00,3.186,1.142,2.329,0.0,0.7700349512518416,0.0
2023-05-13 17:00:00,3.179,1.14,2.327,0.0,0.0,0.0
2023-05-13 18:00:00,3.186,1.138,2.326,0.0,0.0,0.0
2023-05-13 19:00:00,3.184,1.136,2.322,1.1125873023441253,0.29625365111468127,3.1439379665001064
2023-05-13 20:00:00,3.1805,1.135,2.323,0.0,0.0,0.0
2023-05-13 21:00:00,3.177,1.134,2.32,0.0,0.0,0.0
2023-05-13 22:00:00,3.178,1.133,2.318,0.09965185755802444,5.118087210229166,2.947261865135699
2023-05-13 23:00:00,3.175,1.13,2.317,0.0,0.0,0.0
2023-05-14 00:00:00,3.172,1.131,2.317,0.0,0.0,0.0
2023-05-14 01:00:00,3.173,1.13,2.316,0.0,0.0,0.40924348203651134
2023-05-14 02:00:00,3.173,1.129,2.315,6.917014860405387,0.0,0.0
2023-05-14 03:00:00,3.171,1.128,2.315,0.0,1.6343213228830162,0.0
2023-05-14 04:00:00,3.171,1.128,2.313,2.4747087892723005,0.0,0.0
2023-05-14 05:00:00,3.173,1.128,2.315,0.0,0.0,0.0
2023-05-14 06:00:00,3.17,1.13,2.312,4.940027838732282,0.6151814725319964,1.904645000318176
2023-05-14 07:00:00,3.174,1.131,2.314,0.0,0.0,0.0
2023-05-14 08:00:00,3.179,1.132,2.315,1.610734495646422,4.354401004217233,5.26977430601663
2023-05-14 09:00:00,3.187,1.137,2.316,0.0,0.0,0.0
2023-05-14 10:00:00,3.198,1.135,2.317,0.0,0.0,0.0
2023-05-14 11:00:00,3.203,1.137,2.319,0.0,0.0,0.0
2023-05-14 12:00:00,3.208,1.137,2.321,0.0,0.0,0.0
2023-05-14 13:00:00,3.209,1.142,2.322,0.0,0.0,0.0
2023-05-14 14:00:00,3.209,1.1395,2.322,0.0,0.0,0.0
2023-05-14 15:00:00,3.208,1.137,2.321,0.0,0.0,0.0
2023-05-14 16:00:00,3.206,1.134,2.32,0.0,0.0,0.0
2023-05-14 17:00:00,3.202,1.133,2.314,0.0,0.0,0.0
2023-05-14 18:00:00,3.204,1.136,2.316,0.0,0.0,0.0
2023-05-14 19:00:00,3.201,1.136,2.313,0.0,0.0,1.1084705168134457
2023-05-14 20:00:00,3.1959999999999997,1.136,2.312,0.0,0.0,0.0
2023-05-14 21:00:00,3.191,1.135,2.311,0.0,0.0,0.0
2023-05-14 22:00:00,3.193,1.134,2.309,0.0,0.0,0.0
2023-05-14 23:00:00,3.195,1.133,2.311,0.0,0.0,0.0
2023-05-15 00:00:00,3.197,1.133,2.311,0.0,0.0,0.0
2023-05-15 01:00:00,3.197,1.132,2.31,0.0,0.0,0.0
2023-05-15 02:00:00,3.197,1.131,2.31,0.0,0.0,0.0
2023-05-15 03:00:00,3.195,1.132,2.311,0.0,0.0,0.0
2023-05-15 04:00:00,3.193,1.131,2.31,0.0,0.0,0.0
2023-05-15 05:00:00,3.197,1.132,2.309,0.0,0.0,0.0
2023-05-15 06:00:00,3.195,1.131,2.31,0.0,0.0,0.0
2023-05-15 07:00:00,3.193,1.136,2.313,0.0,0.0,0.0
2023-05-15 08:00:00,3.203,1.141,2.316,0.0,0.0,0.0
2023-05-15 09:00:00,3.212,1.147,2.317,0.0,0.0,0.0
2023-05-15 10:00:00,3.205,1.146,2.317,0.0,0.0,0.0
2023-05-15 11:00:00,3.197,1.146,2.319,0.0,0.0,0.0
2023-05-15 12:00:00,3.197,1.147,2.322,0.0,0.0,0.0
2023-05-15 13:00:00,3.198,1.144,2.322,0.0,0.0,0.0
2023-05-15 14:00:00,3.194,1.146,2.322,0.0,0.0,0.0
2023-05-15 15:00:00,3.192,1.1425,2.316,0.3215004131471413,0.3661109579475538,4.0936674582716535
2023-05-15 16:00:00,3.192,1.139,2.315,0.8724286488360677,4.250849737520254,0.24134426447469226
2023-05-15 17:00:00,3.19,1.142,2.309,1.5338724971557267,37.490776998786515,1.891636786224233
2023-05-15 18:00:00,3.19,1.14,2.306,1.302101088101045,0.5380707769383212,2.6956406372133705
2023-05-15 19:00:00,3.189,1.134,2.306,6.522721095524559,0.0,0.0
2023-05-15 20:00:00,3.183,1.134,2.303,0.0,0.0,0.0
2023-05-15 21:00:00,3.194,1.133,2.302,0.0,0.0,0.0
2023-05-15 22:00:00,3.197,1.127,2.301,0.0,0.0,0.0
2023-05-15 23:00:00,3.189,1.127,2.302,0.0,0.0,0.0
2023-05-16 00:00:00,3.19,1.126,2.3,0.0,0.0,0.0
2023-05-16 01:00:00,3.188,1.127,2.3025,0.0,0.0,0.0
2023-05-16 02:00:00,3.1895,1.125,2.305,0.0,0.0,0.0
2023-05-16 03:00:00,3.191,1.131,2.309,12.09794603811501,4.653268429744859,3.87253648179656
2023-05-16 04:00:00,3.19,1.115,2.312,0.0,0.0,0.0
2023-05-16 05:00:00,3.188,1.1179999999999999,2.316,0.0,0.0,0.0
2023-05-16 06:00:00,3.191,1.121,2.321,0.0,0.0,0.0
2023-05-16 07:00:00,3.191,1.128,2.325,0.0,0.0,0.0
2023-05-16 08:00:00,3.195,1.121,2.332,0.0,2.038569264118058,0.0
2023-05-16 09:00:00,3.194,1.126,2.335,0.0,0.0,0.0
2023-05-16 10:00:00,3.194,1.127,2.34,0.0,0.0,0.0
2023-05-16 11:00:00,3.201,1.122,2.344,0.0,0.0,0.0
2023-05-16 12:00:00,3.202,1.122,2.352,0.0,0.0,0.0
2023-05-16 13:00:00,3.2030000000000003,1.126,2.362,0.0,0.0,0.0
2023-05-16 14:00:00,3.204,1.014,2.375,0.08486581738324263,0.0,0.0
2023-05-16 15:00:00,3.2003333333333335,1.014,2.395,0.46857736277468215,0.6158304897365972,7.029201591697724
2023-05-16 16:00:00,3.1966666666666668,1.0165,2.423,0.0,0.0,0.0
2023-05-16 17:00:00,3.193,1.019,2.446,0.0,0.0,0.0
2023-05-16 18:00:00,3.191,1.01,2.459,0.0,0.0,0.0
2023-05-16 19:00:00,3.189,1.111,2.465,0.0,0.0,0.0
2023-05-16 20:00:00,3.185,1.101,2.462,0.0,0.0,0.0
2023-05-16 21:00:00,3.187,1.117,2.459,0.0,0.0,0.0
2023-05-16 22:00:00,3.1875,1.133,2.464,0.0,0.0,0.0
2023-05-16 23:00:00,3.188,1.1126666666666667,2.4676666666666667,1.3854063475718745,3.192993431994453,12.644368173853547
2023-05-17 00:00:00,3.1877500000000003,1.0923333333333334,2.4713333333333334,0.0,0.0,0.0
2023-05-17 01:00:00,3.1875,1.072,2.475,0.0,0.0,0.0
2023-05-17 02:00:00,3.1872499999999997,1.0696666666666668,2.477,0.0,0.0,0.0
2023-05-17 03:00:00,3.187,1.0673333333333332,2.479,0.0,0.0,0.0
2023-05-17 04:00:00,3.187,1.065,2.481,0.0,0.0,0.0
2023-05-17 05:00:00,3.1873272727272726,1.0654074074074074,2.4806296296296293,0.0,0.0,0.0
2023-05-17 06:00:00,3.1876545454545453,1.0658148148148148,2.480259259259259,0.0,0.0,0.0
2023-05-17 07:00:00,3.187981818181818,1.0662222222222222,2.4798888888888886,0.0,0.0,0.0
2023-05-17 08:00:00,3.1883090909090908,1.0666296296296296,2.4795185185185185,0.0,0.0,0.0
2023-05-17 09:00:00,3.1886363636363635,1.067037037037037,2.479148148148148,0.0,0.0,0.0
2023-05-17 10:00:00,3.1889636363636362,1.0674444444444444,2.4787777777777777,0.0,0.0,0.0
2023-05-17 11:00:00,3.189290909090909,1.0678518518518518,2.478407407407407,0.0,0.0,0.0
2023-05-17 12:00:00,3.1896181818181817,1.0682592592592592,2.478037037037037,1.8911268067214173,0.0,0.0
2023-05-17 13:00:00,3.1899454545454544,1.0686666666666667,2.4776666666666665,0.0,0.0,0.0
2023-05-17 14:00:00,3.190272727272727,1.069074074074074,2.4772962962962963,1.5466156055968523,0.0,0.0
2023-05-17 15:00:00,3.1906,1.0694814814814815,2.4769259259259258,2.3584438443617426,5.002547714650467,2.4135360702597097
2023-05-17 16:00:00,3.1909272727272726,1.069888888888889,2.4765555555555556,0.34625952022780565,1.7066240894154459,2.2031692609696805
2023-05-17 17:00:00,3.1912545454545453,1.0702962962962963,2.476185185185185,0.08830647775387249,1.8116339771750656,3.9001255473054695
2023-05-17 18:00:00,3.191581818181818,1.0707037037037037,2.4758148148148145,0.13526216819603173,0.6070797243105021,2.942560396959678
2023-05-17 19:00:00,3.191909090909091,1.0711111111111111,2.4754444444444443,0.0,0.0,0.0
2023-05-17 20:00:00,3.1922363636363635,1.0715185185185185,2.4750740740740738,0.0,0.0,0.0
2023-05-17 21:00:00,3.1925636363636363,1.071925925925926,2.4747037037037036,0.0,0.0,0.0
2023-05-17 22:00:00,3.192890909090909,1.0723333333333334,2.474333333333333,0.0,0.0,0.0
2023-05-17 23:00:00,3.1932181818181817,1.0727407407407408,2.473962962962963,0.0,0.0,1.0108673611791894
2023-05-18 00:00:00,3.1935454545454545,1.0731481481481482,2.4735925925925923,0.0,0.0,0.0
2023-05-18 01:00:00,3.193872727272727,1.0735555555555556,2.473222222222222,1.821611089675782,2.520261221002049,6.412539874090715
2023-05-18 02:00:00,3.1942,1.073962962962963,2.4728518518518516,0.0,0.0,0.0
2023-05-18 03:00:00,3.1945272727272727,1.0743703703703704,2.4724814814814815,0.0,0.0,0.0
2023-05-18 04:00:00,3.1948545454545454,1.0747777777777778,2.472111111111111,1.5313065317715049,2.1807252886992905,1.865212849265692
2023-05-18 05:00:00,3.1948545454545454,1.0747777777777778,2.472111111111111,0.0,0.0,5.877568103561285
2023-05-18 06:00:00,3.1948545454545454,1.0747777777777778,2.472111111111111,0.0,0.0,0.0
2023-05-18 07:00:00,3.1952043887147337,1.0752142857142857,2.4717142857142855,23.483718104677934,0.0,0.0
2023-05-18 08:00:00,3.1955542319749215,1.0756507936507937,2.47131746031746,0.0,0.0,0.0
2023-05-18 09:00:00,3.1959040752351098,1.0760873015873016,2.4709206349206347,1.4630108102314066,8.652336661191018,0.6840277488579386
2023-05-18 10:00:00,3.1962539184952976,1.0765238095238097,2.4705238095238093,0.38667901918074515,4.339117331948953,0.8637787845531464
2023-05-18 11:00:00,3.196603761755486,1.0769603174603175,2.470126984126984,0.0,0.0,0.0
2023-05-18 12:00:00,3.196953605015674,1.0773968253968254,2.4697301587301586,0.0,0.0,0.0
2023-05-18 13:00:00,3.197303448275862,1.0778333333333334,2.469333333333333,0.0,0.0,0.0
2023-05-18 14:00:00,3.1976532915360503,1.0782698412698413,2.4689365079365078,0.0,0.0,0.0
2023-05-18 15:00:00,3.198003134796238,1.0787063492063493,2.4685396825396824,0.0,0.0,0.0
2023-05-18 16:00:00,3.1983529780564264,1.0791428571428572,2.468142857142857,0.0,0.0,0.0
2023-05-18 17:00:00,3.198702821316614,1.079579365079365,2.4677460317460316,0.0,0.0,0.0
2023-05-18 18:00:00,3.1990526645768025,1.080015873015873,2.467349206349206,0.6210916726745909,11.720297210992056,3.107226858639905
2023-05-18 19:00:00,3.1994025078369908,1.080452380952381,2.466952380952381,1.7216806996450493,5.277380629840538,2.2037690674832593
2023-05-18 20:00:00,3.1997523510971786,1.0808888888888888,2.4665555555555554,0.0,0.0,0.0
2023-05-18 21:00:00,3.200102194357367,1.0813253968253969,2.46615873015873,66.64795318277565,2.550950239386547,2.1048304600597305
2023-05-18 22:00:00,3.2004520376175547,1.0817619047619047,2.4657619047619046,0.0,0.0,0.0
2023-05-18 23:00:00,3.200801880877743,1.0821984126984128,2.465365079365079,0.0,0.0,0.0
2023-05-19 00:00:00,3.2011517241379313,1.0826349206349206,2.464968253968254,30.762978403470076,1.2892150501287456,4.738304020083016
2023-05-19 01:00:00,3.201501567398119,1.0830714285714285,2.4645714285714284,0.0,0.0,0.0
2023-05-19 02:00:00,3.2018514106583074,1.0835079365079365,2.464174603174603,0.0,0.0,0.0
2023-05-19 03:00:00,3.202201253918495,1.0839444444444444,2.4637777777777776,4.094525007827449,0.0,0.0
2023-05-19 04:00:00,3.2025510971786835,1.0843809523809524,2.4633809523809522,0.0,0.0,0.0
2023-05-19 05:00:00,3.2029009404388713,1.0848174603174603,2.462984126984127,0.0,0.0,0.0
2023-05-19 06:00:00,3.2032507836990596,1.0852539682539681,2.4625873015873014,0.5474322344789999,7.609407505835666,3.1407808752917017
2023-05-19 07:00:00,3.2032507836990596,1.0852539682539681,2.4625873015873014,0.0,0.0,0.0
2023-05-19 08:00:00,3.2032507836990596,1.0852539682539681,2.4625873015873014,0.9285086017885816,0.0,0.0
2023-05-19 09:00:00,3.2032507836990596,1.0852539682539681,2.4625873015873014,0.0,0.18603780616630686,0.0
2023-05-19 10:00:00,3.2032507836990596,1.087,2.461,0.0,0.0,0.0
2023-05-19 11:00:00,3.205,1.08225,2.47675,0.0,0.0,0.0
2023-05-19 12:00:00,3.206,1.0775000000000001,2.4924999999999997,3.2702088517364825,3.3135151580619686,1.405069686654693
2023-05-19 13:00:00,3.2055,1.07275,2.50825,0.4541467612405147,0.9948886326250634,30.77633979906845
2023-05-19 14:00:00,3.205,1.068,2.524,0.0,0.0,0.0
2023-05-19 15:00:00,3.2030000000000003,1.0785,2.5629999999999997,0.0,0.0,0.0
2023-05-19 16:00:00,3.201,1.089,2.602,0.0,0.0,0.0
2023-05-19 17:00:00,3.203,1.1065,2.6175,2.8574602298923075,1.5032701893387106,0.6176307043034581
2023-05-19 18:00:00,3.2,1.124,2.633,0.0,0.0,0.0
2023-05-19 19:00:00,3.197,1.115,2.6363333333333334,0.0,0.0,0.0
2023-05-19 20:00:00,3.195,1.106,2.6396666666666664,0.0,0.0,0.0
2023-05-19 21:00:00,3.193,1.097,2.643,0.0,0.0,0.0
2023-05-19 22:00:00,3.191,1.0968571428571428,2.6427142857142853,0.0,0.0,0.0
2023-05-19 23:00:00,3.191,1.0967142857142858,2.6424285714285713,0.0,0.0,0.0
2023-05-20 00:00:00,3.19,1.0965714285714285,2.642142857142857,1.562265830300372,6.862034398557724,2.1688640090314757
2023-05-20 01:00:00,3.189,1.0964285714285715,2.641857142857143,0.0,0.0,0.0
2023-05-20 02:00:00,3.189,1.0962857142857143,2.6415714285714285,1.417641077886156,0.0,0.0
2023-05-20 03:00:00,3.1902,1.0961428571428573,2.6412857142857145,0.0,0.0,0.0
2023-05-20 04:00:00,3.1914,1.096,2.641,0.0,0.0,0.0
2023-05-20 05:00:00,3.1926,1.0966666666666667,2.628,0.0,0.0,0.0
2023-05-20 06:00:00,3.1938,1.0973333333333335,2.615,0.0,0.0,0.0
2023-05-20 07:00:00,3.195,1.098,2.6055,0.0,0.0,0.0
2023-05-20 08:00:00,3.1986666666666665,1.0986666666666667,2.596,0.0,0.0,0.0
2023-05-20 09:00:00,3.2023333333333333,1.0993333333333335,2.5869999999999997,0.0,0.0,0.0
2023-05-20 10:00:00,3.206,1.1,2.578,0.0,0.0,0.0
2023-05-20 11:00:00,3.2066666666666666,1.096,2.57,0.11373196174405786,0.4525825733311184,0.7599916696790008
2023-05-20 12:00:00,3.2073333333333336,1.08,2.564,0.0,0.0,0.0
2023-05-20 13:00:00,3.208,1.08425,2.559,0.0,0.0,0.0
2023-05-20 14:00:00,3.205,1.0885,2.5486666666666666,0.0,0.0,0.0
2023-05-20 15:00:00,3.202,1.09275,2.5383333333333336,0.0,0.0,0.0
2023-05-20 16:00:00,3.1990000000000003,1.097,2.528,0.0,0.0,12.285093635403314
2023-05-20 17:00:00,3.196,1.097,2.519,0.0,0.0,0.0
2023-05-20 18:00:00,3.192142857142857,1.1019999999999999,2.5115,0.0,0.0,0.0
2023-05-20 19:00:00,3.1882857142857146,1.107,2.504,0.0,0.0,0.0
2023-05-20 20:00:00,3.1844285714285716,1.1068888888888888,2.497,2.0448602789610697,4.387969097603858,2.340054601573477
2023-05-20 21:00:00,3.1805714285714286,1.1067777777777779,2.49,0.0,0.0,0.0
2023-05-20 22:00:00,3.1767142857142856,1.1066666666666667,2.483,0.35945856199952286,0.07555528452723016,1.7289623253299857
2023-05-20 23:00:00,3.172857142857143,1.1065555555555555,2.4835000000000003,0.0,0.0,0.0
2023-05-21 00:00:00,3.169,1.1064444444444446,2.484,0.0,0.0,0.0
2023-05-21 01:00:00,3.1795,1.1063333333333334,2.4844999999999997,0.0,0.0,0.0
2023-05-21 02:00:00,3.19,1.1062222222222222,2.485,0.0,0.0,0.0
2023-05-21 03:00:00,3.190714285714286,1.1061111111111113,2.4844999999999997,2.0157184245441773,2.3984820059770717,0.11917546627266756
2023-05-21 04:00:00,3.1914285714285713,1.106,2.484,0.0,0.0,0.0
2023-05-21 05:00:00,3.192142857142857,1.102,2.483,0.0,0.0,0.0
2023-05-21 06:00:00,3.1928571428571426,1.108,2.4915000000000003,0.06626711735539534,0.35260340346688607,0.37740292680210946
2023-05-21 07:00:00,3.1935714285714285,1.114,2.5,0.0,0.0,7.816405933157678
2023-05-21 08:00:00,3.194285714285714,1.1199999999999999,2.5085,0.0,0.0,0.0
2023-05-21 09:00:00,3.195,1.126,2.517,0.0,0.0,0.0
2023-05-21 10:00:00,3.195,1.132,2.533,2.0062127792352866,15.079166113647858,0.0
2023-05-21 11:00:00,3.195333333333333,1.17,2.551,0.0,0.0,0.0
2023-05-21 12:00:00,3.195666666666667,1.177,2.5471250000000003,2.901571173427034,1.728412239470595,5.360260902050996
2023-05-21 13:00:00,3.196,1.184,2.54325,0.0,0.0,0.0
2023-05-21 14:00:00,3.193,1.1909999999999998,2.539375,0.0,0.0,0.0
2023-05-21 15:00:00,3.194,1.198,2.5355,0.0,0.0,0.0
2023-05-21 16:00:00,3.193,1.205,2.531625,0.0,0.0,0.0
2023-05-21 17:00:00,3.192,1.212,2.52775,0.0,0.0,0.1737028169710233
2023-05-21 18:00:00,3.191,1.2189999999999999,2.523875,0.0,0.0,0.0
2023-05-21 19:00:00,3.19,1.226,2.52,0.0,0.0,0.0
2023-05-21 20:00:00,3.189,1.2236666666666667,2.5234,0.8078383123176969,1.8892565254830362,0.5474947675410964
2023-05-21 21:00:00,3.1896666666666667,1.2213333333333334,2.5268,0.0,13.942139375023915,0.0
2023-05-21 22:00:00,3.1903333333333332,1.2189999999999999,2.5302,0.10210132483831144,0.34358966148029774,12.818898564577559
2023-05-21 23:00:00,3.191,1.2166666666666666,2.5336,0.0,0.0,0.0
2023-05-22 00:00:00,3.188,1.2143333333333333,2.537,0.0,0.0,0.0
2023-05-22 01:00:00,3.1877500000000003,1.212,2.5601666666666665,0.0,0.0,0.0
2023-05-22 02:00:00,3.1875,1.2096666666666667,2.5833333333333335,0.0,0.0,0.0
2023-05-22 03:00:00,3.1872499999999997,1.2073333333333334,2.6065,0.0,0.0,0.0
2023-05-22 04:00:00,3.187,1.205,2.6296666666666666,0.0,0.0,0.0
2023-05-22 05:00:00,3.1864999999999997,1.2026666666666666,2.6528333333333336,0.43970806323717526,0.19607294567245137,0.7441080955175541
2023-05-22 06:00:00,3.186,1.2003333333333333,2.676,0.0,0.0,3.6124161926767493
2023-05-22 07:00:00,3.189,1.198,2.669,0.0,0.0,0.0
2023-05-22 08:00:00,3.192,1.1985000000000001,2.6595,0.0,0.0,0.0
2023-05-22 09:00:00,3.1919375000000003,1.199,2.65,0.0,0.0,0.0
2023-05-22 10:00:00,3.191875,1.2014615384615386,2.6412,0.0,0.0,0.0
2023-05-22 11:00:00,3.1918125,1.203923076923077,2.6324,0.0,0.0,0.0
2023-05-22 12:00:00,3.19175,1.2063846153846154,2.6235999999999997,0.133228270899312,4.164503314065803,1.8154797119460713
2023-05-22 13:00:00,3.1916875,1.208846153846154,2.6148,0.0,0.0,0.0
2023-05-22 14:00:00,3.191625,1.2113076923076924,2.606,0.022907143040526448,1.637410701977242,1.351876235414165
2023-05-22 15:00:00,3.1915625,1.213769230769231,2.5972,0.0,0.0,0.0
2023-05-22 16:00:00,3.1915,1.2162307692307692,2.5884,0.0,0.0,0.0
2023-05-22 17:00:00,3.1914375,1.2186923076923077,2.5795999999999997,0.0,0.0,0.0
2023-05-22 18:00:00,3.191375,1.2211538461538463,2.5707999999999998,0.0,0.0,0.0
2023-05-22 19:00:00,3.1913125,1.2236153846153848,2.562,0.0,0.0,0.0
2023-05-22 20:00:00,3.19125,1.226076923076923,2.5532,0.0,0.0,0.0
2023-05-22 21:00:00,3.1911875,1.2285384615384616,2.5444,1.3203712166652875,2.2958067368269113,3.317029918268903
2023-05-22 22:00:00,3.191125,1.231,2.5355999999999996,0.0,0.0,0.0
2023-05-22 23:00:00,3.1910624999999997,3.497,2.5267999999999997,1.7739135895565312,4.842426039895138,0.47535978082090946
2023-05-23 00:00:00,3.191,5.763,2.518,0.0,1.2355309482747743,0.0
2023-05-23 01:00:00,3.188,5.763,2.513,0.5069250964918824,1.8146779751883315,0.0007163681161395417
2023-05-23 02:00:00,3.189,5.763,2.506,0.0,0.9998805951942273,4.372085912970469
2023-05-23 03:00:00,3.187,5.763,2.502,0.0,1.7943579729625099,0.0
2023-05-23 04:00:00,3.189,5.763,2.496,0.0,0.0,0.0
2023-05-23 05:00:00,3.187,5.763,2.492,0.0,0.0,0.0
2023-05-23 06:00:00,3.185,5.763,2.488,0.0,0.0,0.0
2023-05-23 07:00:00,3.19,5.763,2.487,0.07507855450073993,2.329653163734215,0.36817649221810694
2023-05-23 08:00:00,3.192,5.763,2.484,0.0,0.0,0.0
2023-05-23 09:00:00,3.202,5.763,2.486,0.0,0.0,0.0
2023-05-23 10:00:00,3.207,5.763,2.485,3.9020381761594862,0.0,0.0
2023-05-23 11:00:00,3.207,5.763,2.482,0.7941275373885129,10.997060525794147,4.534872108947343
2023-05-23 12:00:00,3.207,5.763,2.484,0.0,0.0,0.0
2023-05-23 13:00:00,3.204,5.763,2.489,0.0,0.0,0.0
2023-05-23 14:00:00,3.203,5.763,2.493,0.0,1.2522321762788435,0.0
2023-05-23 15:00:00,3.201,5.763,2.494,4.570764733168189,4.718010218908822,5.147451954846266
2023-05-23 16:00:00,3.197,5.763,2.493,0.0,0.0,0.0
2023-05-23 17:00:00,3.197,5.763,2.492,0.0,0.0,0.0
2023-05-23 18:00:00,3.198,5.763,2.49,0.0,0.0,0.0
2023-05-23 19:00:00,3.193,5.763,2.49,3.0128559208718557,8.54595930228487,3.0661420860602666
2023-05-23 20:00:00,3.195,5.763,2.488,0.0,0.39486367549357765,0.0
2023-05-23 21:00:00,3.191,5.763,2.495,0.0,0.0,0.0
2023-05-23 22:00:00,3.191,5.763,2.504,0.0,0.0,0.0
2023-05-23 23:00:00,3.191,5.763,2.525,0.0,0.0,0.0
2023-05-24 00:00:00,3.186,5.763,2.554,0.0,0.0,0.0
2023-05-24 01:00:00,3.185,5.763,2.585,0.0,0.0,0.0
2023-05-24 02:00:00,3.186,5.763,2.608,4.332148014557396,0.7126694598937904,0.6456808098000454
2023-05-24 03:00:00,3.186,5.763,2.629,0.0,0.0,0.0
2023-05-24 04:00:00,3.185,5.763,2.658,0.0,0.0,0.0
2023-05-24 05:00:00,3.186,5.763,2.696,0.0,0.0,0.0
2023-05-24 06:00:00,3.185,5.763,2.73,0.0,0.0,0.0
2023-05-24 07:00:00,3.189,5.763,2.756,0.0,0.0,0.0
2023-05-24 08:00:00,3.19,5.763,2.769,0.0,0.0,0.0
2023-05-24 09:00:00,3.196,5.763,2.767,0.0,0.0,6.7453750012099585
2023-05-24 10:00:00,3.204,5.763,2.75,0.3641372739482946,0.21859117207355852,45.527783078627294
2023-05-24 11:00:00,3.206,5.763,2.73,0.0,0.0,0.0
2023-05-24 12:00:00,3.201,5.763,2.71,0.0,0.0,0.0
2023-05-24 13:00:00,3.203,5.763,2.69,0.3266873760062125,0.0,0.0
2023-05-24 14:00:00,3.198,5.763,2.675,0.0,0.0,0.0
2023-05-24 15:00:00,3.198,5.763,2.64,0.40360221647919875,0.028644258442613698,0.0776713088985115
2023-05-24 16:00:00,3.194,5.763,2.636,0.02549329551510634,0.34080335201379286,5.851503411498364
2023-05-24 17:00:00,3.192,5.763,2.62,0.0,0.0,0.0
2023-05-24 18:00:00,3.191,5.763,2.603,0.0,0.0,0.0
2023-05-24 19:00:00,3.188,5.763,2.594,0.0,0.0,0.0
2023-05-24 20:00:00,3.188,5.763,2.582,0.0,0.0,0.0
2023-05-24 21:00:00,3.186,5.763,2.572,0.0,0.0,0.0
2023-05-24 22:00:00,3.186,5.763,2.566,0.0,0.0,0.0
2023-05-24 23:00:00,3.182,5.763,2.558,2.2382741719134045,0.30755926867639904,0.5344050627468266
2023-05-25 00:00:00,3.186,5.763,2.552,0.0,0.0,0.0
2023-05-25 01:00:00,3.183,5.763,2.545,0.0,0.0,0.0
2023-05-25 02:00:00,3.181,5.763,2.538,0.0,0.0,0.0
2023-05-25 03:00:00,3.18,5.763,2.533,0.0,0.0,0.0
2023-05-25 04:00:00,3.181,5.763,2.527,0.0,0.0,0.0
2023-05-25 05:00:00,3.183,5.763,2.523,4.6862712789748295,2.2615866006506398,4.441470791397904
2023-05-25 06:00:00,3.185,5.763,2.52,0.0,0.0,0.0
2023-05-25 07:00:00,3.19,5.763,2.52,4.64718569713543,2.724896659703687,6.073720927851376
2023-05-25 08:00:00,3.201,5.763,2.52,2.3289531267669443,0.4297901605033931,5.099177828531542
2023-05-25 09:00:00,3.206,5.763,2.517,0.2192574589512012,5.159113711246412,0.9848582400980914
2023-05-25 10:00:00,3.204,5.763,2.515,1.014768632676491,0.9786845395487164,15.086305456199977
2023-05-25 11:00:00,3.204,5.763,2.514,0.0,0.0,0.0
2023-05-25 12:00:00,3.204,5.763,2.513,0.0,0.0,0.0
2023-05-25 13:00:00,3.205,5.763,2.512,0.4114887795496575,1.9613701588760273,3.3717492956825774
2023-05-25 14:00:00,3.201,5.763,2.509,0.0,0.0,0.0
2023-05-25 15:00:00,3.204,5.763,2.505,0.0,0.0,0.0
2023-05-25 16:00:00,3.203,5.763,2.496,3.083208150881721,4.294472219052054,0.35384029594037014
2023-05-25 17:00:00,3.205,5.763,2.492,0.0,0.0,0.0
2023-05-25 18:00:00,3.202,5.763,2.487,0.0,0.0,0.0
2023-05-25 19:00:00,3.203,5.763,2.482,0.0,0.0,0.0
2023-05-25 20:00:00,3.2,5.763,2.478,0.0,0.0,0.0
2023-05-25 21:00:00,3.202,5.763,2.475,0.0,0.0,0.0
2023-05-25 22:00:00,3.201,5.763,2.47,1.2748867620729318,0.0,0.0
2023-05-25 23:00:00,3.197,5.763,2.47,0.0,0.0,0.0
2023-05-26 00:00:00,3.198,5.763,2.467,3.2700000185957006,0.11062665136836237,0.7966703929244021
2023-05-26 01:00:00,3.19,5.763,2.447,0.0,0.0,0.0
2023-05-26 02:00:00,3.195,5.763,2.494,0.0,0.0,0.0
2023-05-26 03:00:00,3.193,5.763,2.493,0.0,0.0,0.0
2023-05-26 04:00:00,3.189,5.763,2.494,0.0,0.0,0.0
2023-05-26 05:00:00,3.193,5.763,2.495,0.0,0.0,0.0
2023-05-26 06:00:00,3.189,5.763,2.501,0.0,0.0,0.0
2023-05-26 07:00:00,3.192,5.763,2.509,0.0,0.0,0.6871576678679786
2023-05-26 08:00:00,3.193,5.763,2.521,0.0,0.0,0.0
2023-05-26 09:00:00,3.195,5.763,2.543,7.899356833555563,4.717851409178858,0.2858177230249035
2023-05-26 10:00:00,3.196,5.763,2.573,0.0,0.0,0.0
2023-05-26 11:00:00,3.202,5.763,2.607,0.0,0.0,0.0
2023-05-26 12:00:00,3.204,5.763,2.635,0.0,0.0,0.0
2023-05-26 13:00:00,3.206,5.763,2.652,0.0,5.530792926129779,0.0
2023-05-26 14:00:00,3.2,5.763,2.66,1.9298377335576817,0.7652766924458175,4.520315589827055
2023-05-26 15:00:00,3.204,5.763,2.659,0.9492762584381731,3.5925296650343808,1.8861579373212378
2023-05-26 16:00:00,3.199,5.763,2.65,0.0,0.0,0.0
2023-05-26 17:00:00,3.196,5.763,2.64,0.0,0.0,0.0
2023-05-26 18:00:00,3.198,5.763,2.627,0.0,0.0,0.0
2023-05-26 19:00:00,3.198,5.763,2.614,0.0,0.0,0.0
2023-05-26 20:00:00,3.198,5.763,2.601,0.0,0.0,0.4724641505317039
2023-05-26 21:00:00,3.192,5.763,2.589,0.10671995134001522,80.0,6.623834788175096
2023-05-26 22:00:00,3.193,5.763,2.576,0.0,0.0,0.0
2023-05-26 23:00:00,3.196,5.763,2.568,0.0,0.0,0.0
2023-05-27 00:00:00,3.162,5.763,2.556,0.0,0.0,0.0
2023-05-27 01:00:00,3.191,5.763,2.548,0.0,0.0,3.6342069030088155
2023-05-27 02:00:00,3.19,5.763,2.542,0.0,0.0,1.9539557950665518
2023-05-27 03:00:00,3.191,5.763,2.536,0.03809656143286609,0.0,0.0
2023-05-27 04:00:00,3.189,5.763,2.532,0.0,0.0,0.0
2023-05-27 05:00:00,3.187,5.763,2.528,0.0,0.0,0.0
2023-05-27 06:00:00,3.19,5.763,2.526,0.0,0.0,0.0
2023-05-27 07:00:00,3.191,5.763,2.522,0.0,0.0,0.0
2023-05-27 08:00:00,3.193,5.763,2.52,1.5490645420864533,0.30368975833984346,0.219869431949196
2023-05-27 09:00:00,3.197,5.763,2.516,0.0,0.0,0.0
2023-05-27 10:00:00,3.192,5.763,2.516,0.0,0.0,0.0
2023-05-27 11:00:00,3.187,5.763,2.516,0.7147831990386775,1.6282295277738954,1.6230249023179848
2023-05-27 12:00:00,3.19,5.763,2.517,0.0,0.0,0.0
2023-05-27 13:00:00,3.195,5.763,2.513,0.0,0.0,0.0
2023-05-27 14:00:00,3.195,5.763,2.507,2.2877308817093462,0.3433508503388878,5.435153286195923
2023-05-27 15:00:00,3.195,5.763,2.502,0.0,0.0,0.0
2023-05-27 16:00:00,3.192,5.763,2.504,0.012202918254901697,2.583727168730198,1.108188915191517
2023-05-27 17:00:00,3.19,5.763,2.508,0.0,0.0,0.0
2023-05-27 18:00:00,3.189,5.763,2.513,0.0,0.0,0.0
2023-05-27 19:00:00,3.19,5.763,2.516,0.0,0.0,0.0
2023-05-27 20:00:00,3.188,5.763,2.516,2.153952547757055,5.897719612327087,1.0054504164717764
2023-05-27 21:00:00,3.186,5.763,2.511,0.0,0.0,0.0
2023-05-27 22:00:00,3.189,5.763,2.51,1.570543280543182,1.3894481161974033,0.44514678455716583
2023-05-27 23:00:00,3.188,5.763,2.505,0.0,0.0,0.0
2023-05-28 00:00:00,3.189,5.763,2.502,0.0,0.0,0.0
2023-05-28 01:00:00,3.184,5.763,2.499,4.88745509349609,1.2926737107570017,0.003974883272332287
2023-05-28 02:00:00,3.19,5.763,2.497,0.0,0.0,0.0
2023-05-28 03:00:00,3.188,5.763,2.493,0.0,0.25093396538555857,0.0
2023-05-28 04:00:00,3.185,5.763,2.491,0.7161837406374695,0.7716296812646591,0.185888548532515
2023-05-28 05:00:00,3.188,5.763,2.489,0.0,0.0,0.0
2023-05-28 06:00:00,3.19,5.763,2.486,1.3666114491750414,7.503769010998409,0.16755717563182948
2023-05-28 07:00:00,3.191,5.763,2.487,16.78256947653795,0.29427768679356114,0.736557190305178
2023-05-28 08:00:00,3.193,5.763,2.487,1.4082761926093947,0.39567948814069903,1.2897748275916487
2023-05-28 09:00:00,3.202,5.763,2.487,0.0,0.0,0.0
2023-05-28 10:00:00,3.207,5.763,2.488,0.0,0.0,0.0
2023-05-28 11:00:00,3.205,5.763,2.49,0.0,0.0,0.0
2023-05-28 12:00:00,3.203,5.763,2.491,0.0,0.0,0.0
2023-05-28 13:00:00,3.206,5.763,2.49,0.0,0.0,0.0
2023-05-28 14:00:00,3.198,5.763,2.487,0.0,0.0,0.0
2023-05-28 15:00:00,3.2,5.763,2.482,0.0,0.0,0.0
2023-05-28 16:00:00,3.194,5.763,2.475,0.0,0.0,0.0
2023-05-28 17:00:00,3.183,5.763,2.471,0.0,0.0,0.0
2023-05-28 18:00:00,3.185,5.763,2.476,4.4597674442609545,4.3861453083955,4.105401762670474
2023-05-28 19:00:00,3.183,5.763,2.476,0.0006082815812172667,11.437562033285802,0.4582885536867647
2023-05-28 20:00:00,3.18,5.763,2.473,0.0,0.0,0.0
2023-05-28 21:00:00,3.181,5.763,2.472,0.0,0.0,0.0
2023-05-28 22:00:00,3.178,5.763,2.472,2.4223916322946493,2.891630556685154,0.012936089324650651
2023-05-28 23:00:00,3.177,5.763,2.473,1.2966883878484774,0.0,0.0
2023-05-29 00:00:00,3.178,5.763,2.474,0.42333185167942394,2.305151918496009,0.6402147666481549
2023-05-29 01:00:00,3.178,5.763,2.475,0.0,0.0,0.0
2023-05-29 02:00:00,3.18,5.763,2.476,3.1231330251672302,4.667629632923157,0.08009286979631497
2023-05-29 03:00:00,3.177,5.763,2.478,0.0,0.0,0.0
2023-05-29 04:00:00,3.178,5.763,2.478,0.0,0.0,0.0
2023-05-29 05:00:00,3.177,5.763,2.48,0.0,0.0,0.0
2023-05-29 06:00:00,3.175,5.763,2.481,0.0,0.0,0.0
2023-05-29 07:00:00,3.182,5.763,2.487,0.0,0.0,0.0
2023-05-29 08:00:00,3.191,5.763,2.492,0.0,0.0,0.0
2023-05-29 09:00:00,3.201,5.763,2.493,0.0,0.0,0.0
2023-05-29 10:00:00,3.198,5.763,2.493,0.0,0.0,0.0
2023-05-29 11:00:00,3.201,5.763,2.493,0.0,0.0,0.0
2023-05-29 12:00:00,3.199,5.763,2.494,0.8294543630756809,5.084493830645955,1.1706617145933493
2023-05-29 13:00:00,3.197,5.763,2.495,0.0,0.0,0.0
2023-05-29 14:00:00,3.195,5.763,2.494,0.0,0.0,0.0
2023-05-29 15:00:00,3.194,5.763,2.493,0.6136244547669663,7.7762357398646165,3.0576884523425805
2023-05-29 16:00:00,3.189,5.763,2.485,0.0,0.0,0.0
2023-05-29 17:00:00,3.189,5.763,2.483,0.0,0.0,0.0
2023-05-29 18:00:00,3.187,5.763,2.478,0.0,0.0,0.0
2023-05-29 19:00:00,3.189,5.763,2.473,0.0,0.0,0.0
2023-05-29 20:00:00,3.186,5.763,2.468,0.0,0.0,0.0
2023-05-29 21:00:00,3.186,5.763,2.467,0.0,0.0,0.0
2023-05-29 22:00:00,3.187,5.763,2.464,0.0,0.0,0.0
2023-05-29 23:00:00,3.182,5.763,2.461,0.0,0.0,0.0
2023-05-30 00:00:00,3.185,5.763,2.458,0.0,0.0,0.0
2023-05-30 01:00:00,3.184,5.763,2.455,3.997016824532119,0.9409393348842815,1.8163470214023065
2023-05-30 02:00:00,3.184,5.763,2.451,0.0,0.0,0.0
2023-05-30 03:00:00,3.179,5.763,2.451,0.0,0.0,0.0
2023-05-30 04:00:00,3.179,5.763,2.447,0.0,0.0,0.0
2023-05-30 05:00:00,3.176,5.763,2.446,0.0,0.0,0.0
2023-05-30 06:00:00,3.178,5.763,2.445,0.0,0.7120023833992772,0.0
2023-05-30 07:00:00,3.186,5.763,2.448,0.0,0.0,0.0
2023-05-30 08:00:00,3.199,5.763,2.45,36.84367103826198,1.3204821290500797,0.43692362193734746
2023-05-30 09:00:00,3.205,5.763,2.451,1.8927656062913951,0.3878499022791887,1.1757837227663546
2023-05-30 10:00:00,3.206,5.763,2.45,0.12083171426655073,1.703501486414592,1.014261252902103
2023-05-30 11:00:00,3.207,5.763,2.451,3.1341188874600148,0.1569811192932169,6.750503974222487
2023-05-30 12:00:00,3.202,5.763,2.451,0.0,0.0,0.0
2023-05-30 13:00:00,3.204,5.763,2.453,0.0,0.0,0.0
2023-05-30 14:00:00,3.211,5.763,2.452,0.0,0.0,0.0
2023-05-30 15:00:00,3.206,5.763,2.449,0.0,0.0,0.0
2023-05-30 16:00:00,3.208,5.763,2.445,0.0,0.0,0.0
2023-05-30 17:00:00,3.202,5.763,2.438,0.0,0.0,0.0
2023-05-30 18:00:00,3.203,5.763,2.437,0.0,0.0,0.0
2023-05-30 19:00:00,3.2,5.763,2.434,0.0,0.0,0.0
2023-05-30 20:00:00,3.201,5.763,2.43,0.0,0.0,0.0
2023-05-30 21:00:00,3.201,5.763,2.428,1.2335774294493707,0.026283996529617715,5.74495096131805
2023-05-30 22:00:00,3.2,5.763,2.427,0.0,0.0,0.0
2023-05-30 23:00:00,3.198,5.763,2.423,0.0,0.0,0.0
2023-05-31 00:00:00,3.196,5.763,2.419,7.066059612813486,4.04447754514739,5.177088918670053
2023-05-31 01:00:00,3.196,5.763,2.418,0.0,0.0,0.0
2023-05-31 02:00:00,3.194,5.763,2.414,0.0,0.0,0.0
2023-05-31 03:00:00,3.197,5.763,2.412,0.0,0.0,0.0
2023-05-31 04:00:00,3.195,5.763,2.409,0.0,0.0,0.0
2023-05-31 05:00:00,3.192,5.763,2.41,0.0,0.0,0.0
2023-05-31 06:00:00,3.197,5.763,2.407,0.0,0.0,0.0
2023-05-31 07:00:00,3.197,5.763,2.411,0.0,0.0,0.0
2023-05-31 08:00:00,3.21,5.763,2.414,10.391498908669838,1.4805059622154426,1.7763990429824483
2023-05-31 09:00:00,3.215,5.763,2.414,0.0,0.0,0.0
2023-05-31 10:00:00,3.214,5.763,2.414,2.4804609848929786,2.399191231105523,10.785849572156412
2023-05-31 11:00:00,3.212,5.763,2.416,0.499164415215887,0.45940174111043497,1.0268527460573753
2023-05-31 12:00:00,3.206,5.763,2.418,0.0,0.0,0.0
2023-05-31 13:00:00,3.196,5.763,2.42,0.9603309616992549,7.091162555174972,1.0882464031826593
2023-05-31 14:00:00,3.185,5.763,2.42,0.0,0.0,0.0
2023-05-31 15:00:00,3.185,5.763,2.419,0.0,0.0,0.0
2023-05-31 16:00:00,3.184,5.763,2.41,0.0,0.0,0.0
2023-05-31 17:00:00,3.184,5.763,2.407,1.173054769288198,4.862787363770085,1.1115263099065713
2023-05-31 18:00:00,3.181,5.763,2.404,0.0,0.0,0.0
2023-05-31 19:00:00,3.182,5.763,2.4,0.0,0.0,0.0
2023-05-31 20:00:00,3.184,5.763,2.399,0.0,0.0,0.0
2023-05-31 21:00:00,3.18,5.763,2.397,0.0,0.0,0.0
2023-05-31 22:00:00,3.18,5.763,2.395,0.0,0.0,0.0
2023-05-31 23:00:00,3.18,5.763,2.394,0.0,0.0,0.0
2023-06-01 00:00:00,3.18,5.763,2.392,0.0,0.0,0.0
2023-06-01 01:00:00,3.18,5.763,2.39,1.3467558425002775,0.6189069291832496,1.3402229402250194
2023-06-01 02:00:00,3.179,5.763,2.389,0.0,0.0,0.0
2023-06-01 03:00:00,3.178,5.763,2.388,0.0,0.0,0.0
2023-06-01 04:00:00,3.178,5.763,2.386,0.0,0.0,0.0
2023-06-01 05:00:00,3.178,5.763,2.386,0.0,0.0,0.0
2023-06-01 06:00:00,3.179,5.763,2.383,0.0,0.0,0.0
2023-06-01 07:00:00,3.18,5.763,2.385,0.0,0.0,0.0
2023-06-01 08:00:00,3.188,5.763,2.388,0.0,0.0,0.0
2023-06-01 09:00:00,3.189,5.763,2.391,0.0,0.0,0.0
2023-06-01 10:00:00,3.193,5.763,2.391,6.393639215398737,0.5158992161023512,3.3002813052932933
2023-06-01 11:00:00,3.195,5.763,2.393,0.0,0.0,0.0
2023-06-01 12:00:00,3.196,5.763,2.394,0.0,0.0,0.0
2023-06-01 13:00:00,3.197,5.763,2.395,0.20801591105457534,3.2915167069894102,3.839831336258495
2023-06-01 14:00:00,3.191,5.763,2.395,0.0,0.0,0.0
2023-06-01 15:00:00,3.191,5.763,2.39,4.042209550401379,0.0,0.0
2023-06-01 16:00:00,3.186,5.763,2.39,0.0,0.0,0.0
2023-06-01 17:00:00,3.19,5.763,2.396,0.0,0.0,0.0
2023-06-01 18:00:00,3.187,5.763,2.399,0.0,0.0,0.0
2023-06-01 19:00:00,3.191,5.763,2.399,0.0,0.0,0.0
2023-06-01 20:00:00,3.184,5.763,2.4,0.0,0.0,0.0
2023-06-01 21:00:00,3.187,5.763,2.398,0.0,0.0,0.0
2023-06-01 22:00:00,3.18,5.763,2.396,3.346903718297098,3.5097934826263826,3.012150717747087
2023-06-01 23:00:00,3.182,5.763,2.394,0.0,0.0,0.0
2023-06-02 00:00:00,3.18,5.763,2.392,0.0,0.0,0.0
2023-06-02 01:00:00,3.179,5.763,2.393,0.0,0.0,0.0
2023-06-02 02:00:00,3.181,5.763,2.391,0.0,0.0,0.0
2023-06-02 03:00:00,3.173,5.763,2.389,0.0,0.0,0.0
2023-06-02 04:00:00,3.172,5.763,2.388,0.0,0.0,0.0
2023-06-02 05:00:00,3.179,5.763,2.387,0.0,0.0,0.0
2023-06-02 06:00:00,3.175,5.763,2.387,0.0,0.0,0.0
2023-06-02 07:00:00,3.178,5.763,2.391,0.0,0.0,0.0
2023-06-02 08:00:00,3.19,5.763,2.393,10.058637539063673,0.12382118055365728,0.3606224046862817
2023-06-02 09:00:00,3.202,5.763,2.395,0.0,0.0,0.0
2023-06-02 10:00:00,3.199,5.763,2.395,0.0,0.0,0.0
2023-06-02 11:00:00,3.2,5.763,2.397,0.0,0.0,0.0
2023-06-02 12:00:00,3.198,5.763,2.4,0.0,0.0,0.0
2023-06-02 13:00:00,3.2,5.763,2.402,0.0,0.0,0.0
2023-06-02 14:00:00,3.196,5.763,2.398,0.0,0.0,0.0
2023-06-02 15:00:00,3.194,5.763,2.397,0.0,0.0,0.0
2023-06-02 16:00:00,3.189,5.763,2.392,0.0,0.0,0.0
2023-06-02 17:00:00,3.192,5.763,2.387,0.0,0.0,0.0
2023-06-02 18:00:00,3.192,5.763,2.386,4.793825853238838,5.554001076109482,1.5696702985119528
2023-06-02 19:00:00,3.188,5.763,2.382,0.0,5.536910680967592,0.0
2023-06-02 20:00:00,3.191,5.763,2.38,0.0,0.0,0.0
2023-06-02 21:00:00,3.191,5.763,2.378,2.8514208201493467,0.0,0.0
2023-06-02 22:00:00,3.19,5.763,2.375,6.911041888171954,1.9930509460446575,0.018342459332602423
2023-06-02 23:00:00,3.187,5.763,2.373,0.0,0.0,0.0
2023-06-03 00:00:00,3.187,5.763,2.371,0.6548491651134363,6.869809436323728,0.5820139622176157
2023-06-03 01:00:00,3.183,5.763,2.37,0.0,0.0,0.0
2023-06-03 02:00:00,3.183,5.763,2.366,0.0,0.0,0.0
2023-06-03 03:00:00,3.183,5.763,2.367,0.0,0.0,0.0
2023-06-03 04:00:00,3.187,5.763,2.365,3.0301087752600653,0.12721928806438793,0.11173125184371668
2023-06-03 05:00:00,3.191,5.763,2.365,1.6499619040506555,0.30152227681578986,2.0505853929371414
2023-06-03 06:00:00,3.19,5.763,2.366,0.0,0.0,0.0
2023-06-03 07:00:00,3.193,5.763,2.369,0.0,0.0,0.0
2023-06-03 08:00:00,3.196,5.763,2.372,0.0,0.0,0.0
2023-06-03 09:00:00,3.201,5.763,2.372,0.0,0.0,0.0
2023-06-03 10:00:00,3.199,5.763,2.373,0.0,0.0,0.0
2023-06-03 11:00:00,3.202,5.763,2.375,1.6259173892710186,0.0,0.0
2023-06-03 12:00:00,3.201,5.763,2.376,0.0,0.0,0.0
2023-06-03 13:00:00,3.197,5.763,2.379,0.0,0.0,0.0
2023-06-03 14:00:00,3.199,5.763,2.377,3.0555582558031644,0.6333253055835047,0.3158987875537439
2023-06-03 15:00:00,3.195,5.763,2.378,0.0,0.0,0.0
2023-06-03 16:00:00,3.196,5.763,2.372,0.0,0.0,0.0
2023-06-03 17:00:00,3.198,5.763,2.368,0.0,0.0,0.0
2023-06-03 18:00:00,3.194,5.763,2.365,0.44513030696262246,4.3940042260149985,0.9160311715535678
2023-06-03 19:00:00,3.188,5.763,2.363,0.0,0.0,0.0
2023-06-03 20:00:00,3.192,5.763,2.361,0.0,0.0,0.0
2023-06-03 21:00:00,3.187,5.763,2.359,0.0,0.0,0.0
2023-06-03 22:00:00,3.188,5.763,2.356,2.2476235969302447,0.7959806178304497,0.2555266356652472
2023-06-03 23:00:00,3.187,5.763,2.355,0.0,0.0,0.0
2023-06-04 00:00:00,3.187,5.763,2.355,0.0,0.0,0.0
2023-06-04 01:00:00,3.187,5.763,2.354,1.6022412313334453,2.1649409505149086,4.209831574428066
2023-06-04 02:00:00,3.182,5.763,2.357,0.0,0.0,0.0
2023-06-04 03:00:00,3.188,5.763,2.358,8.916970937534767,0.0,0.0
2023-06-04 04:00:00,3.183,5.763,2.363,0.0,0.0,0.0
2023-06-04 05:00:00,3.179,5.763,2.369,5.425889455541232,0.5512141563652839,0.645500349650353
2023-06-04 06:00:00,3.184,5.763,2.375,0.0,0.0,0.0
2023-06-04 07:00:00,3.194,5.763,2.386,1.4313529596449879,0.1455106197134277,0.027887186798686774
2023-06-04 08:00:00,3.192,5.763,2.397,0.0,0.44491785132906814,0.0
2023-06-04 09:00:00,3.195,5.763,2.409,0.5829752086529678,1.5324884909151844,2.0765534667308256
2023-06-04 10:00:00,3.2,5.763,2.42,0.0,0.0,0.0
2023-06-04 11:00:00,3.202,5.763,2.434,9.224537207785358,14.450101550289293,0.4469248871725354
2023-06-04 12:00:00,3.205,5.763,2.444,0.0,0.0,0.0
2023-06-04 13:00:00,3.204,5.763,2.457,0.0,0.0,3.1188166583967343
2023-06-04 14:00:00,3.193,5.763,2.467,1.549002650435864,1.199411950400878,0.39543987532457053
2023-06-04 15:00:00,3.196,5.763,2.475,0.0,0.0,0.0
2023-06-04 16:00:00,3.197,5.763,2.479,0.0,0.0,0.0
2023-06-04 17:00:00,3.191,5.763,2.483,0.0,0.0,1.7203289395368173
2023-06-04 18:00:00,3.197,5.763,2.488,2.496083004151524,3.2189864021630137,4.740665942130236
2023-06-04 19:00:00,3.195,5.763,2.496,0.0,0.0,0.0
2023-06-04 20:00:00,3.19,5.763,2.502,0.0,0.0,0.0
2023-06-04 21:00:00,3.19,5.763,2.51,0.20765398394111773,2.3704400512375257,3.728795726482237
2023-06-04 22:00:00,3.19,5.763,2.518,0.0,0.0,0.0
2023-06-04 23:00:00,3.19,5.763,2.525,17.410664494351714,2.5445260912861154,11.392930668067265
2023-06-05 00:00:00,3.183,5.763,2.532,0.0,0.0,0.0
2023-06-05 01:00:00,3.183,5.763,2.539,0.348667097794969,5.17273840858547,0.5267205606900898
2023-06-05 02:00:00,3.186,5.763,2.544,0.0,2.110120808276026,0.0
2023-06-05 03:00:00,3.179,5.763,2.549,0.644002446598644,4.904113152345651,2.529851081026605
2023-06-05 04:00:00,3.179,5.763,2.554,0.0,0.0,0.1158290126336909
2023-06-05 05:00:00,3.184,5.763,2.558,9.111554383897044,0.009626018635145842,4.806923704977988
2023-06-05 06:00:00,3.186,5.763,2.563,0.0,0.0,0.0
2023-06-05 07:00:00,3.193,5.763,2.57,0.0,0.0,0.0
2023-06-05 08:00:00,3.197,5.763,2.579,0.05422279314389931,3.1948268125915913,0.046636713535205036
2023-06-05 09:00:00,3.2,5.763,2.584,0.0,0.0,0.0
2023-06-05 10:00:00,3.202,5.763,2.592,1.6084593276155852,0.4127484431767675,3.8662398822395825
2023-06-05 11:00:00,3.198,5.763,2.598,0.04193845389702498,0.08157994575272237,0.966114859189807
2023-06-05 12:00:00,3.197,5.763,2.603,0.0,0.0,0.0
2023-06-05 13:00:00,3.197,5.763,2.61,3.0539392433150017,0.3328804968313762,4.562822419291431
2023-06-05 14:00:00,3.194,5.763,2.614,0.0,0.0,0.0
2023-06-05 15:00:00,3.188,5.763,2.613,0.0,0.0,0.0
2023-06-05 16:00:00,3.195,5.763,2.614,0.0,0.0,0.0
2023-06-05 17:00:00,3.186,5.763,2.611,2.292238026029367,1.0847416712887066,2.340021987995752
2023-06-05 18:00:00,3.189,5.763,2.606,0.018295426664372977,9.218221119447417,1.4705308861924544
2023-06-05 19:00:00,3.184,5.763,2.603,0.0,0.0,0.0
2023-06-05 20:00:00,3.186,5.763,2.598,0.0,0.0,0.0
2023-06-05 21:00:00,3.181,5.763,2.597,0.0,0.0,0.0
2023-06-05 22:00:00,3.185,5.763,2.595,0.0,0.0,0.0
2023-06-05 23:00:00,3.183,5.763,2.592,1.3637937941505758,3.3949028896623368,4.381464004462728
2023-06-06 00:00:00,3.1825,5.763,2.5902857142857143,0.0,0.0,0.0
2023-06-06 01:00:00,3.182,5.763,2.5885714285714285,0.0,0.0,0.0
2023-06-06 02:00:00,3.1814999999999998,5.763,2.5868571428571427,0.0,0.0,0.0
2023-06-06 03:00:00,3.181,5.763,2.5851428571428574,0.0,0.0,0.0
2023-06-06 04:00:00,3.1805000000000003,5.763,2.5834285714285716,2.7915404056242,3.6848596910010984,0.24730317260734613
2023-06-06 05:00:00,3.18,5.763,2.581714285714286,0.0,0.0,0.0
2023-06-06 06:00:00,3.184,5.763,2.58,0.0,0.0,0.0
2023-06-06 07:00:00,3.188,5.763,2.583,0.0,0.0,0.0
2023-06-06 08:00:00,3.188,5.763,2.587,0.0,0.0930784418526569,0.0
2023-06-06 09:00:00,3.196,5.763,2.588,0.0,0.0,0.0
2023-06-06 10:00:00,3.196,5.763,2.589,0.0,0.0,0.0
2023-06-06 11:00:00,3.196,5.763,2.589,18.853637520670027,2.306532835780133,4.202543860653874
2023-06-06 12:00:00,3.196,5.763,2.592,0.0,0.0,0.0
2023-06-06 13:00:00,3.194,5.763,2.593,0.7750931478908516,10.501462391005049,3.799902148960262
2023-06-06 14:00:00,3.188,5.763,2.591,0.0,0.0,0.0
2023-06-06 15:00:00,3.191,5.763,2.589,0.0,0.0,0.0
2023-06-06 16:00:00,3.185,5.763,2.587,0.0,0.0,0.0
2023-06-06 17:00:00,3.18,5.763,2.584,0.0,0.0,0.0
2023-06-06 18:00:00,3.186,5.763,2.582,0.0,0.0,0.0
2023-06-06 19:00:00,3.18,5.763,2.582,3.012320378820239,0.0,0.0
2023-06-06 20:00:00,3.188,5.763,2.582,0.0,0.0,0.0
2023-06-06 21:00:00,3.18,5.763,2.581,0.0,0.0,0.0
2023-06-06 22:00:00,3.186,5.763,2.581,2.7750642591271193,0.2617069277897742,13.118546268971583
2023-06-06 23:00:00,3.179,5.763,2.582,0.07101761670429506,0.0,0.0
2023-06-07 00:00:00,3.181,5.763,2.581,1.5484501372617507,0.0,0.0
2023-06-07 01:00:00,3.177,5.763,2.581,0.0,0.0,0.0
2023-06-07 02:00:00,3.183,5.763,2.58,0.0,0.0,0.0
2023-06-07 03:00:00,3.176,5.763,2.581,0.0,0.0,0.0
2023-06-07 04:00:00,3.174,5.763,2.583,0.0,0.0,0.0
2023-06-07 05:00:00,3.181,5.763,2.584,5.331216390673591,2.953365214812796,1.5518639107095307
2023-06-07 06:00:00,3.176,5.763,2.586,0.0,0.0,0.0
2023-06-07 07:00:00,3.188,5.763,2.593,0.0,0.0,0.0
2023-06-07 08:00:00,3.189,5.763,2.597,0.0,0.0,0.0
2023-06-07 09:00:00,3.193,5.763,2.602,0.0,0.0,0.0
2023-06-07 10:00:00,3.197,5.763,2.605,0.0,0.0,0.0
2023-06-07 11:00:00,3.199,5.763,2.615,0.0,0.0,0.0
2023-06-07 12:00:00,3.2,5.763,2.622,0.0,0.0,0.0
2023-06-07 13:00:00,3.2,5.763,2.63,0.0,0.0,0.0
2023-06-07 14:00:00,3.195,5.763,2.635,0.0,0.0,0.0
2023-06-07 15:00:00,3.188,5.763,2.636,1.1605788193146296,1.4101458489790863,14.851756089670534
2023-06-07 16:00:00,3.186,5.763,2.63,0.0,0.0,0.0
2023-06-07 17:00:00,3.192,5.763,2.548,0.0,0.0,0.0
2023-06-07 18:00:00,3.187,5.763,2.484,0.0,0.0,0.0
2023-06-07 19:00:00,3.186,5.763,2.44,0.0,0.0,0.0
2023-06-07 20:00:00,3.191,5.763,2.415,0.0,0.0,0.0
2023-06-07 21:00:00,3.188,5.763,2.398,3.67199745418239,0.5496037852907945,1.5786112332307929
2023-06-07 22:00:00,3.184,5.763,2.384,0.0,0.0,0.0
2023-06-07 23:00:00,3.183,5.763,2.374,0.0,0.0,0.0
2023-06-08 00:00:00,3.187,5.763,2.365,4.267166991995463,1.1299840216107104,4.228868988902139
2023-06-08 01:00:00,3.185,5.763,2.359,0.0,0.0,0.0
2023-06-08 02:00:00,3.18,5.763,2.353,0.0,0.0,0.0
2023-06-08 03:00:00,3.186,5.763,2.35,0.0,0.0,0.0
2023-06-08 04:00:00,3.18,5.763,2.348,0.004622432160628007,7.039973713882198,1.3243007507319957
2023-06-08 05:00:00,3.185,5.763,2.346,0.0,0.0,0.0
2023-06-08 06:00:00,3.186,5.763,2.346,4.664139081261275,0.9292850330294883,3.315139460146053
2023-06-08 07:00:00,3.188,5.763,2.345,0.0,0.0,0.0
2023-06-08 08:00:00,3.192,5.763,2.349,0.0,0.0,0.0
2023-06-08 09:00:00,3.197,5.763,2.348,0.0,0.0,0.0
2023-06-08 10:00:00,3.2,5.763,2.348,0.0,3.0624721864373248,0.0
2023-06-08 11:00:00,3.202,5.763,2.349,0.0,0.0,0.0
2023-06-08 12:00:00,3.204,5.763,2.348,0.0,0.0,0.0
2023-06-08 13:00:00,3.197,5.763,2.346,0.0,0.0,0.0
2023-06-08 14:00:00,3.191,5.763,2.346,0.0,0.0,0.0
2023-06-08 15:00:00,3.203,5.763,2.347,0.0,0.0,0.0
2023-06-08 16:00:00,3.188,5.763,2.347,0.0,0.0,0.0
2023-06-08 17:00:00,3.192,5.763,2.344,0.5658039963842332,1.833013746862249,0.30291105689359205
2023-06-08 18:00:00,3.188,5.763,2.34,0.0,0.0,0.0
2023-06-08 19:00:00,3.188,5.763,2.34,0.0,0.0,0.0
2023-06-08 20:00:00,3.189,5.763,2.336,0.0,0.0,0.0
2023-06-08 21:00:00,3.19,5.763,2.336,0.0,0.0,0.0
2023-06-08 22:00:00,3.189,5.763,2.334,2.482671295960815,4.7718378309562155,1.725606503184637
2023-06-08 23:00:00,3.199,5.763,2.336,0.0,0.0,0.0
2023-06-09 00:00:00,3.195,5.763,2.335,0.0,0.0,0.0
2023-06-09 01:00:00,3.193,5.763,2.334,0.0,0.0,0.0
2023-06-09 02:00:00,3.193,5.763,2.333,0.0,0.0,0.0
2023-06-09 03:00:00,3.195,5.763,2.335,1.6349229617141587,1.0674055075082236,1.3668635735494072
2023-06-09 04:00:00,3.195,5.763,2.335,0.0,0.0,0.0
2023-06-09 05:00:00,3.192,5.763,2.335,0.0,0.0,0.0
2023-06-09 06:00:00,3.195,5.763,2.336,0.0,0.0,0.0
2023-06-09 07:00:00,3.196,5.763,2.334,0.0,0.0,0.0
2023-06-09 08:00:00,3.193,5.763,2.336,0.19853536700207527,1.2664192657854167,0.2870918075908415
2023-06-09 09:00:00,3.198,5.763,2.338,0.0,0.0,0.0
2023-06-09 10:00:00,3.201,5.763,2.339,0.0,0.0,0.0
2023-06-09 11:00:00,3.2,5.763,2.342,0.9456466302759424,0.4080092426677282,0.9513219382146193
2023-06-09 12:00:00,3.201,5.763,2.338,0.0,0.0,0.0
2023-06-09 13:00:00,3.203,5.763,2.315,0.0,0.0,0.0
2023-06-09 14:00:00,3.204,5.763,2.416,0.0,0.0,0.0
2023-06-09 15:00:00,3.205,5.763,2.467,0.0,0.0,0.0
2023-06-09 16:00:00,3.203,5.763,2.464,0.0,0.0,0.0
2023-06-09 17:00:00,3.197,5.763,2.467,0.0,0.0,0.0
2023-06-09 18:00:00,3.201,5.763,2.471,1.3781490739051538,0.6229493200445247,4.285481272152116
2023-06-09 19:00:00,3.198,5.763,2.476,0.23628526964868196,7.74516700040823,7.2604271749387035
2023-06-09 20:00:00,3.196,5.763,2.479,0.019711309864778523,3.615753502312699,4.91316322933325
2023-06-09 21:00:00,3.194,5.763,2.479,2.3662141750648957,3.87532624542847,0.9896661028596465
2023-06-09 22:00:00,3.199,5.763,2.477,0.0,0.0,0.0
2023-06-09 23:00:00,3.197,5.763,2.477,0.0,0.0,0.0
2023-06-10 00:00:00,3.193,5.763,2.474,0.0,0.0,0.0
2023-06-10 01:00:00,3.192,5.763,2.477,0.0,0.0,0.0
2023-06-10 02:00:00,3.197,5.763,2.478,0.0,0.0,0.0
2023-06-10 03:00:00,3.194,5.763,2.479,0.0,0.0,0.0
2023-06-10 04:00:00,3.203,5.763,2.483,0.0,0.0,0.0
2023-06-10 05:00:00,3.189,5.763,2.487,1.0005234233514142,5.934568940440259,1.4220786696876146
2023-06-10 06:00:00,3.197,5.763,2.488,7.074933085137043,0.8778502331726954,0.6964618490026254
2023-06-10 07:00:00,3.194,5.763,2.49,16.394891297355972,0.927495901559636,0.07202939179660856
2023-06-10 08:00:00,3.194,5.763,2.482,0.0,0.0,0.0
2023-06-10 09:00:00,3.197,5.763,2.526,5.340471421277059,7.657517474337547,0.022583616200369597
2023-06-10 10:00:00,2.98,5.763,2.63,0.0,0.0,0.33543203021559964
2023-06-10 11:00:00,2.698,5.763,2.668,0.0,0.0,0.0
2023-06-10 12:00:00,2.775,5.763,2.696,0.0,0.0,0.0
2023-06-10 13:00:00,2.863,5.763,2.72,0.0,0.0,0.0
2023-06-10 14:00:00,2.918,5.763,2.738,0.0,0.0,0.0
2023-06-10 15:00:00,2.922,5.763,2.75,0.2575962091007513,0.3108184391120348,3.8802083696740945
2023-06-10 16:00:00,2.876,5.763,2.753,0.0,0.0,0.0
2023-06-10 17:00:00,2.833,5.763,2.756,0.0,0.0,0.0
2023-06-10 18:00:00,2.884,5.763,2.758,0.0,0.0,0.0
2023-06-10 19:00:00,2.968,5.763,2.757,0.0,0.0,0.0
2023-06-10 20:00:00,3.04,5.763,2.753,2.5605626647798436,1.5025198642513702,0.12532146901753935
2023-06-10 21:00:00,3.123,5.763,2.754,9.39522080801753,0.0,0.0
2023-06-10 22:00:00,3.165,5.763,2.748,0.0,0.0,0.0
2023-06-10 23:00:00,3.172,5.763,2.753,0.0,0.0,0.0
2023-06-11 00:00:00,3.166,5.763,2.66,0.0,0.0,0.0
2023-06-11 01:00:00,3.167,5.763,2.652,0.0,0.0,0.0
2023-06-11 02:00:00,3.165,5.763,2.652,5.5211653004293995,0.04050304224146219,3.7707464080400848
2023-06-11 03:00:00,3.171,5.763,2.652,2.5597240046398513,1.123770642202569,3.6715450094895745
2023-06-11 04:00:00,3.144,5.763,2.632,0.0,0.0,0.0
2023-06-11 05:00:00,1.658,5.763,2.631,0.0,0.0,0.0
2023-06-11 06:00:00,1.566,5.763,2.62,0.0,0.0,0.0
2023-06-11 07:00:00,1.805,5.763,2.619,0.21821298743629694,14.77107228098316,1.9342868836201146
2023-06-11 08:00:00,2.002,5.763,2.619,28.977499562242926,2.669091455761139,16.84577648645395
2023-06-11 09:00:00,2.073,5.763,2.62,0.0,0.0,0.0
2023-06-11 10:00:00,2.21,5.763,2.644,4.7587856464308675,2.1835749664864044,0.6447827634490834
2023-06-11 11:00:00,2.217,5.763,2.682,0.0,0.0,0.0
2023-06-11 12:00:00,2.299,5.763,2.686,0.0,0.0,0.0
2023-06-11 13:00:00,2.369,5.763,2.689,0.0,0.0,0.0
2023-06-11 14:00:00,2.458,5.763,2.692,0.0,0.0,0.0
2023-06-11 15:00:00,2.533,5.763,2.689,0.1680699601910412,1.553409018624511,1.867217067605354
2023-06-11 16:00:00,2.597,5.763,3.101,0.0,0.0,0.0
2023-06-11 17:00:00,2.671,5.763,3.157,0.0,0.0,0.0
2023-06-11 18:00:00,2.741,5.763,3.182,0.0,0.0,0.0
2023-06-11 19:00:00,2.758,5.763,3.1485274725274723,0.0,0.0,0.0
2023-06-11 20:00:00,2.749,5.763,3.115054945054945,0.0,0.0,0.0
2023-06-11 21:00:00,2.749,5.763,3.0815824175824176,0.0,0.0,0.0
2023-06-11 22:00:00,2.771,5.763,3.04810989010989,0.9715112935384906,7.546891434549052,1.8825283092443676
2023-06-11 23:00:00,2.79,5.763,3.0146373626373624,0.0,0.0,0.0
2023-06-12 00:00:00,2.812,5.763,2.981164835164835,0.0,0.0,0.0
2023-06-12 01:00:00,2.843,5.763,2.9476923076923076,0.0,0.0,0.0
2023-06-12 02:00:00,2.829,5.763,2.91421978021978,0.0,0.0,0.0
2023-06-12 03:00:00,2.826,5.763,2.880747252747253,0.0,0.0,0.0
2023-06-12 04:00:00,2.794,5.763,2.8472747252747252,0.0,0.0,0.0
2023-06-12 05:00:00,2.834,5.763,2.8138021978021976,0.0,0.0,0.0
2023-06-12 06:00:00,2.888,5.763,2.7803296703296705,0.0,0.0,0.0
2023-06-12 07:00:00,2.924,5.763,2.746857142857143,0.0,0.0,0.0
2023-06-12 08:00:00,2.944,5.763,2.7133846153846153,0.0,0.0,0.0
2023-06-12 09:00:00,2.976,5.763,2.679912087912088,0.0,0.0,0.0
2023-06-12 10:00:00,2.983,5.763,2.6464395604395605,0.0,0.0,0.0
2023-06-12 11:00:00,2.996,5.763,2.612967032967033,0.0,7.052815642841923,0.0
2023-06-12 12:00:00,3.035,5.763,2.5794945054945053,0.0,1.3385479054828477,0.0
2023-06-12 13:00:00,3.039,5.763,2.546021978021978,0.0,0.0,0.0
2023-06-12 14:00:00,3.034,5.763,2.5125494505494506,0.0,0.0,0.0
2023-06-12 15:00:00,3.033,5.763,2.479076923076923,0.0,0.0,0.0
2023-06-12 16:00:00,3.029,5.763,2.445604395604396,0.010967338539267135,5.262248237174066,0.05378028433715673
2023-06-12 17:00:00,3.033,5.763,2.412131868131868,0.0,0.0,0.0
2023-06-12 18:00:00,3.028,5.763,2.3786593406593406,0.0,0.0,0.0
2023-06-12 19:00:00,3.033,5.763,2.3786593406593406,0.0,0.0,0.0
2023-06-12 20:00:00,3.029,5.763,2.3786593406593406,0.0,0.0,0.0
2023-06-12 21:00:00,3.027,5.763,2.3441568892645814,0.0,0.0,6.79106432617956
2023-06-12 22:00:00,3.034,5.763,2.3096544378698223,3.51011722849383,1.6564237698471358,1.5706515077176064
2023-06-12 23:00:00,3.032,5.763,2.2751519864750636,0.0,0.0,0.0
2023-06-13 00:00:00,3.034,5.763,2.2406495350803044,0.0,0.0,0.0
2023-06-13 01:00:00,3.032,5.763,2.2061470836855452,1.45664717786718,0.6232835969264783,2.1069797183450185
2023-06-13 02:00:00,3.029,5.763,2.171644632290786,0.0,0.0,0.0
2023-06-13 03:00:00,3.027,5.763,2.137142180896027,0.0,0.0,0.0
2023-06-13 04:00:00,3.032,5.763,2.1026397295012678,0.0,0.0,0.0
2023-06-13 05:00:00,3.031,5.763,2.0681372781065086,0.0,0.0,0.0
2023-06-13 06:00:00,3.032,5.763,2.03363482671175,0.0,0.0,0.0
2023-06-13 07:00:00,3.051,5.763,1.9991323753169907,0.0,0.0,0.0
2023-06-13 08:00:00,3.036,5.763,1.9646299239222316,4.117915202491597,2.9688658886507335,0.008255129354453977
2023-06-13 09:00:00,3.034,5.763,1.9301274725274724,0.3813726275005499,0.0,0.0
2023-06-13 10:00:00,2.952,5.763,1.8956250211327135,0.0,0.0,0.0
2023-06-13 11:00:00,2.946,5.763,1.8611225697379543,0.0,0.0,0.0
2023-06-13 12:00:00,3.006,5.763,1.8266201183431954,0.06684958138552584,3.4862372554387173,6.629092143324167
2023-06-13 13:00:00,3.014,5.763,1.7921176669484362,0.0,0.0,0.0
2023-06-13 14:00:00,2.998,5.763,1.757615215553677,1.2537647821159812,5.693834123805627,3.7731269748556757
2023-06-13 15:00:00,3.006,5.763,1.723112764158918,0.0,0.0,0.0
2023-06-13 16:00:00,2.983,5.763,1.688610312764159,4.264388413697763,2.951041777257248,2.076462781094238
2023-06-13 17:00:00,2.979,5.763,1.6541078613693998,0.0,0.0,0.0
2023-06-13 18:00:00,2.951,5.763,1.6196054099746409,0.0,0.0,0.0
2023-06-13 19:00:00,2.991,5.763,1.5851029585798817,0.0,0.0,0.0
2023-06-13 20:00:00,3.055,5.763,1.5506005071851225,0.8532905050531698,3.2801125289358994,1.726726298596828
2023-06-13 21:00:00,3.064,5.763,1.5506005071851225,0.0,0.0,0.0
2023-06-13 22:00:00,3.047,5.763,1.5506005071851225,0.0,0.0,0.0
2023-06-13 23:00:00,3.078,5.763,1.5506005071851225,0.0,0.0,0.0
2023-06-14 00:00:00,3.074,5.763,1.5506005071851225,7.011980588136346,0.26393460103349636,10.968053946665997
2023-06-14 01:00:00,3.08,5.763,1.5506005071851225,0.0,0.0,0.0
2023-06-14 02:00:00,3.087,5.763,1.5506005071851225,0.0,0.0,0.0
2023-06-14 03:00:00,3.096,5.763,1.5506005071851225,0.0,0.0,0.0
2023-06-14 04:00:00,3.098,5.763,1.5506005071851225,0.3832933792094632,0.03245897211091551,2.135356339060132
2023-06-14 05:00:00,3.101,5.763,1.5506005071851225,1.59251540215146,4.723506651321042,1.4576903474881526
2023-06-14 06:00:00,3.111,5.763,1.5506005071851225,0.0,0.0,0.0
2023-06-14 07:00:00,3.021,5.763,1.5506005071851225,0.0,0.0,0.0
2023-06-14 08:00:00,3.097,5.763,1.5506005071851225,0.0,0.0,0.0
2023-06-14 09:00:00,3.032,5.763,1.5506005071851225,0.0,0.0,0.0
2023-06-14 10:00:00,3.021,5.763,1.5506005071851225,0.0,0.0,0.0
2023-06-14 11:00:00,3.03,5.763,1.5506005071851225,3.232761865272404,5.946040916711819,0.6928643427774179
2023-06-14 12:00:00,3.029,5.763,1.5506005071851225,0.0,0.0,0.0
2023-06-14 13:00:00,3.025,5.763,1.5506005071851225,13.359583929393143,3.26177072370669,2.483284365474649
2023-06-14 14:00:00,3.02,5.763,1.5506005071851225,0.0,0.0,0.0
2023-06-14 15:00:00,3.019,5.763,1.5506005071851225,0.0,0.0,0.0
2023-06-14 16:00:00,3.039,5.763,1.5506005071851225,0.0,0.0,0.0
2023-06-14 17:00:00,2.997,5.763,1.5506005071851225,0.0,0.0,0.0
2023-06-14 18:00:00,1.818,5.763,1.5506005071851225,0.0,0.0,0.0
2023-06-14 19:00:00,1.856,5.763,1.5506005071851225,0.0,0.0,0.0
2023-06-14 20:00:00,2.104,5.763,1.5506005071851225,0.09401158601317951,0.0,0.0
2023-06-14 21:00:00,2.327,5.763,1.5506005071851225,0.0,0.0,0.0
2023-06-14 22:00:00,2.531,5.763,1.5506005071851225,0.0,0.0,0.0
2023-06-14 23:00:00,2.664,5.763,1.5506005071851225,0.0,0.0,0.0
2023-06-15 00:00:00,2.736,5.763,1.5506005071851225,0.0,4.6795386785952084,0.0
2023-06-15 01:00:00,2.822,5.763,1.5506005071851225,3.099087523912988,0.0,0.0
2023-06-15 02:00:00,2.857,5.763,1.5506005071851225,0.0,1.8488717493345466,0.0
2023-06-15 03:00:00,2.868,5.763,1.5506005071851225,0.0,0.0,1.6919004567429186
2023-06-15 04:00:00,2.867,5.763,1.5506005071851225,0.0,0.0,0.0
2023-06-15 05:00:00,2.891,5.763,1.5506005071851225,0.0,0.0,0.0
2023-06-15 06:00:00,2.802,5.763,1.5506005071851225,0.0,0.0,0.0
2023-06-15 07:00:00,2.6814999999999998,5.763,1.5506005071851225,0.0,0.0,0.0
2023-06-15 08:00:00,2.561,5.763,1.5506005071851225,0.0,0.0,0.0
2023-06-15 09:00:00,2.3015,5.763,1.5506005071851225,0.0,0.0,0.0
2023-06-15 10:00:00,2.042,5.763,1.5506005071851225,0.0,0.0,0.0
2023-06-15 11:00:00,1.927,5.763,1.5506005071851225,0.0,0.0,0.0
2023-06-15 12:00:00,1.916,5.763,1.5506005071851225,0.0,1.1780295111181656,0.0
2023-06-15 13:00:00,1.925,5.763,0.136,0.0,0.0,0.0
2023-06-15 14:00:00,1.988,5.763,0.226,0.0,0.0,0.0
2023-06-15 15:00:00,1.83,5.763,0.284,0.0,0.0,0.0
2023-06-15 16:00:00,1.702,5.763,0.316,0.0,0.0,0.0
2023-06-15 17:00:00,1.373,5.763,0.292,0.9044586284906821,2.037059379436717,4.4394040159932295
2023-06-15 18:00:00,1.215,5.763,0.228,0.7661400584665062,0.3309253169633097,1.3892014067194043
2023-06-15 19:00:00,1.286,5.763,0.151,0.0,0.0,0.0
2023-06-15 20:00:00,1.491,5.763,0.039,0.0,0.0,0.0
2023-06-15 21:00:00,1.636,5.763,0.040414634146341465,0.0,0.0,0.0
2023-06-15 22:00:00,1.583,5.763,0.04182926829268293,0.0,0.0,0.0
2023-06-15 23:00:00,1.53,5.763,0.04324390243902439,0.0,0.0,0.0
2023-06-16 00:00:00,1.4769999999999999,5.763,0.04465853658536585,0.0,0.0,0.0
2023-06-16 01:00:00,1.424,5.763,0.046073170731707316,0.0,0.0,0.0
2023-06-16 02:00:00,1.371,5.763,0.04748780487804878,0.0,0.0,0.0
2023-06-16 03:00:00,1.318,5.763,0.048902439024390246,0.0,0.0,0.0
2023-06-16 04:00:00,1.2650000000000001,5.763,0.05031707317073171,1.8089076091500373,1.3811220805506341,0.6246885816649843
2023-06-16 05:00:00,1.212,5.763,0.051731707317073175,0.0,0.0,3.850495528122124
2023-06-16 06:00:00,1.159,5.763,0.05314634146341464,0.0,0.0,0.0
2023-06-16 07:00:00,1.1520000000000001,5.763,0.0545609756097561,1.6048794813994518,0.12733652972890208,4.410393480922599
2023-06-16 08:00:00,1.145,5.763,0.05597560975609756,2.1056899091773555,2.6673114501564488,0.10033574120249782
2023-06-16 09:00:00,1.138,5.763,0.05739024390243903,0.0,0.0,0.0
2023-06-16 10:00:00,1.131,5.763,0.058804878048780485,0.0,0.0,0.0
2023-06-16 11:00:00,1.124,5.763,0.06021951219512195,0.0,0.0,0.0
2023-06-16 12:00:00,1.117,5.763,0.061634146341463414,0.0,0.0,0.0
2023-06-16 13:00:00,1.1099999999999999,5.763,0.06304878048780488,19.58796587447273,0.6260642623814657,0.1202625678363346
2023-06-16 14:00:00,1.103,5.763,0.06446341463414634,2.6910735687405802,2.6988234553894164,0.9408197421258366
2023-06-16 15:00:00,1.096,5.763,0.06587804878048781,0.0,0.0,0.0
2023-06-16 16:00:00,1.089,5.763,0.06729268292682927,0.0,0.0,0.0
2023-06-16 17:00:00,1.208,5.763,0.06870731707317074,0.0,0.0,0.0
2023-06-16 18:00:00,1.2486153846153847,5.763,0.0701219512195122,0.0,0.0,0.0
2023-06-16 19:00:00,1.2892307692307692,5.763,0.07153658536585367,0.0,0.0,0.0
2023-06-16 20:00:00,1.329846153846154,5.763,0.07295121951219513,0.0,0.0,0.0
2023-06-16 21:00:00,1.3704615384615384,5.763,0.07295121951219513,3.3774355171187285,17.245059535896196,3.1658088508584457
2023-06-16 22:00:00,1.4110769230769231,5.763,0.07295121951219513,0.0,0.0,0.0
2023-06-16 23:00:00,1.4516923076923076,5.763,0.07455447154471545,2.719048631261692,0.04171140969215388,1.1977739105238987
2023-06-17 00:00:00,1.4923076923076923,5.763,0.07615772357723578,0.0,0.0,3.184652540851493
2023-06-17 01:00:00,1.5329230769230768,5.763,0.0777609756097561,0.0,0.0,0.0
2023-06-17 02:00:00,1.5735384615384616,5.763,0.07936422764227644,0.0,0.0,0.0
2023-06-17 03:00:00,1.614153846153846,5.763,0.08096747967479676,0.0,0.0,0.0
2023-06-17 04:00:00,1.6547692307692308,5.763,0.08257073170731707,0.0,0.0,0.0
2023-06-17 05:00:00,1.6953846153846155,5.763,0.08417398373983741,0.0,0.0,0.0
2023-06-17 06:00:00,1.736,5.763,0.08577723577235773,0.0,0.0,0.0
2023-06-17 07:00:00,1.6276,5.763,0.08738048780487806,0.0,0.0,0.0
2023-06-17 08:00:00,1.5191999999999999,5.763,0.08898373983739838,0.0,0.0,0.0
2023-06-17 09:00:00,1.4108,5.763,0.0905869918699187,0.0,0.0,0.0
2023-06-17 10:00:00,1.3024,5.763,0.09219024390243903,0.0,0.0,0.0
2023-06-17 11:00:00,1.194,5.763,0.09379349593495935,1.9396640466487862,0.16785171418888625,1.0364201060683154
2023-06-17 12:00:00,1.403,5.763,0.09539674796747968,3.3358208820745325,0.0,7.150967184695196
2023-06-17 13:00:00,1.383,5.763,0.097,0.0,0.0,0.0
2023-06-17 14:00:00,1.424,5.763,0.121,2.699956570197972,0.2247271155970879,0.5520695440494398
2023-06-17 15:00:00,1.354,5.763,0.126,0.0,0.0,0.0
2023-06-17 16:00:00,1.417,5.763,0.123,0.0,0.0,0.0
2023-06-17 17:00:00,1.436,5.763,0.109,1.7926126786008132,0.5192773684104445,1.4627077622824447
2023-06-17 18:00:00,1.537,5.763,0.065,0.0,0.0,0.0
2023-06-17 19:00:00,1.509,5.763,0.023,0.0,0.0,0.0
2023-06-17 20:00:00,1.628,5.763,0.03011111111111111,0.0,0.0,0.0
2023-06-17 21:00:00,1.702,5.763,0.037222222222222226,0.0,0.0,0.0
2023-06-17 22:00:00,1.765,5.763,0.044333333333333336,0.0,0.0,0.0
2023-06-17 23:00:00,1.837,5.763,0.051444444444444445,0.0,0.0,0.0
2023-06-18 00:00:00,1.809,5.763,0.05855555555555556,0.0,0.0,0.0
2023-06-18 01:00:00,1.884,5.763,0.06566666666666668,0.6697604133356323,0.1844441098749284,4.374982025595677
2023-06-18 02:00:00,1.944,5.763,0.07277777777777777,0.0,0.0,0.0
2023-06-18 03:00:00,1.907,5.763,0.0798888888888889,0.0,0.0,0.0
2023-06-18 04:00:00,1.861,5.763,0.087,1.2142036721069744,0.0,0.0
2023-06-18 05:00:00,1.911,5.763,0.09411111111111112,0.0,0.0,0.0
2023-06-18 06:00:00,1.908,5.763,0.10122222222222224,0.0,0.0,0.0
2023-06-18 07:00:00,1.955,5.763,0.10833333333333334,0.7117222741244268,1.0284284912236017,2.5270976801898004
2023-06-18 08:00:00,1.989,5.763,0.11544444444444446,0.0,0.0,0.0
2023-06-18 09:00:00,1.952,5.763,0.12255555555555556,7.793710788427757,8.465183805581947,7.718496885686811
2023-06-18 10:00:00,1.962,5.763,0.12966666666666668,0.0,9.034131692040612,0.0
2023-06-18 11:00:00,1.999,5.763,0.13677777777777778,0.0,0.0,0.0
2023-06-18 12:00:00,1.905,5.763,0.1438888888888889,2.671528393304494,9.75949375698871,2.5298763453212665
2023-06-18 13:00:00,1.857,5.763,0.151,0.0,0.0,0.0
2023-06-18 14:00:00,1.817,5.763,0.292,0.8430219724155686,4.0591245172657615,5.608906644867914
2023-06-18 15:00:00,1.647,5.763,0.402,0.0,0.0,0.0
2023-06-18 16:00:00,1.551,5.763,0.465,1.0812734913321387,0.906372649448767,10.772524956761393
2023-06-18 17:00:00,1.4,5.763,3.548,6.424490758660451,0.07378389553450582,1.8090639471021934
2023-06-18 18:00:00,1.441,5.763,3.927,0.0,0.0,0.0
2023-06-18 19:00:00,1.476,5.763,3.534,0.0,0.0,0.0
2023-06-18 20:00:00,1.51,5.763,3.534,0.0,0.0,0.0
2023-06-18 21:00:00,1.664,5.763,3.583,0.3876276773791806,1.749678658537691,13.272150055895764
2023-06-18 22:00:00,1.785,5.763,3.609,1.384165017550738,19.48051503260672,0.943470508124446
2023-06-18 23:00:00,1.795,5.763,3.945,0.0,0.0,0.0
2023-06-19 00:00:00,1.876,5.763,4.026,0.0,1.4759253764629938,0.0
2023-06-19 01:00:00,1.915,5.763,4.025,0.0,0.0,0.0
2023-06-19 02:00:00,1.976,5.763,4.018,0.0,0.0,0.0
2023-06-19 03:00:00,2.04,5.763,3.998,0.0,0.0,0.0
2023-06-19 04:00:00,2.053,5.763,3.977,0.0,0.0,0.0
2023-06-19 05:00:00,2.104,5.763,3.951,0.0,0.0,0.0
2023-06-19 06:00:00,2.191,5.763,3.927,0.0,0.0,0.0
2023-06-19 07:00:00,2.137,5.763,3.902,0.0,0.0,0.0
2023-06-19 08:00:00,2.142,5.763,3.88,0.0,0.0,0.0
2023-06-19 09:00:00,2.129,5.763,3.854,0.0,0.0,0.0
2023-06-19 10:00:00,2.125,5.763,3.823,0.0,0.0,0.0
2023-06-19 11:00:00,2.16,5.763,3.789,0.012552412355519488,0.8960885618608767,3.0415769016078267
2023-06-19 12:00:00,2.12,5.763,3.757,0.0,0.0,0.0
2023-06-19 13:00:00,2.138,5.763,3.729,0.0,0.0,0.0
2023-06-19 14:00:00,2.118,5.763,3.71,0.0,0.0,0.0
2023-06-19 15:00:00,1.992,5.763,3.688,0.0,0.0,0.0
2023-06-19 16:00:00,1.939,5.763,3.676,0.9633784781834118,0.0,0.0
2023-06-19 17:00:00,1.891,5.763,3.665,0.0,0.0,0.0
2023-06-19 18:00:00,1.945,5.763,3.644,0.0,0.0,0.0
2023-06-19 19:00:00,2.013,5.763,3.623,4.439359189396288,1.1990008400307988,2.817705625335686
2023-06-19 20:00:00,2.054,5.763,3.6,0.0,0.0,0.0
2023-06-19 21:00:00,2.051,5.763,3.575,0.0,0.0,0.0
2023-06-19 22:00:00,2.113,5.763,3.547,11.115962884498533,12.323866082304937,2.42010717026826
2023-06-19 23:00:00,2.13,5.763,3.518,0.0,0.0,0.0
2023-06-20 00:00:00,2.156,5.763,3.49,6.645851583911594,2.219854351296735,2.655763545675882
2023-06-20 01:00:00,2.052,5.763,3.462,0.0,0.0,0.0
2023-06-20 02:00:00,1.899,5.763,3.442,0.0,0.0,0.0
2023-06-20 03:00:00,1.831,5.763,3.412,0.0,0.0,0.0
2023-06-20 04:00:00,1.609,5.763,3.388,0.0,0.0,0.0
2023-06-20 05:00:00,1.269,5.763,3.361,1.3012025219150063,3.214351075452332,0.39694984951806106
2023-06-20 06:00:00,1.387,5.763,3.34,0.0,0.0,0.0
2023-06-20 07:00:00,1.476,5.763,3.317,0.032560610863664366,0.00821343788937257,1.2887034033419233
2023-06-20 08:00:00,1.442,5.763,3.197192307692308,0.0,0.0,0.0
2023-06-20 09:00:00,1.175,5.763,3.0773846153846156,0.15064058696631683,0.4749116151175956,3.6913166664080252
2023-06-20 10:00:00,0.9,5.763,2.9575769230769233,0.3755009506386979,8.923971952840201,0.1516450132213727
2023-06-20 11:00:00,0.915,5.763,2.837769230769231,4.362739090993583,0.7571065311138444,5.707149130387517
2023-06-20 12:00:00,0.58,5.763,2.7179615384615383,39.56928531841285,0.11209625790597934,8.681754473905832
2023-06-20 13:00:00,0.472,5.763,2.5981538461538465,0.0,0.0,0.0
2023-06-20 14:00:00,0.575,5.763,2.4783461538461538,2.5576594221497087,3.049032796462568,0.4759769035926635
2023-06-20 15:00:00,0.677,5.763,2.3585384615384615,0.0,0.0,0.0
2023-06-20 16:00:00,0.703,5.763,2.238730769230769,0.0,0.0,0.0
2023-06-20 17:00:00,0.825,5.763,2.118923076923077,0.0,0.0,0.0
2023-06-20 18:00:00,0.802,5.763,1.9991153846153846,0.0,0.0,0.0
2023-06-20 19:00:00,0.952,5.763,1.8793076923076923,0.0,0.0,0.0
2023-06-20 20:00:00,1.015,5.763,1.7595,6.3745521897081785,1.591236939753937,8.681638551908739
2023-06-20 21:00:00,1.24,5.763,1.6396923076923076,0.0,0.0,0.0
2023-06-20 22:00:00,1.236,5.763,1.5198846153846153,1.4018083697368178,11.745456567658696,9.172653489257918
2023-06-20 23:00:00,1.296,5.763,1.400076923076923,0.0,0.0,0.0
2023-06-21 00:00:00,1.314,5.763,1.2802692307692305,0.0,0.0,0.0
2023-06-21 01:00:00,1.281,5.763,1.1604615384615382,0.0,0.0,0.0
2023-06-21 02:00:00,1.312,5.763,1.040653846153846,0.0,0.0,3.603755149114114
2023-06-21 03:00:00,1.397,5.763,0.9208461538461536,0.28680944542639736,3.359418932015742,1.3657587619210134
2023-06-21 04:00:00,1.335,5.763,0.8010384615384614,0.2922696244904108,1.3689695443756011,2.0902530790009184
2023-06-21 05:00:00,1.289,5.763,0.6812307692307691,0.0,0.0,0.0
2023-06-21 06:00:00,1.047,5.763,0.5614230769230768,0.0,0.0,0.0
2023-06-21 07:00:00,0.967,5.763,0.4416153846153845,2.0566246392919907,0.1575454997782077,1.3088485667521246
2023-06-21 08:00:00,0.877,5.763,0.4416153846153845,0.0,0.0,0.0
2023-06-21 09:00:00,0.861,5.763,0.202,0.19700875328608206,1.5458639468748727,1.4822143968498132
2023-06-21 10:00:00,0.991,5.763,0.3125,0.0,0.0,0.0
2023-06-21 11:00:00,0.987,5.763,0.423,6.530472208281697,4.6377972491229915,0.07054579395976199
2023-06-21 12:00:00,1.095,5.763,0.467,0.0,0.0,0.0
2023-06-21 13:00:00,1.198,5.763,0.5,0.0,0.0,0.0
2023-06-21 14:00:00,1.256,5.763,0.51,0.0,0.0,0.0
2023-06-21 15:00:00,1.34,5.763,0.528,0.0,0.0,0.0
2023-06-21 16:00:00,1.349,5.763,0.537,3.131312763009841,0.41261984249786704,1.5592645774276523
2023-06-21 17:00:00,1.47,5.763,0.53,0.0,0.0,0.0
2023-06-21 18:00:00,1.464,5.763,0.536,0.0,0.0,1.7806334507133015
2023-06-21 19:00:00,1.524,5.763,0.498,5.81040439560026,0.9311627696225624,2.5266176285599062
2023-06-21 20:00:00,1.527,5.763,0.465,2.6666036984959245,1.8262849662551308,0.04505857528662322
2023-06-21 21:00:00,1.579,5.763,0.424,0.0,0.0,0.0
2023-06-21 22:00:00,1.585,5.763,0.38,0.0,0.0,0.0
2023-06-21 23:00:00,1.59,5.763,0.319,0.0,0.0,0.0
2023-06-22 00:00:00,1.689,5.763,0.276,0.0,0.0,0.0
2023-06-22 01:00:00,1.634,5.763,0.223,2.4165632870574454,2.7167099388272944,2.6656697920021135
2023-06-22 02:00:00,1.614,5.763,0.177,0.0,0.0,0.0
2023-06-22 03:00:00,1.518,5.763,0.152,0.0,0.0,0.0
2023-06-22 04:00:00,1.344,5.763,0.083,13.768220751189132,1.2164860293538018,1.3943569662158883
2023-06-22 05:00:00,1.076,5.763,0.036,0.0,0.0,0.0
2023-06-22 06:00:00,0.583,5.763,0.014,16.298617588780303,10.438422067271095,0.7592934793028372
2023-06-22 07:00:00,0.449,5.763,0.015666666666666666,0.0,0.0,0.0
2023-06-22 08:00:00,0.701,5.763,0.017333333333333333,0.19527834490189047,0.0,0.0
2023-06-22 09:00:00,0.736,5.763,0.019,0.0,0.0,0.0
2023-06-22 10:00:00,0.771,5.763,0.020666666666666667,0.0,0.0,0.0
2023-06-22 11:00:00,0.748,5.763,0.022333333333333334,0.0,0.0,0.0
2023-06-22 12:00:00,0.856,5.763,0.024,0.0,0.0,0.0
2023-06-22 13:00:00,0.972,5.763,0.064,0.0,0.0,0.0
2023-06-22 14:00:00,1.084,5.763,0.116,0.0,0.0,0.0
2023-06-22 15:00:00,1.16,5.763,0.156,0.0,0.0,0.0
2023-06-22 16:00:00,1.209,5.763,0.189,9.959083587627337,6.990063795676446,2.690858123801723
2023-06-22 17:00:00,1.269,5.763,0.212,0.0,0.0,0.0
2023-06-22 18:00:00,1.293,5.763,0.211,0.0,0.0,0.0
2023-06-22 19:00:00,1.346,5.763,0.215,0.0,0.0,0.0
2023-06-22 20:00:00,1.392,5.763,0.21,0.0,0.0,0.0
2023-06-22 21:00:00,1.416,5.763,0.189,0.0,0.0,0.0
2023-06-22 22:00:00,1.466,5.763,0.187,0.0,0.0,0.0
2023-06-22 23:00:00,1.513,5.763,0.168,1.3325280743459138,3.0812204354382424,6.563411150006166
2023-06-23 00:00:00,1.535,5.763,0.139,0.0,0.0,0.0
2023-06-23 01:00:00,1.537,5.763,0.115,0.0,0.0,0.0
2023-06-23 02:00:00,1.592,5.763,0.058,3.2555919262629565,1.039440200867176,5.262523076255075
2023-06-23 03:00:00,1.637,5.763,0.007,0.0,0.0,0.0
2023-06-23 04:00:00,1.606,5.763,0.007040072859744991,0.0,0.0,0.0
2023-06-23 05:00:00,1.596,5.763,0.007080145719489982,0.0,0.0,0.0
2023-06-23 06:00:00,1.65,5.763,0.007120218579234973,3.8520412160012603,0.18175274361978416,5.633892918483431
2023-06-23 07:00:00,1.636,5.763,0.0071602914389799635,0.0,0.0,0.0
2023-06-23 08:00:00,1.676,5.763,0.007200364298724954,0.0,0.0,0.0
2023-06-23 09:00:00,1.743,5.763,0.007240437158469945,0.0,0.0,0.0
2023-06-23 10:00:00,1.717,5.763,0.007280510018214936,0.0,0.0,0.0
2023-06-23 11:00:00,1.758,5.763,0.007320582877959927,0.99614029746637,3.273150428655692,0.2949594289491137
2023-06-23 12:00:00,1.757,5.763,0.007360655737704918,9.482197079901068,2.66670793382483,1.7434377764135944
2023-06-23 13:00:00,2.011,5.763,0.0074007285974499095,0.0,0.0,0.0
2023-06-23 14:00:00,1.912,5.763,0.0074408014571949,0.0,0.0,0.0
2023-06-23 15:00:00,2.046,5.763,0.007480874316939891,0.9007729688378254,0.8103685747451537,0.09221863413412629
2023-06-23 16:00:00,2.018,5.763,0.007520947176684882,0.0,0.0,0.0
2023-06-23 17:00:00,1.966,5.763,0.007561020036429873,0.0,0.0,0.0
2023-06-23 18:00:00,1.994,5.763,0.007601092896174864,0.0,0.0,0.5752796230543697
2023-06-23 19:00:00,1.983,5.763,0.007641165755919855,0.0,0.0,0.0
2023-06-23 20:00:00,1.984,5.763,0.0076812386156648454,0.0,0.0,0.0
2023-06-23 21:00:00,2.016,5.763,0.007721311475409836,0.0,0.0,0.0
2023-06-23 22:00:00,2.036,5.763,0.007761384335154827,0.0,0.0,1.5116620828746232
2023-06-23 23:00:00,2.005,5.763,0.007801457194899818,0.0,0.0,0.0
2023-06-24 00:00:00,1.998,5.763,0.007841530054644809,0.0,0.0,0.0
2023-06-24 01:00:00,2.022,5.763,0.0078816029143898,0.0,0.0,0.0
2023-06-24 02:00:00,2.065,5.763,0.00792167577413479,5.546036068212377,1.7139657474053442,1.1652253723392707
2023-06-24 03:00:00,2.062,5.763,0.007961748633879781,0.0,0.0,0.0
2023-06-24 04:00:00,2.058,5.763,0.007961748633879781,0.0,0.0,0.0
2023-06-24 05:00:00,2.079,5.763,0.007961748633879781,2.0497822538102,3.5540845001919044,0.22452940940554614
2023-06-24 06:00:00,2.13,5.763,0.008001896256422805,0.0,0.0,0.0
2023-06-24 07:00:00,2.105,5.763,0.008042043878965826,0.0,0.0,0.0
2023-06-24 08:00:00,2.109,5.763,0.008082191501508849,0.0,0.0,0.0
2023-06-24 09:00:00,2.138,5.763,0.008122339124051872,0.0,0.0,0.0
2023-06-24 10:00:00,2.173,5.763,0.008162486746594894,0.0,0.0,0.0
2023-06-24 11:00:00,2.165,5.763,0.008202634369137917,4.448210111427363,0.9612791526092389,1.47654938055474
2023-06-24 12:00:00,2.135,5.763,0.00824278199168094,0.0,0.0,0.0
2023-06-24 13:00:00,2.147,5.763,0.008282929614223961,0.0,0.0,0.0
2023-06-24 14:00:00,2.179,5.763,0.008323077236766984,0.0,0.0,0.0
2023-06-24 15:00:00,2.138,5.763,0.008363224859310008,0.0,0.0,0.0
2023-06-24 16:00:00,2.227,5.763,0.00840337248185303,0.0,0.0,0.0
2023-06-24 17:00:00,2.2655,5.763,0.008443520104396052,0.0,0.0,0.0
2023-06-24 18:00:00,2.304,5.763,0.008483667726939075,0.0,0.0,0.0
2023-06-24 19:00:00,2.229,5.763,0.008523815349482098,0.0,0.0,0.0
2023-06-24 20:00:00,2.282,5.763,0.00856396297202512,0.0,0.0,2.8214327054613895
2023-06-24 21:00:00,2.263,5.763,0.008604110594568143,0.22170183429381365,0.1824907862889365,5.897851620438623
2023-06-24 22:00:00,2.305,5.763,0.008644258217111166,0.0,0.0,0.0
2023-06-24 23:00:00,2.303,5.763,0.008684405839654187,0.0,0.0,0.0
2023-06-25 00:00:00,2.319,5.763,0.00872455346219721,0.0010923639439156005,2.5870016312891884,1.9809326161162955
2023-06-25 01:00:00,2.336,5.763,0.008764701084740234,1.2697875976418822,0.33106332298881014,2.6728471091134183
2023-06-25 02:00:00,2.364,5.763,0.008804848707283255,0.0,0.0,0.0
2023-06-25 03:00:00,2.36,5.763,0.008844996329826278,0.0,0.0,0.0
2023-06-25 04:00:00,2.345,5.763,0.008885143952369301,0.0,0.0,0.0
2023-06-25 05:00:00,2.349,5.763,0.008925291574912323,0.0,0.0,0.0
2023-06-25 06:00:00,2.388,5.763,0.008925291574912323,0.0,0.0,0.0
2023-06-25 07:00:00,2.419,5.763,0.008925291574912323,0.0,0.0,0.0
2023-06-25 08:00:00,2.381,5.763,0.008925291574912323,0.0,0.0,2.787619694572805
2023-06-25 09:00:00,2.408,5.763,0.008925291574912323,0.0,0.0,0.0
2023-06-25 10:00:00,2.448,5.763,0.008925291574912323,0.0,0.0,0.0
2023-06-25 11:00:00,2.439,5.763,0.008925291574912323,0.0,0.0,0.3474387953043818
2023-06-25 12:00:00,2.443,5.763,0.008925291574912323,0.0,0.0,0.0
2023-06-25 13:00:00,2.448,5.763,0.008925291574912323,0.0,0.0,0.0
2023-06-25 14:00:00,2.446,5.763,0.008925291574912323,0.0,0.0,0.0
2023-06-25 15:00:00,2.457,5.763,0.008925291574912323,0.0,0.0,0.0
2023-06-25 16:00:00,2.449,5.763,0.008925291574912323,1.6286709826306496,0.02542358970613015,4.448288102126593
2023-06-25 17:00:00,2.453,5.763,0.008925291574912323,0.0,0.0,0.0
2023-06-25 18:00:00,2.458,5.763,0.008925291574912323,7.664419205292319,0.6120506222812995,18.758407502551716
2023-06-25 19:00:00,2.454,5.763,0.008925291574912323,5.4264930039641195,7.0829546434593755,1.065961789980664
2023-06-25 20:00:00,2.452,5.763,0.008925291574912323,0.0,0.0,0.0
2023-06-25 21:00:00,2.139,5.763,0.008925291574912323,4.250619481294282,0.16720661216499527,0.7342637164714843
2023-06-25 22:00:00,2.111,5.763,0.008925291574912323,11.925171482308473,1.4335554546033038,4.124005227472623
2023-06-25 23:00:00,2.206,5.763,0.008925291574912323,0.0,0.0,0.0
2023-06-26 00:00:00,2.318,5.763,0.008925291574912323,0.0,0.0,0.0
2023-06-26 01:00:00,2.318,5.763,0.008925291574912323,1.505845875745643,2.6301175691966945,1.319673531952363
2023-06-26 02:00:00,2.336,5.763,0.008925291574912323,0.0,0.0,0.0
2023-06-26 03:00:00,2.376,5.763,0.008925291574912323,0.0,0.0,0.0
2023-06-26 04:00:00,2.288,5.763,0.008925291574912323,1.019295285313602,0.0,0.8495548033954798
2023-06-26 05:00:00,2.198,5.763,0.008925291574912323,0.0,0.0,0.0
2023-06-26 06:00:00,2.029,5.763,0.008925291574912323,0.0,0.0,0.0
2023-06-26 07:00:00,1.702,5.763,0.008925291574912323,0.0,0.0,0.0
2023-06-26 08:00:00,1.464,5.763,0.008925291574912323,0.08081880660429325,6.189876856605162,3.7906192268869927
2023-06-26 09:00:00,1.38,5.763,0.008925291574912323,0.0,0.0,0.0
2023-06-26 10:00:00,1.416,5.763,0.008925291574912323,0.0,0.0,0.0
2023-06-26 11:00:00,1.585,5.763,0.008925291574912323,1.9951058862263278,1.790622366304824,2.829083138598026
2023-06-26 12:00:00,1.686,5.763,0.008925291574912323,0.0,0.0,0.0
2023-06-26 13:00:00,1.734,5.763,0.008925291574912323,0.0,0.0,0.0
2023-06-26 14:00:00,1.837,5.763,0.008925291574912323,0.47614431843613625,10.715625166040557,8.849820988332352
2023-06-26 15:00:00,1.975,5.763,0.008925291574912323,3.8294010118212616,1.4686408797771378,1.1842911824885525
2023-06-26 16:00:00,2.068,5.763,0.008925291574912323,0.0,0.0,0.0
2023-06-26 17:00:00,2.176,5.763,0.008925291574912323,0.0,0.0,0.0
2023-06-26 18:00:00,2.219,5.763,0.008925291574912323,0.0,0.0,0.0
2023-06-26 19:00:00,2.274,5.763,0.008925291574912323,1.284625970316984,1.614688625892557,0.1902535701882897
2023-06-26 20:00:00,2.334,5.763,0.008925291574912323,0.0,0.0,0.0
2023-06-26 21:00:00,2.412,5.763,0.008925291574912323,0.0,0.0,0.0
2023-06-26 22:00:00,2.435,5.763,0.008925291574912323,12.61764968181766,3.966909043617749,2.344921721096661
2023-06-26 23:00:00,2.45,5.763,0.008925291574912323,0.0,0.0,0.0
2023-06-27 00:00:00,2.444,5.763,0.008925291574912323,8.046027542399248,3.378650650876905,0.3166351640472505
2023-06-27 01:00:00,2.399,5.763,0.008925291574912323,0.0,0.0,0.0
2023-06-27 02:00:00,2.464,5.763,0.008925291574912323,2.4657664124573873,0.17389084078318962,6.276478772818206
2023-06-27 03:00:00,2.4,5.763,0.008925291574912323,0.0,0.0,0.0
2023-06-27 04:00:00,2.299,5.763,0.008925291574912323,0.0,0.0,0.0
2023-06-27 05:00:00,2.283,5.763,0.008925291574912323,0.0,0.0,0.0
2023-08-05 21:00:00,2.289,1.309,0.051,0.0,0.0,0.0
2023-08-05 22:00:00,2.282,1.305,0.051,5.88628259709033,7.512956967048599,0.8483534645244467
2023-08-05 23:00:00,2.277,1.303,0.051,0.14349757567166782,3.611416064713286,0.03648415995780313
2023-08-06 00:00:00,2.316,1.299,0.051,0.0,0.0,0.0
2023-08-06 01:00:00,2.334,1.296,0.051,0.0,0.0,0.38920243902599605
2023-08-06 02:00:00,2.286,1.292,0.051,4.37953740090048,1.770331902762336,1.5738497645994156
2023-08-06 03:00:00,2.326,1.29,0.051,0.0,0.0,0.0
2023-08-06 04:00:00,2.299,1.286,0.051,0.0,0.0,0.0
2023-08-06 05:00:00,2.278,1.287,0.051,0.0,0.0,0.0
2023-08-06 06:00:00,2.324,1.286,0.051,0.7616181180965225,2.464553565025188,0.22557393253186903
2023-08-06 07:00:00,2.362,1.288,0.051,0.0,0.0,0.0
2023-08-06 08:00:00,2.334,1.288,0.051,0.0,0.0,0.0
2023-08-06 09:00:00,2.337,1.289,0.051,0.0,0.0,0.0
2023-08-06 10:00:00,2.376,1.292,0.051,0.0,0.0,0.0
2023-08-06 11:00:00,2.393,1.29,0.051,0.0,0.0,0.0
2023-08-06 12:00:00,2.397,1.287,0.051,8.70627821614006,0.6772586016825127,4.057963170401257
2023-08-06 13:00:00,2.394,1.289,0.051,8.81077883378332,16.318262320014625,3.4483411073076784
2023-08-06 14:00:00,2.405,1.289,0.051,0.0,0.0,0.0
2023-08-06 15:00:00,2.445,1.287,0.051,0.0,0.0,0.0
2023-08-06 16:00:00,2.423,1.284,0.051,0.0,0.0,0.0
2023-08-06 17:00:00,2.417,1.277,0.051,0.0,0.0,0.0
2023-08-06 18:00:00,2.409,1.274,0.051,0.0,0.0,0.0
2023-08-06 19:00:00,2.323,1.271,0.051,0.0,0.0,0.0
2023-08-06 20:00:00,1.363,1.268,0.051,0.0618921324365141,1.2458913112446448,0.15048974419701439
2023-08-06 21:00:00,1.402,1.269,0.051,0.0,0.0,0.0
2023-08-06 22:00:00,1.685,1.272,0.051,0.0,0.0,0.0
2023-08-06 23:00:00,1.849,1.339,0.051,1.3291735654692707,3.6613412673564723,3.5770786317394
2023-08-07 00:00:00,1.808,1.517,0.051,2.756961274547813,0.16284505753486442,0.585396654212134
2023-08-07 01:00:00,1.796,1.553,0.051,0.42440820841170684,0.7731150846590861,2.578257722616158
2023-08-07 02:00:00,1.889,1.523,0.051,1.033180248363173,4.183372290724388,2.6345959360763738
2023-08-07 03:00:00,1.857,1.5,0.051,0.00829169418650966,0.7145354303053304,2.0082207513717676
2023-08-07 04:00:00,1.617,1.484,0.051,5.847705735880472,1.9778930312806993,1.516326336349356
2023-08-07 05:00:00,1.675,1.484,0.051,2.4786276878857985,6.9728690974746135,7.21964285963391
2023-08-07 06:00:00,1.534,1.474,0.051,0.0,0.0,0.0
2023-08-07 07:00:00,1.571,1.512,0.051,0.0,2.432335584893065,0.0
2023-08-07 08:00:00,1.758,1.526,0.051,0.0,0.0,0.0
2023-08-07 09:00:00,1.764,1.514,0.051,0.0,0.0,0.0
2023-08-07 10:00:00,1.862,1.5,0.051,1.688204888446519,1.832341192750861,4.6135987691832305
2023-08-07 11:00:00,1.93,1.486,0.051,0.0,0.0,1.6316703614431098
2023-08-07 12:00:00,1.985,1.469,0.051,0.0,0.0,0.0
2023-08-07 13:00:00,1.987,1.452,0.051,0.0,0.0,0.0
2023-08-07 14:00:00,1.898,1.44,0.051,0.0,0.0,0.0
2023-08-07 15:00:00,1.794,1.437,0.051,1.4424909186362893,2.8596297612689185,10.526333332715836
2023-08-07 16:00:00,1.823,1.433,0.051,0.0,0.0,0.0
2023-08-07 17:00:00,1.959,1.428,0.051,0.0,0.0,0.0
2023-08-07 18:00:00,1.924,1.421,0.051,0.0,0.0,0.0
2023-08-07 19:00:00,1.979,1.413,0.051,0.0,0.0,0.0
2023-08-07 20:00:00,1.942,1.408,0.051,0.0,0.0,0.0
2023-08-07 21:00:00,1.951,1.407,0.051,0.4499905417191885,1.4254148011733456,3.094879761128853
2023-08-07 22:00:00,1.805,1.41,0.423,0.0,0.0,0.0
2023-08-07 23:00:00,1.703,1.411,0.53,0.0,0.0,0.0
2023-08-08 00:00:00,1.718,1.407,0.605,0.0,0.0,0.0
2023-08-08 01:00:00,1.68,1.405,0.492,0.0,0.0,0.0
2023-08-08 02:00:00,1.636,1.412,0.324,1.4706803904033083,9.47880112550636,5.60428684904179
2023-08-08 03:00:00,1.551,1.422,0.196,0.0,0.0,0.0
2023-08-08 04:00:00,1.538,1.426,0.096,0.0,0.0,0.0
2023-08-08 05:00:00,1.648,1.461,0.11515789473684211,0.0,0.0,0.0
2023-08-08 06:00:00,1.701,1.525,0.13431578947368422,0.7005416501817908,2.017937493625214,0.5874830980946338
2023-08-08 07:00:00,1.705,1.526,0.15347368421052632,2.0921910411479043,6.978520795622782,1.2958436071299562
2023-08-08 08:00:00,1.83,1.5,0.1726315789473684,0.0,0.0,0.0
2023-08-08 09:00:00,1.867,1.482,0.1917894736842105,0.0,0.0,0.0
2023-08-08 10:00:00,1.851,1.47,0.21094736842105263,1.0343068924118395,4.69223985630944,0.014119920499841308
2023-08-08 11:00:00,1.87,1.452,0.23010526315789473,0.0,0.0,0.0
2023-08-08 12:00:00,1.823,1.44,0.24926315789473685,0.0,0.0,0.0
2023-08-08 13:00:00,1.873,1.429,0.26842105263157895,4.678476254281898,10.660184178846373,2.207610093453833
2023-08-08 14:00:00,1.85,1.424,0.28757894736842105,0.0,0.0,0.0
2023-08-08 15:00:00,1.857,1.419,0.3067368421052632,0.0,0.0,0.0
2023-08-08 16:00:00,1.939,1.422,0.32589473684210524,0.0,0.0,0.0
2023-08-08 17:00:00,2.125,1.434,0.3450526315789474,0.0,0.0,0.0
2023-08-08 18:00:00,2.11,1.436,0.36421052631578943,7.877105680803805,7.401053194153938,5.148922713234632
2023-08-08 19:00:00,2.003,1.437,0.3833684210526316,0.0,0.0,0.0
2023-08-08 20:00:00,1.943,1.429,0.40252631578947373,0.0,0.0,0.0
2023-08-08 21:00:00,2.005,1.422,0.4216842105263158,0.0,0.0,0.0
2023-08-08 22:00:00,1.882,1.414,0.4408421052631579,0.0,0.0,0.0
2023-08-08 23:00:00,1.855,1.409,0.46,3.0821845335364437,0.21532126403420873,0.21982630020035768
2023-08-09 00:00:00,1.681,1.406,0.531,0.0,0.0,0.0
2023-08-09 01:00:00,1.559,1.403,0.531,0.46098472805326884,0.35774818769928685,1.502569997957963
2023-08-09 02:00:00,1.16,1.402,1.683,18.434647362884593,3.247500694470378,4.386818847662807
2023-08-09 03:00:00,0.689,1.407,1.683,0.0,0.0,0.0
2023-08-09 04:00:00,0.86,1.438,1.636,0.0,0.0,0.0
2023-08-09 05:00:00,0.9235454545454546,1.468,1.567,0.0,0.0,0.0
2023-08-09 06:00:00,0.987090909090909,1.635,1.498,0.0,0.0,0.0
2023-08-09 07:00:00,1.0506363636363636,1.725,4.242,0.0,0.0,0.0
2023-08-09 08:00:00,1.1141818181818182,1.782,4.221,0.0,0.0,0.0
2023-08-09 09:00:00,1.1777272727272727,1.83,4.178,3.2925221155233473,4.874508895924408,1.1953913366609783
2023-08-09 10:00:00,1.2412727272727273,1.863,4.141,0.0,0.0,0.0
2023-08-09 11:00:00,1.3048181818181819,1.843,4.105,2.0257879393112157,0.3037247501083717,0.7916166757175127
2023-08-09 12:00:00,1.3683636363636364,1.81,4.076,0.0,0.0,0.0
2023-08-09 13:00:00,1.431909090909091,1.762,4.039,0.0,0.0,0.0
2023-08-09 14:00:00,1.4954545454545456,1.725,4.006,0.0,0.0,0.0
2023-08-09 15:00:00,1.559,1.693,3.973,0.0,0.0,0.0
2023-08-09 16:00:00,1.612,1.664,3.94,0.0,0.0,0.0
2023-08-09 17:00:00,1.68,1.644,3.904,13.531085092658625,0.0,0.0
2023-08-09 18:00:00,1.681,1.618,3.876,0.0,0.0,0.0
2023-08-09 19:00:00,1.657,1.598,3.845,0.0,0.0,0.0
2023-08-09 20:00:00,1.786,1.582,3.805,0.0,0.0,0.0
2023-08-09 21:00:00,1.753,1.571,3.772,1.975025807647991,2.014103006144848,3.9109441809027707
2023-08-09 22:00:00,1.794,1.556,3.738,0.0,0.0,0.0
2023-08-09 23:00:00,1.642,1.543,3.708,0.0,0.0,0.0
2023-08-10 00:00:00,1.609,1.533,3.679,0.0,0.0,0.0
2023-08-10 01:00:00,1.564,1.522,3.654,0.0,0.0,0.0
2023-08-10 02:00:00,1.683,1.515,3.631,8.588034635489507,2.139070463540943,1.7871105885739307
2023-08-10 03:00:00,1.806,1.507,3.612,0.7528921475870753,6.317483409641259,1.815767031420877
2023-08-10 04:00:00,1.762,1.502,3.582,0.0,0.0,0.0
2023-08-10 05:00:00,1.734,1.493,6.851,0.0,0.0,0.0
2023-08-10 06:00:00,1.906,1.486,6.852,0.0,0.0,0.0
2023-08-10 07:00:00,1.849,1.481,6.862,0.0,0.0,0.0
2023-08-10 08:00:00,1.795,1.477,7.9,10.877240930242944,0.3590611204145375,4.8207556295783425
2023-08-10 09:00:00,1.827,1.471,7.9,0.0,0.0,0.0
2023-08-10 10:00:00,1.872,1.467,7.9,0.0,0.0,0.0
2023-08-10 11:00:00,1.871,1.466,7.9,0.0,0.0,0.0
2023-08-10 12:00:00,1.876,1.458,7.9,0.0,0.0,0.0
2023-08-10 13:00:00,1.918,1.453,7.9,0.0,0.0,0.0
2023-08-10 14:00:00,1.917,1.449,7.9,0.0,0.0,0.0
2023-08-10 15:00:00,1.91,1.441,7.9,0.0,0.0,0.0
2023-08-10 16:00:00,1.817,1.438,7.9,0.0,0.0,0.0
2023-08-10 17:00:00,1.798,1.436,7.9,0.0,0.0,0.0
2023-08-10 18:00:00,1.782,1.447,7.9,0.0,0.0,0.0
2023-08-10 19:00:00,1.74,1.456,7.9,0.0,10.334771444039799,0.0
2023-08-10 20:00:00,1.783,1.451,7.9,0.0,0.0,0.0
2023-08-10 21:00:00,1.677,1.446,7.9,0.0,0.0,0.0
2023-08-10 22:00:00,1.454,1.446,6.812,0.0,0.0,0.0
2023-08-10 23:00:00,1.45,1.448,6.813,4.771485287266048,4.380424744510977,26.724531435338058
2023-08-11 00:00:00,1.478,1.44,6.813,0.0,0.0,0.0
2023-08-11 01:00:00,1.532,1.434,6.808,0.0,0.0,0.097173709439125
2023-08-11 02:00:00,1.616,1.435,6.819,0.0,0.0,0.0
2023-08-11 03:00:00,1.604,1.431,7.9,0.0,0.0,0.0
2023-08-11 04:00:00,1.719,1.437,7.9,0.0,0.0,0.0
2023-08-11 05:00:00,1.782,1.434,7.9,0.0,0.0,0.0
2023-08-11 06:00:00,1.821,1.432,7.9,3.221863006105877,2.355705690149507,2.1768774696758717
2023-08-11 07:00:00,1.88,1.438,7.9,0.0,0.0,0.0
2023-08-11 08:00:00,1.848,1.443,6.845,0.0,0.0,0.0
2023-08-11 09:00:00,1.848,1.444,7.9,0.0,0.0,0.0
2023-08-11 10:00:00,1.882,1.438,7.9,0.0,0.0,0.0
2023-08-11 11:00:00,1.896,1.436,7.9,0.0,0.0,0.0
2023-08-11 12:00:00,1.949,1.436,7.9,0.0,0.0,0.0
2023-08-11 13:00:00,2.041,1.435,7.9,0.0,0.0,0.0
2023-08-11 14:00:00,1.923,1.436,7.9,0.0,0.0,0.0
2023-08-11 15:00:00,1.972,1.437,7.9,0.0,0.0,0.0
2023-08-11 16:00:00,1.974,1.434,7.9,0.0,0.0,0.0
2023-08-11 17:00:00,1.942,1.429,7.9,0.0,0.0,0.0
2023-08-11 18:00:00,1.938,1.426,7.9,0.0,0.0,0.0
2023-08-11 19:00:00,1.91,1.421,7.9,0.0,0.0,0.0
2023-08-11 20:00:00,2.016,1.415,7.9,2.8841199034521625,1.1502959790697835,0.7578554065982451
2023-08-11 21:00:00,2.042,1.416,7.9,0.0,0.0,0.0
2023-08-11 22:00:00,1.975,1.414,7.9,0.0,0.0,0.0
2023-08-11 23:00:00,2.007,1.422,7.9,0.0,0.0,0.0
2023-08-12 00:00:00,1.986,1.447,7.9,0.0,0.0,0.0
2023-08-12 01:00:00,2.016,1.456,7.9,1.5289135767133692,0.020168984774397162,1.2197468043504325
2023-08-12 02:00:00,2.104,1.454,7.9,4.127546209376027,0.0,0.0
2023-08-12 03:00:00,2.107,1.444,7.9,0.0,0.0,0.0
2023-08-12 04:00:00,2.037,1.433,7.9,0.0,0.0,0.0
2023-08-12 05:00:00,2.015,1.423,7.9,0.0,0.0,1.0332798597030455
2023-08-12 06:00:00,2.041,1.413,7.9,0.0,0.0,0.0
2023-08-12 07:00:00,2.101,1.404,7.676371428571429,5.8434491915375775,3.3362859072982753,3.012805607074621
2023-08-12 08:00:00,2.077,1.398,7.452742857142858,0.0,0.0,0.0
2023-08-12 09:00:00,2.091,1.393,7.229114285714286,0.0,0.0,0.0
2023-08-12 10:00:00,2.096,1.386,7.005485714285714,0.0,0.15917407054128313,0.0
2023-08-12 11:00:00,2.138,1.383,6.7818571428571435,0.6731867590876044,3.6111195569032173,0.19506907697226078
2023-08-12 12:00:00,2.143,1.381,6.558228571428572,1.7063092626724223,1.3716888447830229,2.437563454392067
2023-08-12 13:00:00,2.129,1.363,6.3346,0.0,0.0,0.0
2023-08-12 14:00:00,2.092,1.364,6.110971428571428,0.0,0.0,0.0
2023-08-12 15:00:00,2.128,1.363,5.887342857142857,0.0,0.0,0.0
2023-08-12 16:00:00,2.174,1.363,5.663714285714286,3.7612097496323074,0.042856378464396244,0.6076019681306187
2023-08-12 17:00:00,2.09,1.356,5.440085714285715,0.31825444327236885,4.088325870970428,3.044597561921732
2023-08-12 18:00:00,2.131,41.348,5.216457142857143,0.0,0.0,0.0
2023-08-12 19:00:00,1.957,1.344,4.992828571428571,3.4542208841132824,0.7813821877642695,2.60061215400267
2023-08-12 20:00:00,1.891,1.34,4.7692,1.5773574201019436,0.0,0.0
2023-08-12 21:00:00,1.953,1.336,4.545571428571429,1.4439657393487342,1.247688246674084,7.644370671257932
2023-08-12 22:00:00,2.003,1.333,4.321942857142857,33.19407025453461,0.0,0.0
2023-08-12 23:00:00,2.069,1.331,4.098314285714286,6.984306914818162,3.7105510815908707,0.31164365510115
2023-08-13 00:00:00,2.101,1.329,3.8746857142857145,7.459676746520531,0.0,0.0
2023-08-13 01:00:00,2.154,1.33,3.651057142857143,0.0,0.0,0.0
2023-08-13 02:00:00,2.139,1.329,3.427428571428571,0.7006606342381394,1.9991415028468487,15.92326252185549
2023-08-13 03:00:00,2.042,1.332,3.2038,0.0,0.0,0.0
2023-08-13 04:00:00,1.669,1.328,2.9801714285714285,0.0,0.0,0.0
2023-08-13 05:00:00,1.683,1.333,2.7565428571428567,0.0,0.0,0.0
2023-08-13 06:00:00,1.545,1.334,2.532914285714286,5.534798517291407,0.03940617158024254,2.221585988477557
2023-08-13 07:00:00,1.604,1.334,2.532914285714286,0.0,0.0,0.0
2023-08-13 08:00:00,1.347,1.342,2.532914285714286,0.0,0.0,0.0
2023-08-13 09:00:00,1.194,1.344,2.2595904761904766,0.0,0.0,0.0
2023-08-13 10:00:00,1.105,1.357,1.9862666666666668,0.0,0.0,0.0
2023-08-13 11:00:00,1.124,1.394,1.712942857142857,0.0,0.0,0.0
2023-08-13 12:00:00,1.158,1.438,1.4396190476190478,2.6457739200966284,1.0100284429808963,0.4278796376680426
2023-08-13 13:00:00,1.169,1.461,1.166295238095238,0.0,0.0,0.0
2023-08-13 14:00:00,1.074,1.507,0.8929714285714285,0.0,0.0,0.0
2023-08-13 15:00:00,1.035,1.516,0.619647619047619,0.0,0.0,0.0
2023-08-13 16:00:00,1.055,1.511,0.3463238095238097,0.0,0.0,0.0
2023-08-13 17:00:00,1.08,1.5,0.073,0.0,0.0,0.0
2023-08-13 18:00:00,1.042,1.489,0.223,0.0,0.0,1.6259447959152424
2023-08-13 19:00:00,1.235,1.484,0.333,0.0,0.0,0.0
2023-08-13 20:00:00,1.197,1.5,0.363,0.0,11.455594734216316,0.0
2023-08-13 21:00:00,1.172,1.512,0.337,0.0,0.0,0.0
2023-08-13 22:00:00,1.178,1.508,0.318,0.0,0.0,0.0
2023-08-13 23:00:00,1.281,1.491,0.249,0.0,0.0,0.0
2023-08-14 00:00:00,1.292,1.479,0.198,0.0,0.0,0.0
2023-08-14 01:00:00,1.284,1.47,6.725,0.40695746475262257,7.016968684341001,0.0743044075727867
2023-08-14 02:00:00,1.248,1.461,6.722,0.0,0.0,0.627833407607929
2023-08-14 03:00:00,1.422,1.459,6.726,0.0,0.0,0.0
2023-08-14 04:00:00,1.375,1.452,6.733,0.0,0.0,0.0
2023-08-14 05:00:00,1.378,1.451,6.721,0.19838378012043878,2.1731546432771864,9.561425521729763
2023-08-14 06:00:00,1.501,1.45,6.715,1.0548497153585232,0.19512920411008494,0.7041033926436732
2023-08-14 07:00:00,1.478,1.449,6.739,0.0,0.0,0.0
2023-08-14 08:00:00,1.619,1.452,6.747,0.0,0.0,0.0
2023-08-14 09:00:00,1.537,1.454,6.738,0.0,0.0,0.0
2023-08-14 10:00:00,1.527,1.454,6.73,0.0,0.0,0.0
2023-08-14 11:00:00,1.569,1.451,7.9,0.0,0.0,0.0
2023-08-14 12:00:00,1.634,1.443,7.9,0.0,0.0,0.0
2023-08-14 13:00:00,1.579,1.438,7.9,1.2239246013888423,0.28046243153893036,8.765678733131221
2023-08-14 14:00:00,1.607,1.432,7.9,0.0,0.0,0.0
2023-08-14 15:00:00,1.655,1.426,6.695,7.9620574444824825,5.357681870388026,29.724123233931074
2023-08-14 16:00:00,1.643,1.421,6.687,3.690112772902168,0.0,0.0
2023-08-14 17:00:00,1.653,1.414,7.9,3.890189397644115,4.4031714704871785,5.821983805404365
2023-08-14 18:00:00,1.633,1.4,7.9,0.0,0.0,0.0
2023-08-14 19:00:00,1.722,1.402,7.9,0.0,0.0,42.81472690651187
2023-08-14 20:00:00,1.671,1.399,6.714,0.0,0.0,0.0
2023-08-14 21:00:00,1.739,1.395,6.707,0.0,0.0,0.0
2023-08-14 22:00:00,1.639,1.393,7.9,0.0,0.0,0.0
2023-08-14 23:00:00,1.566,1.393,6.713,0.0,0.0,0.0
2023-08-15 00:00:00,1.597,1.399,6.71,0.0,0.0,0.0
2023-08-15 01:00:00,1.587,1.402,7.9,0.0,0.0,0.0
2023-08-15 02:00:00,1.561,1.4,7.9,0.0,0.0,0.0
2023-08-15 03:00:00,1.675,1.399,6.682,1.6215737084524502,0.0,0.0
2023-08-15 04:00:00,1.683,1.395,7.9,0.0,0.0,0.0
2023-08-15 05:00:00,1.77,1.398,7.9,0.0,0.0,0.0
2023-08-15 06:00:00,1.657,1.431,7.499666666666667,0.0,0.0,0.0
2023-08-15 07:00:00,1.631,1.459,7.099333333333333,0.0,0.0,0.0
2023-08-15 08:00:00,1.63,1.462,6.699,0.0,0.0,0.0
2023-08-15 09:00:00,1.654,1.452,6.687,0.0,0.0,0.0
2023-08-15 10:00:00,1.71,1.443,6.691,0.7217972066696616,0.5905201986851935,1.154926101161101
2023-08-15 11:00:00,1.728,1.436,6.69,0.820822199023477,0.8096764163489651,6.7047999760650185
2023-08-15 12:00:00,1.758,1.425,6.699,0.0,0.0,0.0
2023-08-15 13:00:00,1.781,1.412,6.691,0.0,0.0,0.0
2023-08-15 14:00:00,1.7,1.405,6.683,0.0,0.0,0.0
2023-08-15 15:00:00,1.79,1.4,6.676,0.0,0.0,0.0
2023-08-15 16:00:00,1.741,1.392,6.674,7.898440148439846,1.4458356823004421,0.1304151951051305
2023-08-15 17:00:00,1.761,1.385,6.653,0.0,0.03649984375894677,0.0
2023-08-15 18:00:00,1.82,1.379,6.653,0.0,0.0,0.0
2023-08-15 19:00:00,1.788,1.377,6.658,0.0,0.0,0.0
2023-08-15 20:00:00,1.803,1.376,7.9,1.916012389888459,0.5495977608004127,0.7874618858478032
2023-08-15 21:00:00,1.807,1.373,6.655,0.0,0.0,0.0
2023-08-15 22:00:00,1.806,1.372,6.66,0.9089922195806118,7.741402102957737,0.02149916425485322
2023-08-15 23:00:00,1.824,1.369,6.643,0.0,0.0,0.0
2023-08-16 00:00:00,1.856,1.366,6.655,0.0,0.0,0.0
2023-08-16 01:00:00,1.804,1.363,6.665,0.0,0.0,0.0
2023-08-16 02:00:00,1.932,1.362,6.652,0.0,0.0,0.0
2023-08-16 03:00:00,1.888,1.367,6.657,0.0,0.0,0.0
2023-08-16 04:00:00,1.872,1.369,6.652,0.0,0.0,0.0
2023-08-16 05:00:00,1.889,1.371,6.658,0.0,0.0,0.0
2023-08-16 06:00:00,1.978,1.374,6.655,0.0,0.0,0.0
2023-08-16 07:00:00,1.841,1.371,6.668,0.0,0.0,1.90783209929825
2023-08-16 08:00:00,1.734,1.371,6.679,5.392719098458933,2.4215617706818917,1.5456650216671204
2023-08-16 09:00:00,1.687,1.368,6.673,0.0,0.0,0.0
2023-08-16 10:00:00,1.823,1.37,6.664,0.0,0.0,0.0
2023-08-16 11:00:00,1.91,1.49,6.667,0.0,0.0,0.0
2023-08-16 12:00:00,1.943,1.522,6.672,0.003863596090335661,1.306918965726998,0.1803565447984674
2023-08-16 13:00:00,1.957,1.516,6.664,0.0,0.0,0.0
2023-08-16 14:00:00,1.984,1.496,6.668,0.0,0.0,0.0
2023-08-16 15:00:00,1.97,1.474,6.671,0.0,0.0,0.0
2023-08-16 16:00:00,1.951,1.453,6.662,0.0,0.0,0.0
2023-08-16 17:00:00,1.983,1.433,6.679,1.7446747479868727,0.45174434481174647,2.6541913004404645
2023-08-16 18:00:00,1.974,1.413,6.623,0.0,0.0,0.0
2023-08-16 19:00:00,2.004,1.403,6.627,0.0,0.0,0.0
2023-08-16 20:00:00,1.983,1.393,6.642,0.0,0.0,0.0
2023-08-16 21:00:00,1.933,1.386,6.655,0.0,0.0,0.0
2023-08-16 22:00:00,1.997,1.383,6.646,0.0,12.986100676515443,0.0
2023-08-16 23:00:00,2.087,1.378,6.658,2.178926258406034,6.23534783674586,0.39823286660681867
2023-08-17 00:00:00,2.085,1.38,6.648,0.0,0.0,0.0
2023-08-17 01:00:00,2.097,1.38,6.651,0.0,0.0,0.0
2023-08-17 02:00:00,2.09,1.377,6.65,0.0,0.0,0.0
2023-08-17 03:00:00,2.015,1.377,6.66,0.0,0.0,0.0
2023-08-17 04:00:00,2.033,1.378,6.335,0.4890072377361674,5.644316313498569,0.07918406556853134
2023-08-17 05:00:00,2.097,1.375,6.648,0.0,0.0,0.0
2023-08-17 06:00:00,2.073,1.371,6.641,0.6601136115324155,0.5519409046657325,1.7966315960587074
2023-08-17 07:00:00,2.123,1.373,6.642,2.5159696196425902,0.9651458535076315,1.4749008897795706
2023-08-17 08:00:00,2.084,1.373,6.669,1.8714956886220773,1.0573559825075867,1.1808436441188177
2023-08-17 09:00:00,2.083,1.372,6.66,3.6773467088899983,0.29894500551063646,0.038545446251108326
2023-08-17 10:00:00,2.101,1.374,6.664,0.23283674544700902,0.0,0.0
2023-08-17 11:00:00,2.125,1.373,6.676,0.0,0.0,0.0
2023-08-17 12:00:00,2.12,1.368,6.662,0.0,0.0,0.0
2023-08-17 13:00:00,2.112,1.369,6.669,0.6180270185161565,9.050827939779875,4.833190285823952
2023-08-17 14:00:00,2.098,1.366,6.664,5.047836221267294,0.18801622395460865,3.837191832767483
2023-08-17 15:00:00,2.119,1.368,6.663,3.6150562518717617,5.640180711334386,2.4921857701053263
2023-08-17 16:00:00,2.123,1.36,6.651,0.0,0.0,0.0
2023-08-17 17:00:00,2.09,1.356,6.634,0.0,0.0,0.0
2023-08-17 18:00:00,2.071,1.351,6.639,0.0,0.0,0.0
2023-08-17 19:00:00,2.1,1.341,6.627,0.0,0.0,0.0
2023-08-17 20:00:00,2.081,1.339,6.626,0.0,0.0,0.0
2023-08-17 21:00:00,2.136,1.337,6.629,0.0,0.0,0.0
2023-08-17 22:00:00,2.123,1.336,6.642,0.0,0.0,0.0
2023-08-17 23:00:00,2.159,1.338,6.639,0.0,0.0,0.0
2023-08-18 00:00:00,2.144,1.338,6.634,2.3744853618761677,2.244702903508332,3.062648817430624
2023-08-18 01:00:00,2.185,1.341,6.635,0.0,0.0,0.0
2023-08-18 02:00:00,2.167,1.345,6.642,0.0,0.0,0.0
2023-08-18 03:00:00,2.151,1.343,6.628,0.0,0.0,0.0
2023-08-18 04:00:00,2.119,1.341,6.647,0.0,0.0,0.0
2023-08-18 05:00:00,1.984,1.34,6.649,0.0,0.0,0.0
2023-08-18 06:00:00,1.845,1.34,6.652,2.9607031464174933,13.064780194231874,0.14569499291748017
2023-08-18 07:00:00,1.901,1.34,6.67,0.0,0.0,0.0
2023-08-18 08:00:00,1.918,1.339,6.661,0.0,0.0,0.0
2023-08-18 09:00:00,1.465,1.347,6.67,0.0,0.0,0.0
2023-08-18 10:00:00,1.601,1.351,6.668,0.0,0.0,0.0
2023-08-18 11:00:00,1.788,1.351,6.67,0.0,0.0,0.0
2023-08-18 12:00:00,1.881,1.353,6.661,2.864690762744271,2.8845961290545987,1.1189449731703984
2023-08-18 13:00:00,2.029,1.361,6.67,0.0,0.0,0.0
2023-08-18 14:00:00,2.058,1.371,6.634,0.0,0.0,0.0
2023-08-18 15:00:00,2.079,1.378,6.64,0.0,0.0,0.0
2023-08-18 16:00:00,2.082,1.385,6.643,2.407993389520683,1.9858518393082931,0.3936449831001116
2023-08-18 17:00:00,2.093,1.388,6.647,0.0,0.0,0.0
2023-08-18 18:00:00,2.108,1.38,6.649,0.0,0.0,0.0
2023-08-18 19:00:00,2.095,1.374,6.652,0.0,0.0,0.0
2023-08-18 20:00:00,2.08,1.365,6.646,0.0,0.0,0.0
2023-08-18 21:00:00,2.142,1.356,6.644,5.627727828809299,0.5309070669070477,9.79819259458019
2023-08-18 22:00:00,2.17,1.349,6.641,0.0,0.0,0.0
2023-08-18 23:00:00,2.112,1.344,6.64,3.650698866661923,0.16495477579802484,0.4569002947558694
2023-08-19 00:00:00,2.167,1.34,6.647,2.783289025610472,2.2406098343691507,0.30577589663681415
2023-08-19 01:00:00,2.159,1.334,6.645,0.0,0.0,0.0
2023-08-19 02:00:00,2.177,1.332,6.645,0.0,0.0,0.0
2023-08-19 03:00:00,2.231,1.329,6.646,0.0,0.0,0.0
2023-08-19 04:00:00,2.263,1.328,6.646,0.0,0.0,0.0
2023-08-19 05:00:00,2.295,1.326,6.642,1.1070326384842892,1.1241084644297363,2.1058631215586763
2023-08-19 06:00:00,2.276,1.322,6.653,4.796612097719763,0.7887226355827436,5.953810414442349
2023-08-19 07:00:00,2.275,1.323,6.658,0.0,0.0,0.0
2023-08-19 08:00:00,2.176,1.322,6.652,0.0,0.0,0.3308419667862983
2023-08-19 09:00:00,2.309,1.32,6.652,0.0,0.0,0.0
2023-08-19 10:00:00,2.298,1.317,6.663,6.725792155400406,0.1889456435552997,0.11310127220787197
2023-08-19 11:00:00,2.227,1.314,6.663,0.0,0.0,0.0
2023-08-19 12:00:00,2.23,1.313,6.662,4.9224855097457905,0.0,0.0
2023-08-19 13:00:00,2.221,1.315,6.67,0.0,0.0,0.0
2023-08-19 14:00:00,2.262,1.319,6.662,0.0,0.0,0.0
2023-08-19 15:00:00,2.296,1.323,6.647,1.0615784964411663,0.7131334711714048,3.0735279819319112
2023-08-19 16:00:00,2.281,1.326,6.653,0.0,0.0,0.42845086602501486
2023-08-19 17:00:00,2.28,1.33,6.66,0.0,0.0,0.0
2023-08-19 18:00:00,2.265,1.329,6.662,0.0,0.0,0.0
2023-08-19 19:00:00,2.295,1.325,6.662,0.0,0.0,0.0
2023-08-19 20:00:00,2.321,1.323,6.651,0.0,0.0,0.0
2023-08-19 21:00:00,2.246,1.32,6.651,0.2784173257096554,2.385739909716219,2.062202547229297
2023-08-19 22:00:00,2.289,1.332,6.653,0.4921206569829387,6.39541831778513,2.9646633919812704
2023-08-19 23:00:00,2.256,1.342,6.651,1.7059759852239316,2.6742218286761705,0.5231183966415608
2023-08-20 00:00:00,2.307,1.345,6.655,0.0,0.0,0.0
2023-08-20 01:00:00,2.378,1.344,6.656,0.0,0.0,0.0
2023-08-20 02:00:00,2.337,1.344,6.651,0.3035169001013578,5.3545399454565095,11.692159828441213
2023-08-20 03:00:00,2.333,1.343,6.652,0.0,0.0,0.0
2023-08-20 04:00:00,2.291,1.344,6.649,3.3588216039508065,0.0,0.0
2023-08-20 05:00:00,2.33,1.345,6.643,0.0,0.0,0.0
2023-08-20 06:00:00,2.318,1.342,6.644,0.0,0.0,0.0
2023-08-20 07:00:00,2.286,1.338,6.647,0.0,0.0,0.0
2023-08-20 08:00:00,2.357,1.336,6.643,0.0,0.0,0.0
2023-08-20 09:00:00,2.293,1.334,6.62,0.0,0.0,0.0
2023-08-20 10:00:00,2.334,1.332,6.66,0.0,0.0,0.0
2023-08-20 11:00:00,2.344,1.333,6.645,0.0,0.0,0.0
2023-08-20 12:00:00,2.316,1.32,6.658,7.563410730784115,15.144534009295093,0.26168836586819383
2023-08-20 13:00:00,2.29,1.324,6.655,0.0,0.0,0.0
2023-08-20 14:00:00,2.293,1.331,6.66,0.0,0.0,0.0
2023-08-20 15:00:00,2.319,1.333,6.66,2.9248828499808592,1.661714692572267,2.5116137829867964
2023-08-20 16:00:00,2.321,1.326,6.653,0.0,0.0,5.748416964055454
2023-08-20 17:00:00,2.322,1.324,6.652,0.0,0.0,0.0
2023-08-20 18:00:00,2.343,1.318,6.65,0.0,1.07419731929615,0.0
2023-08-20 19:00:00,2.312,1.314,6.642,0.0,0.0,0.0
2023-08-20 20:00:00,2.371,1.31,6.644,0.0,0.0,0.0
2023-08-20 21:00:00,2.346,1.309,6.63,0.0,0.0,0.0
2023-08-20 22:00:00,2.372,1.309,6.636,0.0,0.0,0.0
2023-08-20 23:00:00,2.328,1.307,6.639,3.315568232776973,3.441304945416508,2.756766842357211
2023-08-21 00:00:00,2.306,1.305,6.638,0.0,0.0,0.0
2023-08-21 01:00:00,2.237,1.305,6.644,0.0,0.0,0.0
2023-08-21 02:00:00,2.271,1.304,6.636,0.0,0.0,0.0
2023-08-21 03:00:00,2.234,1.305,6.644,0.0,0.0,0.0
2023-08-21 04:00:00,2.242,1.303,6.646,0.1541723532926178,1.5774641850719557,0.47983809818350087
2023-08-21 05:00:00,2.263,1.303,6.648,0.0,0.0,0.0
2023-08-21 06:00:00,2.305,1.3,6.645,0.0,0.0,0.0
2023-08-21 07:00:00,2.252,1.3,6.652,0.0,1.7543128379319968,0.0
2023-08-21 08:00:00,2.329,1.302,6.654,0.4279560049185888,0.7545870813414496,0.5009319228643638
2023-08-21 09:00:00,2.287,1.302,6.653,2.5346577097352947,3.209714898902683,2.465230689694697
2023-08-21 10:00:00,2.302,1.299,6.65,0.0,0.0,0.0
2023-08-21 11:00:00,2.328,1.297,6.653,0.0,0.0,0.0
2023-08-21 12:00:00,2.368,1.295,6.648,0.0,0.0,0.0
2023-08-21 13:00:00,2.353,1.295,6.655,0.0,0.0,0.0
2023-08-21 14:00:00,2.37,1.293,6.646,4.358056700118178,2.7140494537762048,2.3340918053752917
2023-08-21 15:00:00,2.43,1.292,6.651,0.0,0.0,0.0
2023-08-21 16:00:00,2.366,1.29,6.621,0.0,0.0,0.0
2023-08-21 17:00:00,2.413,1.289,6.64,0.0,0.0,0.0
2023-08-21 18:00:00,2.431,1.285,6.639,0.0,0.0,0.0
2023-08-21 19:00:00,2.428,1.28,6.643,0.0,1.452168869328921,0.0
2023-08-21 20:00:00,2.398,1.282,6.644,0.0,0.0,0.0
2023-08-21 21:00:00,2.444,1.281,6.645,0.0,0.0,0.0
2023-08-21 22:00:00,2.399,1.278,6.64,1.4735886174691433,1.7708017339076438,2.096681610939691
2023-08-21 23:00:00,2.416,1.278,6.637,0.0,0.0,0.0
2023-08-22 00:00:00,2.406,1.276,6.637,1.262185524991237,7.355018231674807,4.616597053900012
2023-08-22 01:00:00,2.395,1.275,6.637,15.777793904576466,1.454386584642299,1.1709065817867736
2023-08-22 02:00:00,2.351,1.276,6.647,0.0,0.0,0.0
2023-08-22 03:00:00,2.334,1.274,6.643,0.0,0.0,0.0
2023-08-22 04:00:00,2.357,1.272,6.651,0.0,0.0,0.0
2023-08-22 05:00:00,2.333,1.27,6.643,0.0,0.0,0.0
2023-08-22 06:00:00,2.328,1.271,6.638,0.0,0.0,0.0
2023-08-22 07:00:00,2.322,1.271,6.651,0.0,0.0,0.0
2023-08-22 08:00:00,2.343,1.274,6.645,0.0,0.0,0.0
2023-08-22 09:00:00,2.304,1.273,6.642,2.1544258177981153,0.0,0.0
2023-08-22 10:00:00,2.257,1.273,6.649,0.0,0.0,0.0
2023-08-22 11:00:00,2.226,1.275,6.638,1.426104371406466,0.5936006129269498,5.768105922793849
2023-08-22 12:00:00,2.237,1.276,6.645,0.0,0.0,0.0
2023-08-22 13:00:00,2.067,1.279,6.648,0.0,0.0,0.0
2023-08-22 14:00:00,1.689,1.288,6.648,0.0,0.0,0.0
2023-08-22 15:00:00,1.007,1.307,6.653,0.0,0.0,0.0
2023-08-22 16:00:00,0.623,1.431,6.661,0.2536240020024635,2.9182417605799422,1.584054537151425
2023-08-22 17:00:00,0.337,1.55,6.67,0.0,0.0,0.0
2023-08-22 18:00:00,0.491,1.595,6.666,0.0,0.0,0.0
2023-08-22 19:00:00,0.566,1.621,6.687,0.0,0.0,0.0
2023-08-22 20:00:00,0.728,1.65,6.665,0.0,0.0,0.0
2023-08-22 21:00:00,0.757,1.7005,6.66,0.0,0.0,0.0
2023-08-22 22:00:00,0.765,1.751,6.672,0.0,0.0,0.0
2023-08-22 23:00:00,0.862,1.771,6.664,0.0,0.0,0.0
2023-08-23 00:00:00,1.031,1.802,6.669,0.0,0.0,0.0
2023-08-23 01:00:00,1.173,1.822,6.657,0.0,0.0,0.0
2023-08-23 02:00:00,1.34,1.797,6.659,0.0,0.0,0.0
2023-08-23 03:00:00,1.318,1.749,6.66,5.733373072498858,4.794912870232584,2.990372283570289
2023-08-23 04:00:00,1.41,1.696,6.655,1.9401444616777301,9.73455379021056,2.6367949525875405
2023-08-23 05:00:00,1.441,1.653,6.661,0.46196206954512653,0.06768475988084818,0.10751331133478391
2023-08-23 06:00:00,1.548,1.612,6.659,0.0,0.0,0.0
2023-08-23 07:00:00,1.555,1.586,6.682,3.3510441854617987,4.428710832299358,1.486872545330792
2023-08-23 08:00:00,1.652,1.561,6.696,0.0,0.0,0.0
2023-08-23 09:00:00,1.701,1.543,6.703,0.0,0.0,0.0
2023-08-23 10:00:00,1.719,1.528,6.695,4.595963169939891,0.0,0.0
2023-08-23 11:00:00,1.766,1.517,6.683,0.0,0.0,0.0
2023-08-23 12:00:00,1.788,1.509,6.683,0.0,0.0,0.0
2023-08-23 13:00:00,1.846,1.504,6.681,2.8102898867932358,0.07346837311822081,3.4800105263778365
2023-08-23 14:00:00,1.909,1.491,6.7,0.0,0.0,1.368441714690442
2023-08-23 15:00:00,1.848,1.482,6.705,0.0,0.0,0.0
2023-08-23 16:00:00,1.881,1.475,6.689,0.0,0.0,0.0
2023-08-23 17:00:00,1.897,1.467,6.679,0.0,0.0,0.0
2023-08-23 18:00:00,1.963,1.456,6.666,0.0,0.0,0.0
2023-08-23 19:00:00,1.958,1.451,6.666,0.0,0.0,0.0
2023-08-23 20:00:00,1.982,1.444,6.653,1.2894590358527789,1.0220060263721187,2.272365282770898
2023-08-23 21:00:00,1.973,1.439,6.66,0.7704752017822959,0.9892312045443262,6.406230420987906
2023-08-23 22:00:00,1.964,1.435,6.655,1.2475639558071725,0.0,0.0
2023-08-23 23:00:00,1.979,1.434,6.647,0.0,0.0,0.0
2023-08-24 00:00:00,1.992,1.428,7.9,0.0,0.0,0.0
2023-08-24 01:00:00,2.008,1.425,6.686,0.0,0.0,0.0
2023-08-24 02:00:00,1.983,1.422,6.681,0.0,0.0,0.0
2023-08-24 03:00:00,2.011,1.426,6.69,0.0,0.0,0.0
2023-08-24 04:00:00,2.033,1.423,7.9,0.0,0.0,0.0
2023-08-24 05:00:00,2.084,1.456,6.659,6.221342716730753,21.723866587771436,4.0962137730757044
2023-08-24 06:00:00,2.0,1.426,6.683,0.0,0.0,0.0
2023-08-24 07:00:00,2.121,1.424,6.665,0.0,0.0,0.0
2023-08-24 08:00:00,2.027,1.427,6.675,0.34517636618956776,29.084960249896437,4.471251666612759
2023-08-24 09:00:00,2.093,1.434,6.675,3.0975199202808907,0.16310665140818237,3.2629166893950665
2023-08-24 10:00:00,2.076,1.437,6.694,0.0,0.0,0.0
2023-08-24 11:00:00,2.084,1.438,6.674,0.0,0.0,0.0
2023-08-24 12:00:00,2.119,1.44,6.695,0.0,0.0,0.0
2023-08-24 13:00:00,2.007,1.443,6.682,5.735798505811287,0.3917352891166924,3.6195526275514105
2023-08-24 14:00:00,2.032,1.442,6.69,0.0,0.0,0.0
2023-08-24 15:00:00,2.103,2.444,6.692,0.0,0.0,0.0
2023-08-24 16:00:00,2.017,1.447,6.693,0.0,0.0,0.0
2023-08-24 17:00:00,2.0067285714285714,1.45,6.668,0.0,0.9738953630225676,0.0
2023-08-24 18:00:00,1.9964571428571427,1.457,6.675,0.32326328413381067,8.386314513278418,9.229514046100173
2023-08-24 19:00:00,1.9861857142857142,1.464,6.671,0.0,0.0,0.0
2023-08-24 20:00:00,1.9759142857142855,1.471,6.672,0.0,0.0,0.0
2023-08-24 21:00:00,1.965642857142857,1.479,6.665666666666667,0.0,0.20415987328771917,0.0
2023-08-24 22:00:00,1.9553714285714285,1.487,6.659333333333333,2.3394875497368726,0.299415242604337,2.5628060548078433
2023-08-24 23:00:00,1.9450999999999998,1.495,6.653,0.0,0.0,0.0
2023-08-25 00:00:00,1.9348285714285713,1.494,6.65,0.0,0.0,0.0
2023-08-25 01:00:00,1.9245571428571429,1.4905,6.659,0.0,0.0,0.0
2023-08-25 02:00:00,1.9142857142857141,1.487,6.647,0.0,0.0,0.0
2023-08-25 03:00:00,1.9040142857142857,1.483,6.643,0.0,0.0,0.0
2023-08-25 04:00:00,1.8937428571428572,1.479,6.657,0.0,0.0,0.0
2023-08-25 05:00:00,1.8834714285714285,1.475,6.643,31.585305700775294,2.7789974317363546,5.59617063908383
2023-08-25 06:00:00,1.8732,1.471,6.64,0.0,0.0,0.0
2023-08-25 07:00:00,1.8629285714285713,1.4685000000000001,6.633,0.0,0.0,0.0
2023-08-25 08:00:00,1.8526571428571428,1.4660000000000002,6.647,0.0,0.0,0.0
2023-08-25 09:00:00,1.8423857142857143,1.4635,6.661,0.0,0.0,0.0
2023-08-25 10:00:00,1.8321142857142856,1.461,6.656,0.018205321867093966,1.138037027040536,1.1156233123495725
2023-08-25 11:00:00,1.821842857142857,1.463,6.658,0.0,1.9641807884904152,0.0
2023-08-25 12:00:00,1.8115714285714284,1.462,6.677,0.0,0.0,0.0
2023-08-25 13:00:00,1.8013,1.4606666666666666,6.679,4.096029604698458,1.175543729053076,1.4212870440796757
2023-08-25 14:00:00,1.7910285714285714,1.4593333333333334,6.664,0.0,0.0,0.0
2023-08-25 15:00:00,1.7807571428571427,1.458,6.646,0.0,0.0,0.0
2023-08-25 16:00:00,1.7704857142857142,1.454,6.62,0.9477735661108375,2.5681324392623144,5.204866815728769
2023-08-25 17:00:00,1.7704857142857142,1.444,6.659,0.0,0.0,0.0
2023-08-25 18:00:00,1.7704857142857142,1.4635,6.632,0.38975021144182437,5.610132415097489,1.9465218964488389
2023-08-25 19:00:00,1.7597474025974025,1.483,6.634,0.0,0.0,0.0
2023-08-25 20:00:00,1.749009090909091,1.4935,6.63,0.0,0.0,0.0
2023-08-25 21:00:00,1.7382707792207792,1.504,6.611,0.0,0.0,0.0
2023-08-25 22:00:00,1.7275324675324675,1.502,6.608,0.0,0.0,0.0
2023-08-25 23:00:00,1.7167941558441557,1.5,6.628,0.0,0.0,0.0
2023-08-26 00:00:00,1.706055844155844,1.5215,6.617,0.0,0.0,0.0
2023-08-26 01:00:00,1.6953175324675325,1.543,6.623,0.0,0.0,0.0
2023-08-26 02:00:00,1.6845792207792207,1.592,6.623,0.0,0.0,0.0
2023-08-26 03:00:00,1.673840909090909,1.6096666666666668,6.625,0.0,0.0,0.0
2023-08-26 04:00:00,1.6631025974025975,1.6273333333333333,6.626,0.0,0.0,0.0
2023-08-26 05:00:00,1.6523642857142857,1.645,6.638,0.0,0.0,0.0
2023-08-26 06:00:00,1.641625974025974,1.633,6.618,0.0,0.0,0.16640794256696595
2023-08-26 07:00:00,1.6308876623376622,1.614,6.624,2.693852081402871,0.1301525249527645,5.109205739847129
2023-08-26 08:00:00,1.6201493506493505,1.609,6.629,0.0,0.0,0.0
2023-08-26 09:00:00,1.609411038961039,1.591,6.622,0.0,0.0,0.0
2023-08-26 10:00:00,1.5986727272727272,1.585,6.637499999999999,0.0,0.0,0.0
2023-08-26 11:00:00,1.5879344155844155,1.577,6.653,0.0,0.0,0.0
2023-08-26 12:00:00,1.577196103896104,1.5665,6.618,3.2975572647551155,19.22097719248344,8.461672089021498
2023-08-26 13:00:00,1.5664577922077922,1.556,6.656,0.0,0.0,0.0
2023-08-26 14:00:00,1.5557194805194805,1.552,6.641,0.0,0.0,0.0
2023-08-26 15:00:00,1.5449811688311688,1.5434999999999999,6.6395,0.0,0.0,11.324156287896063
2023-08-26 16:00:00,1.534242857142857,1.535,6.638,2.1078453932622234,1.4054231582389212,0.1268747138076762
2023-08-26 17:00:00,1.5235045454545455,1.53,6.623,2.8374200240751137,11.574285985871668,0.010562763963157954
2023-08-26 18:00:00,1.5127662337662338,1.523,6.624,0.0,0.0,0.0
2023-08-26 19:00:00,1.5127662337662338,1.517,6.612,0.0,0.0,0.0
2023-08-26 20:00:00,1.5127662337662338,1.5135,6.614,0.0,1.8051772849880823,0.0
2023-08-26 21:00:00,1.5127662337662338,1.51,6.612,0.0,0.0,0.0
2023-08-26 22:00:00,1.5127662337662338,1.5171000000000001,6.61,0.0,0.0,0.0
2023-08-26 23:00:00,1.5127662337662338,1.5242,6.608,0.7528079407130837,0.40640598052173177,0.5592569533108724
2023-08-27 00:00:00,1.5127662337662338,1.5312999999999999,6.606,0.0,0.0,0.0
2023-08-27 01:00:00,1.5127662337662338,1.5384,6.604,0.0,0.0,0.0
2023-08-27 02:00:00,1.5127662337662338,1.5455,6.602,0.0,0.0,0.0
2023-08-27 03:00:00,1.5127662337662338,1.5526,6.6000000000000005,0.0,0.0,0.0
2023-08-27 04:00:00,1.5127662337662338,1.5596999999999999,6.598,40.247350902852894,1.5246214364486095,6.777953734303413
2023-08-27 05:00:00,1.5127662337662338,1.5668,6.596,4.731769637693308,1.5691316004728686,0.25440875301363286
2023-08-27 06:00:00,1.5127662337662338,1.5739,6.594,0.0,0.0,0.0
2023-08-27 07:00:00,1.5127662337662338,1.581,6.601,0.0,0.0,0.0
2023-08-27 08:00:00,1.5127662337662338,1.582,6.591,12.522553150925125,0.3303778731314625,0.6646604906419673
2023-08-27 09:00:00,1.5127662337662338,1.583,6.5915,0.0,0.0,0.0
2023-08-27 10:00:00,1.5127662337662338,1.584,6.592,3.0534993829483033,0.0,0.0
2023-08-27 11:00:00,1.5127662337662338,1.605,6.572,0.0,0.0,0.0
2023-08-27 12:00:00,1.5127662337662338,1.646,6.597,0.0,0.0,0.0
2023-08-27 13:00:00,1.5127662337662338,1.713,6.614,0.0,0.0,0.0
2023-08-27 14:00:00,1.298,1.724,6.612,0.0,0.0,0.0
2023-08-27 15:00:00,1.327,1.7285,6.6035,0.0,0.0,0.1987361300241393
2023-08-27 16:00:00,1.26,1.733,6.595,0.0,2.0970675503079894,0.0
2023-08-27 17:00:00,1.27,1.7200000000000002,6.603,0.0,0.0,0.0
2023-08-27 18:00:00,1.367,1.707,6.601,0.0,0.0,0.0
2023-08-27 19:00:00,1.339,1.6940000000000002,6.602,4.809922885814335,1.6504660447378652,2.1530364348801982
2023-08-27 20:00:00,1.374,1.681,6.603,0.0,0.0,0.0
2023-08-27 21:00:00,1.535,1.6680000000000001,6.604,0.0,0.0,0.0
2023-08-27 22:00:00,1.488,1.655,6.6,1.1393907534556003,2.9877518493807385,2.186481756451648
2023-08-27 23:00:00,1.38,1.6420000000000001,6.596,0.1318148129002971,6.0257140441018535,3.3976702216095056
2023-08-28 00:00:00,1.279,1.629,6.592,0.0,0.0,0.0
2023-08-28 01:00:00,1.289,1.616,6.58,0.0,0.0,0.0
2023-08-28 02:00:00,1.125,1.627,6.593,0.0,0.0,0.0
2023-08-28 03:00:00,0.699,1.67675,6.585,0.0,0.0,0.0
2023-08-28 04:00:00,0.439,1.7265000000000001,6.576,2.0835291711157042,2.4815972257089363,4.924472570979278
2023-08-28 05:00:00,0.395,1.77625,6.577,0.0,0.0,0.0
2023-08-28 06:00:00,0.088,1.826,6.578,0.0,0.0,0.0
2023-08-28 07:00:00,0.0867,1.8555000000000001,6.594,0.0,0.0,0.0
2023-08-28 08:00:00,0.08539999999999999,1.885,6.555,0.0,0.0,0.0
2023-08-28 09:00:00,0.0841,1.932,6.587,4.1499480674754805,1.9106997984961753,2.207865831456414
2023-08-28 10:00:00,0.0828,1.97,6.565,0.2742549929371112,3.3492405348011105,0.5310577481142924
2023-08-28 11:00:00,0.08149999999999999,1.9994999999999998,6.626,0.0,0.0,0.0
2023-08-28 12:00:00,0.0802,2.029,6.572,0.0,0.0,0.0
2023-08-28 13:00:00,0.0789,2.027,6.573,2.582025351151341,1.662648523629648,13.002369657259042
2023-08-28 14:00:00,0.0776,2.035,6.582,2.177274012406168,0.7757729527071711,0.4612539530996751
2023-08-28 15:00:00,0.07629999999999999,2.0515,6.566,0.0,0.0,0.0
2023-08-28 16:00:00,0.075,2.068,6.593,0.0,0.0,0.0
2023-08-28 17:00:00,0.204,2.0469999999999997,6.573,0.0,0.0,0.0
2023-08-28 18:00:00,0.28,2.026,6.547,0.0,0.0,0.0
2023-08-28 19:00:00,0.426,2.001153846153846,6.5417499999999995,0.01121779637334595,31.04100199042999,1.450250483856049
2023-08-28 20:00:00,0.504,1.976307692307692,6.5365,0.0,2.6813029779467854,0.0
2023-08-28 21:00:00,0.651,1.9514615384615384,6.53125,0.0,0.0,0.0
2023-08-28 22:00:00,0.751,1.9266153846153844,6.526,0.08870372414586383,10.945977061897185,1.6678674155975513
2023-08-28 23:00:00,0.796,1.9017692307692307,6.52075,0.0,0.0,0.0
2023-08-29 00:00:00,0.824,1.876923076923077,6.515499999999999,0.0,0.5124538512114228,0.0
2023-08-29 01:00:00,0.864,1.852076923076923,6.51025,0.0,0.0,0.0
2023-08-29 02:00:00,0.892,1.8272307692307692,6.505,0.0,0.0,0.0805100027231175
2023-08-29 03:00:00,0.862,1.8023846153846153,6.49975,0.0,0.8308951566370798,0.0
2023-08-29 04:00:00,0.857,1.7775384615384615,6.4945,0.0,0.0,0.0
2023-08-29 05:00:00,0.882,1.7526923076923078,6.48925,0.0,0.0,0.0
2023-08-29 06:00:00,0.906,1.727846153846154,6.484,1.1090192443258677,0.0,0.0
2023-08-29 07:00:00,0.919,1.703,6.514,0.0,0.0,0.0
2023-08-29 08:00:00,1.024,1.6973333333333334,7.9,0.02759243906755621,2.2512510587655004,2.39724350142461
2023-08-29 09:00:00,1.181,1.6916666666666667,6.527,0.16077308697579312,1.0759501885407643,0.1959109973459788
2023-08-29 10:00:00,1.178,1.686,7.9,0.0,0.0,0.0
2023-08-29 11:00:00,1.163,1.679,7.9,0.0,0.0,0.0
2023-08-29 12:00:00,1.504,1.6706666666666667,6.494,0.0,0.0,0.0
2023-08-29 13:00:00,1.439,1.6623333333333332,6.507,9.039573289542004,4.319617875064067,2.6481442933877504
2023-08-29 14:00:00,1.563,1.654,6.498,0.0,0.0,3.520787739251782
2023-08-29 15:00:00,1.466,1.656,6.486,0.0,0.0,0.0
2023-08-29 16:00:00,1.427,1.6531764705882352,6.61,0.1077665063423407,0.055597549948305104,2.596899949333622
2023-08-29 17:00:00,1.429,1.6503529411764706,6.599928571428571,3.738598439505103,1.1240278200588805,1.8906088916725412
2023-08-29 18:00:00,1.444,1.647529411764706,6.589857142857143,0.0,0.0,0.0
2023-08-29 19:00:00,1.439,1.6447058823529412,6.579785714285714,0.0,0.0,0.0
2023-08-29 20:00:00,1.473,1.6418823529411763,6.569714285714286,0.0,0.0,0.0
2023-08-29 21:00:00,1.56,1.6390588235294117,6.559642857142857,0.0,0.0,0.0
2023-08-29 22:00:00,1.509,1.636235294117647,6.549571428571429,0.0,0.0,0.0
2023-08-29 23:00:00,1.547,1.6334117647058823,6.5395,0.0,0.0,0.0
2023-08-30 00:00:00,1.593,1.6305882352941177,6.529428571428571,0.8291644036536244,2.9908361729273842,1.0686793731548594
2023-08-30 01:00:00,1.647,1.627764705882353,6.519357142857143,5.814672356226064,0.15356833609479623,0.4560651300549832
2023-08-30 02:00:00,1.704,1.6249411764705883,6.509285714285714,2.097487442065692,0.04577806863683287,1.5839393953363865
2023-08-30 03:00:00,1.605,1.6221176470588237,6.499214285714286,4.065483653553569,0.5809603750116028,2.043473060308155
2023-08-30 04:00:00,1.652,1.6192941176470588,6.489142857142857,2.1188461323815657,1.9053456554945467,1.4552581402392506
2023-08-30 05:00:00,1.558,1.616470588235294,6.479071428571429,0.0,0.0,0.0
2023-08-30 06:00:00,1.655,1.6136470588235294,6.469,0.0,0.0,0.0
2023-08-30 07:00:00,1.605,1.6108235294117648,6.468,0.0,0.0,0.0
2023-08-30 08:00:00,1.685,1.608,6.464,0.0,0.0,0.0
2023-08-30 09:00:00,1.568,1.6135000000000002,6.473,5.713147897575484,1.2578486137591318,5.503428703644423
2023-08-30 10:00:00,1.57,1.619,6.464,0.0,0.0,0.0
2023-08-30 11:00:00,1.613,1.625,6.477,0.0,0.0,0.0
2023-08-30 12:00:00,1.796,1.618,6.541,0.0,0.0,0.0
2023-08-30 13:00:00,1.727,1.609,6.475,0.0,0.0,0.0
2023-08-30 14:00:00,1.661,1.604,6.478,0.0,0.0,0.0
2023-08-30 15:00:00,1.688,1.602,6.4830000000000005,0.0,0.0,0.0
2023-08-30 16:00:00,1.754,1.6,6.488,0.0,0.0,0.0
2023-08-30 17:00:00,1.735,1.601,6.471,0.0,0.0,0.0
2023-08-30 18:00:00,1.767,1.598,6.451,0.0,0.0,0.0
2023-08-30 19:00:00,1.775,1.588,7.9,5.792278878164125,0.18802368809175452,0.17164656308405893
2023-08-30 20:00:00,1.729,1.586,6.44,0.0,0.0,0.0
2023-08-30 21:00:00,1.778,1.584,6.455,0.0,0.0,0.0
2023-08-30 22:00:00,1.812,1.589,6.458,0.0,0.0,6.416777197088919
2023-08-30 23:00:00,1.742,1.592,6.463,0.0,0.0,0.0
2023-08-31 00:00:00,1.711,1.587,6.449,0.0,0.0,0.0
2023-08-31 01:00:00,1.827,1.586,6.472,0.0,0.0,0.0
2023-08-31 02:00:00,1.75,1.587,6.543,0.0,0.0,0.0
2023-08-31 03:00:00,1.79,1.591,6.512,1.860576972090042,0.0,0.0
2023-08-31 04:00:00,1.702,1.587,6.488,0.0,0.0,0.0
2023-08-31 05:00:00,1.704,1.583,6.507,0.0,0.0,0.0
2023-08-31 06:00:00,1.785,1.585,6.453,0.0,0.0,0.0
2023-08-31 07:00:00,1.754,1.583,6.489,0.06047854627358178,3.128707701778379,3.566768525597023
2023-08-31 08:00:00,1.775,1.583,6.491,1.7243021426481155,0.08337850516243982,1.9313222731700732
2023-08-31 09:00:00,1.754,1.583,6.488666666666666,1.3609269375559137,0.05368383927500533,0.31697823150027543
2023-08-31 10:00:00,1.797,1.581,6.4863333333333335,0.0,0.0,0.0
2023-08-31 11:00:00,1.833,1.579,6.484,0.0,0.0,0.0
2023-08-31 12:00:00,1.753,1.569,6.492,0.0,0.0,0.0
2023-08-31 13:00:00,1.771,1.566,6.5,0.0,0.0,0.41839921302123284
2023-08-31 14:00:00,1.807,1.56,6.478,0.0,0.0,0.0
2023-08-31 15:00:00,1.752,1.556,6.473,0.0,0.0,0.0
2023-08-31 16:00:00,1.76,1.548,6.464,0.0,0.0,0.0
2023-08-31 17:00:00,1.783,1.537,6.522,0.0,0.0,0.0
2023-08-31 18:00:00,1.766,1.527,6.528,5.012905458357995,2.0002413476124565,3.7746083464994893
2023-08-31 19:00:00,1.767,1.517,6.497,0.0,0.0,0.0
2023-08-31 20:00:00,1.792,1.512,6.516,0.0,0.0,0.0
2023-08-31 21:00:00,1.785,1.506,6.512,0.0,0.0,0.0
2023-08-31 22:00:00,1.865,1.502,6.485,0.0,0.0,0.0
2023-08-31 23:00:00,1.852,1.499,6.462,0.0,0.0,0.0
2023-09-01 00:00:00,1.765,1.495,6.447,0.0,0.0,0.0
2023-09-01 01:00:00,1.878,1.493,6.442,0.0,0.0,0.0
2023-09-01 02:00:00,1.8,1.488,6.469,12.658441618596646,4.104404348994572,2.014162948447804
2023-09-01 03:00:00,1.779,1.483,6.46,0.0,0.0,0.0
2023-09-01 04:00:00,1.789,1.477,6.447,0.0,0.0,0.0
2023-09-01 05:00:00,1.822,1.472,6.449,0.0,0.0,0.0
2023-09-01 06:00:00,1.819,1.466,6.551,0.0,0.0,0.0
2023-09-01 07:00:00,1.911,1.464,6.473,0.0,0.0,0.0
2023-09-01 08:00:00,1.879,1.463,6.48,0.0,0.0,0.0
2023-09-01 09:00:00,1.85,1.462,6.463,0.0,0.0,0.0
2023-09-01 10:00:00,1.898,1.46,6.452,0.0,0.0,0.0
2023-09-01 11:00:00,1.894,1.457,6.44,0.0,0.0,0.0
2023-09-01 12:00:00,1.926,1.449,6.475,0.0,0.0,0.0
2023-09-01 13:00:00,1.908,1.444,6.484,0.0,0.0,0.0
2023-09-01 14:00:00,1.902,1.443,6.483,0.0,0.0,0.0
2023-09-01 15:00:00,1.901,1.439,6.428,0.0,0.0,0.0
2023-09-01 16:00:00,1.935,1.432,6.473,0.0,0.0,0.0
2023-09-01 17:00:00,1.954,1.426,6.467,0.0,0.0,0.0
2023-09-01 18:00:00,1.965,1.419,6.469,0.0,0.0,0.0
2023-09-01 19:00:00,1.977,1.412,6.476,0.0,0.0,0.0
2023-09-01 20:00:00,2.005,1.408,6.474,0.0,0.0,0.0
2023-09-01 21:00:00,2.033,1.405,6.48,2.0923532522663697,0.0,0.0
2023-09-01 22:00:00,2.063,1.401,6.485,0.0,0.0,0.0
2023-09-01 23:00:00,2.079,1.401,6.513,0.0,0.0,0.0
2023-09-02 00:00:00,2.079,1.401,6.543,0.0,0.0,0.5267491669299499
2023-09-02 01:00:00,2.088,1.398,6.52,0.0,0.6358955743813572,0.0
2023-09-02 02:00:00,2.069,1.399,6.477,0.0,0.0,0.0
2023-09-02 03:00:00,2.05,1.397,6.473,2.008740813869545,1.111305315538512,31.01614562002348
2023-09-02 04:00:00,2.05,1.394,6.468,1.399177839349033,1.825345409592831,8.960310519353838
2023-09-02 05:00:00,2.078,1.388,6.465,0.0,0.0,0.0
2023-09-02 06:00:00,2.042,1.384,6.465,0.0,0.0,0.0
2023-09-02 07:00:00,2.032,1.383,6.453,0.0,0.0,0.0
2023-09-02 08:00:00,2.042,1.38,6.475,0.0,0.0,0.0
2023-09-02 09:00:00,1.9585,1.379,6.482,0.0,0.0,0.0
2023-09-02 10:00:00,1.875,1.378,6.489,0.34234730251103085,0.2983939479137818,4.081408187293032
2023-09-02 11:00:00,1.858,1.38,6.478,0.0,0.0,0.0
2023-09-02 12:00:00,1.9085,1.378,6.499,0.0,0.0,0.0
2023-09-02 13:00:00,1.959,1.376,6.488,0.0,0.0,0.0
2023-09-02 14:00:00,1.9855,1.375,6.477,0.0,0.0,0.0
2023-09-02 15:00:00,2.012,1.421,6.491,22.47359965967677,2.122769321489693,2.927806904230649
2023-09-02 16:00:00,2.011,1.477,6.476999999999999,0.0,0.0,0.0
2023-09-02 17:00:00,2.01,1.496,6.463,0.0,0.0,0.0
2023-09-02 18:00:00,2.014,1.4843333333333333,6.449,0.0,0.0,0.0
2023-09-02 19:00:00,2.0316666666666667,1.4726666666666668,6.496,1.3518441476132659,1.5780160875873113,3.1097945547935066
2023-09-02 20:00:00,2.0493333333333332,1.461,6.575,0.0,0.0,0.0
2023-09-02 21:00:00,2.067,1.452,6.58,0.0,0.0,0.7242678470197813
2023-09-02 22:00:00,2.057,1.443,6.585,0.0,0.0,0.0
2023-09-02 23:00:00,2.024,1.431,6.548,2.3618936849724332,1.6306756444916548,3.860077168187681
2023-09-03 00:00:00,2.0324999999999998,1.423,6.511,0.25420892092612907,0.0,0.0
2023-09-03 01:00:00,2.041,1.415,6.5440000000000005,0.0,0.0,0.0
2023-09-03 02:00:00,2.042,1.4064999999999999,6.577,0.0,0.0,0.0
2023-09-03 03:00:00,2.06,1.398,6.5275,0.0,0.0,0.0
2023-09-03 04:00:00,2.043,1.3936666666666666,6.478,0.0,0.0,0.0
2023-09-03 05:00:00,2.026,1.3893333333333333,6.452,0.0,0.0,0.0
2023-09-03 06:00:00,2.009,1.385,6.4559999999999995,0.0,0.0,0.0
2023-09-03 07:00:00,2.019,1.381,6.46,0.0,0.0,0.0
2023-09-03 08:00:00,2.055,1.381,6.488833333333333,1.903221087937371,1.3536222399977225,2.2133853834499977
2023-09-03 09:00:00,2.091,1.379,6.517666666666667,0.0,0.0,0.0
2023-09-03 10:00:00,2.0705,1.377,6.5465,8.148075068456324,0.08520153043480737,0.46777038405783183
2023-09-03 11:00:00,2.05,1.3705,6.575333333333333,0.0,0.0,0.0
2023-09-03 12:00:00,2.058,1.364,6.604166666666667,0.0,0.0,0.0
2023-09-03 13:00:00,2.066,1.361,6.633,0.0,0.0,0.0
2023-09-03 14:00:00,2.015,1.357,6.484,0.0,2.4102757834776187,0.0
2023-09-03 15:00:00,1.9815,1.353,6.491,2.77902686048159,12.367009832205017,5.262593109658852
2023-09-03 16:00:00,1.948,1.351,6.497999999999999,0.0,0.0,0.0
2023-09-03 17:00:00,1.992,1.346,6.505,0.0,0.0,0.0
2023-09-03 18:00:00,1.9765000000000001,1.341,6.512,0.0,0.0,0.0
2023-09-03 19:00:00,1.961,1.337,6.445,3.371940252718637,2.016923717520503,0.3030284896666231
2023-09-03 20:00:00,2.015,1.333,6.458,0.08639029613777502,0.2739467912363745,0.7952230724850801
2023-09-03 21:00:00,1.9840000000000002,1.329,6.4665,0.0,0.0,0.0
2023-09-03 22:00:00,1.953,1.327,6.475,0.0,0.0,0.0
2023-09-03 23:00:00,1.987,1.325,6.476,0.0,0.0,0.0
2023-09-04 00:00:00,2.021,1.323,6.473,0.0,0.0,0.0
2023-09-04 01:00:00,2.025333333333333,1.321,6.470000000000001,2.640668120718546,1.3728679622470306,2.508087196590862
2023-09-04 02:00:00,2.0296666666666665,1.319,6.4670000000000005,0.0,0.0,0.0
2023-09-04 03:00:00,2.034,1.3176666666666665,6.464,0.0,0.0,0.0
2023-09-04 04:00:00,1.964,1.3163333333333334,6.464,0.0,0.0,0.0
2023-09-04 05:00:00,1.9678571428571427,1.315,6.464,0.0,0.0,0.0
2023-09-04 06:00:00,1.9717142857142858,1.316,6.4535,0.0,0.0,0.0
2023-09-04 07:00:00,1.9755714285714285,1.3186666666666667,6.443,0.0,0.0,0.0
2023-09-04 08:00:00,1.9794285714285715,1.3213333333333335,6.473,1.1396655300659817,1.1089006730436077,2.1423616243984687
2023-09-04 09:00:00,1.9832857142857143,1.324,6.503,0.0,0.0,0.0
2023-09-04 10:00:00,1.9871428571428573,1.3213333333333335,6.533,0.0,0.0,0.0
2023-09-04 11:00:00,1.991,1.3186666666666667,7.9,0.0,0.0,0.0
2023-09-04 12:00:00,2.061,1.316,7.2355,0.0,0.0,0.0
2023-09-04 13:00:00,2.099,1.312,6.571,0.0,0.0,0.0
2023-09-04 14:00:00,2.0795000000000003,1.314,6.491,0.0,0.0,0.0
2023-09-04 15:00:00,2.06,1.313,6.467,0.0,0.0,0.0
2023-09-04 16:00:00,2.0404999999999998,1.307,6.467,2.323655958196615,0.9983769802873406,9.28274062776067
2023-09-04 17:00:00,2.021,1.303,6.479,0.0,0.0,0.0
2023-09-04 18:00:00,2.038,1.299,6.466,0.0,0.0,0.0
2023-09-04 19:00:00,2.0435,1.294,6.47,0.0,0.0,0.0
2023-09-04 20:00:00,2.049,1.293,6.49,0.0,0.0,0.0
2023-09-04 21:00:00,2.0545,1.29,6.503,0.0,0.0,0.0
2023-09-04 22:00:00,2.06,1.288,6.4959999999999996,0.0,0.0,0.0
2023-09-04 23:00:00,2.0909999999999997,1.287,6.489,3.292031973326093,2.6482323101742513,5.386166813176675
2023-09-05 00:00:00,2.122,1.285,6.48,0.17060399118925437,0.9869397111610343,2.35584417212229
2023-09-05 01:00:00,2.076,1.2833999999999999,6.491,0.0,0.0,0.0
2023-09-05 02:00:00,2.061,1.2817999999999998,6.437,0.4394572598437427,1.9929521377524213,5.8598147988128115
2023-09-05 03:00:00,2.0869999999999997,1.2802,6.451333333333333,0.4385740718874813,1.5266271591159155,2.1857405116050104
2023-09-05 04:00:00,2.113,1.2786,6.465666666666667,0.0,0.0,0.0
2023-09-05 05:00:00,2.126,1.277,6.48,4.45185462859225,3.008851008962139,0.725383555986783
2023-09-05 06:00:00,2.139,1.277,6.546,0.0,0.0,0.0
2023-09-05 07:00:00,2.141,1.2785,6.548,4.645562865027833,0.0,0.0
2023-09-05 08:00:00,2.143,1.28,6.49,0.0,0.0,0.0
2023-09-05 09:00:00,2.166,1.284,6.491,0.0211764504365963,1.1845639834629194,0.36160211875008386
2023-09-05 10:00:00,2.151,1.284,6.471,0.0,0.0,0.0
2023-09-05 11:00:00,2.124,1.283,6.481,0.0,0.0,0.0
2023-09-05 12:00:00,2.135,1.28,6.593,0.0,0.0,0.0
2023-09-05 13:00:00,2.13625,1.279,7.9,0.0,0.0,0.0
2023-09-05 14:00:00,2.1375,1.28,6.458,0.0,0.0,0.0
2023-09-05 15:00:00,2.13875,1.278,6.441,0.0,0.0,0.0
2023-09-05 16:00:00,2.14,1.276,6.451,0.0,0.0,0.0
2023-09-05 17:00:00,2.13,1.273,6.447,0.0,0.0,0.0
2023-09-05 18:00:00,2.095,1.267,6.47,2.6008904143265843,3.1230546180847227,10.74073840355892
2023-09-05 19:00:00,2.09,1.264,6.482,0.0,0.0,0.0
2023-09-05 20:00:00,2.095,1.262,6.484,3.048209823445707,2.7846017867329635,2.2325860427075206
2023-09-05 21:00:00,2.109,1.26,6.472,3.768910168686784,0.0,0.0
2023-09-05 22:00:00,2.094,1.258,6.482,0.0,0.0,0.0
2023-09-05 23:00:00,2.119,1.256,6.489,0.0,0.0,0.0
2023-09-06 00:00:00,2.086,1.254,6.891,5.931260790436365,0.0,0.0
2023-09-06 01:00:00,2.103,1.251,6.948,0.0,0.0,0.0
2023-09-06 02:00:00,2.079,1.249,6.943,0.0,0.0,0.0
2023-09-06 03:00:00,2.106,1.251,6.954,0.0,0.0,0.0
2023-09-06 04:00:00,2.134,1.25,6.955,2.9430963950407545,4.762418292757173,4.881769763994949
2023-09-06 05:00:00,2.122,1.25,6.952,0.0,0.0,0.0
2023-09-06 06:00:00,2.202,1.247,6.948,0.0,0.0,0.0
2023-09-06 07:00:00,2.192,1.245,6.949,0.7357863523604918,0.0,0.0
2023-09-06 08:00:00,2.198,1.249,6.936,0.0,0.0,0.0
2023-09-06 09:00:00,2.263,1.25,6.969,0.07360728957426718,2.5239921804379843,4.137257626369443
2023-09-06 10:00:00,2.321,1.25,6.968,4.568866283006031,6.4507028217900935,2.283340456581529
2023-09-06 11:00:00,2.313,1.247,6.957,0.0,0.0,0.0
2023-09-06 12:00:00,2.339,1.243,6.971,0.0,0.0,0.0
2023-09-06 13:00:00,2.356,1.248,6.966,0.0,0.0,0.0
2023-09-06 14:00:00,2.357,1.244,6.798,0.6865441170004842,0.0,0.0
2023-09-06 15:00:00,2.357,1.247,6.764,0.895623772824464,0.0,0.0
2023-09-06 16:00:00,2.401,1.245,6.941,0.0,0.0,0.0
2023-09-06 17:00:00,2.392,1.243,6.943,0.0,0.0,0.0
2023-09-06 18:00:00,2.352,1.24,6.933,0.37920919317870905,1.1836818385183236,0.2783768185038497
2023-09-06 19:00:00,2.352,1.237,6.941,2.762148261324338,0.48907854925803634,2.590583079409977
2023-09-06 20:00:00,2.366,1.235,6.94,0.0,0.0,0.0
2023-09-06 21:00:00,2.379,1.233,6.941,0.0,0.0,0.0
2023-09-06 22:00:00,2.379,1.231,6.941,0.0,0.0,0.0
2023-09-06 23:00:00,2.399,1.229,6.771,0.0,0.0,0.0
2023-09-07 00:00:00,2.373,1.229,6.94,2.2353488648797137,3.572104030547122,0.4138388100379914
2023-09-07 01:00:00,2.362,1.23,6.939,0.0,0.0,0.0
2023-09-07 02:00:00,2.386,1.229,6.936,0.0,0.0,0.0
2023-09-07 03:00:00,2.408,1.228,6.763,0.0,0.0,0.0
2023-09-07 04:00:00,2.412,1.226,6.944,0.0,0.0,0.0
2023-09-07 05:00:00,2.417,1.228,6.925,0.0,0.0,0.0
2023-09-07 06:00:00,2.42,1.225,6.936,4.843043294208199,1.072427805787235,18.39844351430877
2023-09-07 07:00:00,2.395,1.225,6.943,0.0,0.0,0.0
2023-09-07 08:00:00,2.399,1.228,6.895,1.7643451081304944,1.9760386374543615,5.956483410275983
2023-09-07 09:00:00,2.422,1.229,6.947,0.0,3.264177395638501,0.0
2023-09-07 10:00:00,2.473,1.229,6.957,0.0,0.0,0.0
2023-09-07 11:00:00,2.453,1.225,6.956,0.0,0.0,0.0
2023-09-07 12:00:00,2.441,1.222,6.958,7.2326104971213825,3.0175345403334077,1.4240870805229735
2023-09-07 13:00:00,2.436,1.22,6.956,0.0,0.0,0.0
2023-09-07 14:00:00,2.422,1.223,6.938,0.0,0.0,0.0
2023-09-07 15:00:00,2.402,1.222,6.926,0.0,0.0,0.0
2023-09-07 16:00:00,2.411,1.224,6.943,0.0,0.0,0.0
2023-09-07 17:00:00,2.439,1.221,6.932,0.0,0.0,0.0
2023-09-07 18:00:00,2.45,1.212,6.919,0.0,0.0,0.0
2023-09-07 19:00:00,2.444,1.211,6.922,1.947865314726511,3.6145421443648145,1.0671479920884026
2023-09-07 20:00:00,2.449,1.212,6.926,0.0,0.0,0.0
2023-09-07 21:00:00,2.462,1.212,6.925,3.411837446166061,0.0,0.0
2023-09-07 22:00:00,2.483,1.21,6.924,0.0,0.0,0.0
2023-09-07 23:00:00,2.481,1.208,6.937,0.0,0.0,0.0
2023-09-08 00:00:00,2.471,1.208,6.751,0.0,0.0,0.0
2023-09-08 01:00:00,2.437,1.21,6.937,0.0,0.0,0.0
2023-09-08 02:00:00,2.372,1.208,6.939,3.218101079905729,1.570903306654464,0.5348599499201012
2023-09-08 03:00:00,2.359,1.208,6.801,0.0,0.0,0.0
2023-09-08 04:00:00,2.396,1.208,6.921,0.6543304827344602,2.8220467535854747,3.3323113224056313
2023-09-08 05:00:00,2.35,1.205,6.85,0.0,0.0,0.0
2023-09-08 06:00:00,2.413,1.207,6.762,8.485854893879303,0.6976286186566419,0.029723940730360103
2023-09-08 07:00:00,2.41,1.205,6.893,0.0,0.0,0.0
2023-09-08 08:00:00,2.437,1.207,6.886,0.0,0.0,0.0
2023-09-08 09:00:00,2.435,1.204,6.884,0.0,0.0,0.0
2023-09-08 10:00:00,2.426,1.206,6.877,0.0,0.0,0.0
2023-09-08 11:00:00,2.425,1.211,6.879,0.0,0.0,0.0
2023-09-08 12:00:00,2.418,1.215,6.873,0.0,0.0,0.0
2023-09-08 13:00:00,2.434,1.215,6.881,0.0,0.0,0.0
2023-09-08 14:00:00,2.387,1.233,6.869,0.8950042278361878,0.0,0.0
2023-09-08 15:00:00,2.378,1.254,6.869,1.5055859476489233,5.7024160182871775,3.6706405446433834
2023-09-08 16:00:00,2.373,1.262,6.872,0.0,0.0,0.0
2023-09-08 17:00:00,2.372,1.264,6.872,0.0,0.0,0.0
2023-09-08 18:00:00,2.386,1.264,6.873,0.7715015726471435,0.1406871749701299,0.5680937758821083
2023-09-08 19:00:00,2.396,1.26,6.872,6.714451810407704,0.0,0.0
2023-09-08 20:00:00,2.382,1.254,6.744,0.0,0.0,0.0
2023-09-08 21:00:00,2.372,1.252,6.878,0.0,0.0,0.0
2023-09-08 22:00:00,2.384,1.252,6.877,0.0,0.0,0.0
2023-09-08 23:00:00,2.381,1.248,6.871,0.6339895400044496,3.7431121309680595,1.4011491185885998
2023-09-09 00:00:00,2.383,1.249,6.867,0.0,0.0,0.0
2023-09-09 01:00:00,2.419,1.249,6.87,0.0,0.0,0.0
2023-09-09 02:00:00,2.43,1.25,6.87,0.0,0.0,0.0
2023-09-09 03:00:00,2.447,1.25,6.875,0.0,0.0,0.0
2023-09-09 04:00:00,2.456,1.25,6.872,12.12707113278953,0.29284548569015956,2.3679258827426826
2023-09-09 05:00:00,2.478,1.252,6.872,0.0,0.0,0.0
2023-09-09 06:00:00,2.512,1.25,6.866,0.0,0.0,0.0
2023-09-09 07:00:00,2.517,1.25,6.868,0.0,0.0,0.0
2023-09-09 08:00:00,2.486,1.248,6.866,0.0,0.0,0.0
2023-09-09 09:00:00,2.443,1.247,6.893,0.0,0.0,0.0
2023-09-09 10:00:00,2.473,1.249,6.85,7.094680613819336,5.811739081116237,0.7239894675660924
2023-09-09 11:00:00,2.485,1.251,6.853,0.0,0.0,0.0
2023-09-09 12:00:00,2.427,1.246,6.911,0.0,0.0,0.0
2023-09-09 13:00:00,2.43,1.244,6.873,0.0,0.0,0.0
2023-09-09 14:00:00,2.407,1.241,6.863,0.0,0.0,0.0
2023-09-09 15:00:00,2.421,1.24,6.874,0.0,0.0,0.0
2023-09-09 16:00:00,2.422,1.239,6.882,0.0,0.0,0.0
2023-09-09 17:00:00,2.423,1.24,6.871,0.0,0.0,0.0
2023-09-09 18:00:00,2.408,1.236,6.784,0.0,0.0,0.0
2023-09-09 19:00:00,2.436,1.234,6.793,0.0,0.0,0.0
2023-09-09 20:00:00,2.387,1.233,6.787,0.0,0.0,0.0
2023-09-09 21:00:00,2.398,1.233,6.891,0.0,0.0,0.0
2023-09-09 22:00:00,2.394,1.234,6.793,0.0,0.0,0.9809208161883367
2023-09-09 23:00:00,2.407,1.231,6.808,0.0,0.0,0.0
2023-09-10 00:00:00,2.427,1.23,6.87,0.0,0.0,1.8974401379502357
2023-09-10 01:00:00,2.401,1.23,6.869,0.7706701112653324,1.8299460412629838,0.6831949304442589
2023-09-10 02:00:00,2.393,1.229,6.875,0.0,0.0,0.0
2023-09-10 03:00:00,2.381,1.229,6.873,0.0,0.0,0.0
2023-09-10 04:00:00,2.375,1.226,6.875,0.0,0.0,0.0
2023-09-10 05:00:00,2.383,1.229,6.716,0.0,0.0,0.0
2023-09-10 06:00:00,2.39,1.223,6.871,0.0,0.0,0.0
2023-09-10 07:00:00,2.397,1.226,6.868,0.0,0.0,0.0
2023-09-10 08:00:00,2.381,1.228,6.869,0.0,0.0,0.0
2023-09-10 09:00:00,2.389,1.229,6.873,0.0,0.0,0.0
2023-09-10 10:00:00,2.362,1.231,6.915,0.0,0.0,0.0
2023-09-10 11:00:00,2.344,1.232,6.926,0.0,0.0,0.0
2023-09-10 12:00:00,2.301,1.231,6.902,0.0,0.0,0.0
2023-09-10 13:00:00,2.307,1.231,6.901,6.030977081369476,4.705148742299925,18.60745960264248
2023-09-10 14:00:00,2.319,1.23,6.876,0.0,0.0,0.0
2023-09-10 15:00:00,2.325,1.232,6.879,4.235597422601529,6.168168390352938,0.7444673368819504
2023-09-10 16:00:00,2.354,1.231,6.87,0.0,0.0,0.0
2023-09-10 17:00:00,2.362,1.227,6.882,0.0,0.0,0.0
2023-09-10 18:00:00,2.386,1.224,6.866,0.49235842497761517,0.142028214627193,2.0149236929399157
2023-09-10 19:00:00,2.369,1.22,6.811,5.139942884948159,0.0,0.0
2023-09-10 20:00:00,2.373,1.222,6.873,0.0,0.0,0.0
2023-09-10 21:00:00,2.387,1.225,6.727,0.43999027511035527,0.0,0.0
2023-09-10 22:00:00,2.404,1.225,6.883,0.0,0.0,0.0
2023-09-10 23:00:00,2.388,1.226,6.878,0.0,0.0,0.0
2023-09-11 00:00:00,2.4,1.227,6.877,0.0,0.0,0.0
2023-09-11 01:00:00,2.417,1.229,6.88,0.0,0.0,0.0
2023-09-11 02:00:00,2.4,1.23,6.882,0.0,0.0,0.0
2023-09-11 03:00:00,2.397,1.232,6.873,0.0,0.0,0.0
2023-09-11 04:00:00,2.391,1.232,6.873,0.0,0.0,0.0
2023-09-11 05:00:00,2.419,1.233,6.87,0.0,0.0,0.0
2023-09-11 06:00:00,2.393,1.233,6.877,0.0,0.0,0.0
2023-09-11 07:00:00,2.379,1.235,6.801,0.0,0.0,0.0
2023-09-11 08:00:00,2.41,1.234,6.901,0.0,0.0,0.0
2023-09-11 09:00:00,2.375,1.236,6.915,0.0,0.0,0.0
2023-09-11 10:00:00,2.396,1.24,6.835,0.0,0.0,0.0
2023-09-11 11:00:00,2.382,1.235,6.88,0.0,0.0,0.0
2023-09-11 12:00:00,2.38,1.2320000000000002,6.894,0.0,0.0,0.0
2023-09-11 13:00:00,2.378,1.229,6.9079999999999995,1.1399156053775676,1.8939027765992005,5.419185821342017
2023-09-11 14:00:00,2.373,1.231,6.938,0.0,0.0,0.0
2023-09-11 15:00:00,2.398,1.219,6.943,1.062552647341168,5.144052260602537,18.99989917529868
2023-09-11 16:00:00,2.381,1.22,6.919,0.0,0.0,0.0
2023-09-11 17:00:00,2.387,1.223,6.751,0.0,0.0,0.0
2023-09-11 18:00:00,2.322,1.221,6.797,4.77413475705049,0.6575705737878212,5.919564846190811
2023-09-11 19:00:00,2.259,1.217,6.803,7.504117343221649,1.61296775513321,5.953170060432303
2023-09-11 20:00:00,2.299,1.217,6.835,0.0,0.0,0.0
2023-09-11 21:00:00,2.293,1.22,6.933,0.0,0.0,0.0
2023-09-11 22:00:00,2.336,1.226,6.967,3.6859503505955877,0.04657036783615565,0.0908448531446149
2023-09-11 23:00:00,2.35,1.232,6.973,0.0,0.0,0.0
2023-09-12 00:00:00,2.377,1.23,6.951,0.0,0.0,0.0
2023-09-12 01:00:00,2.39,1.231,6.797,0.0,0.0,0.0
2023-09-12 02:00:00,2.397,1.229,6.875,2.2458071279703047,1.0864202319887806,4.764547561226509
2023-09-12 03:00:00,2.391,1.228,6.893,0.0,0.0,0.0
2023-09-12 04:00:00,2.362,1.226,6.882,0.0,0.0,0.0
2023-09-12 05:00:00,2.375,1.226,6.877,1.3568996402266014,2.1797156159879303,3.2257807665178597
2023-09-12 06:00:00,2.377,1.231,6.878,0.0,0.0,0.0
2023-09-12 07:00:00,2.383,1.232,6.899,0.0,0.0,0.0
2023-09-12 08:00:00,2.404,1.244,6.882,0.0,0.0,0.0
2023-09-12 09:00:00,2.416,1.253,6.856,0.6229683642528001,2.668734631173628,1.6394048963074268
2023-09-12 10:00:00,2.414,1.251,6.886,0.0,0.0,0.0
2023-09-12 11:00:00,2.407,1.313,6.891,0.0,0.0,0.0
2023-09-12 12:00:00,2.395,1.37,6.887,0.0,0.0,0.0
2023-09-12 13:00:00,2.396,1.382,6.89,0.0,0.0,0.0
2023-09-12 14:00:00,2.392,1.372,6.893,0.0,0.0,0.0
2023-09-12 15:00:00,2.402,1.356,6.898,0.0,0.0,0.0
2023-09-12 16:00:00,2.376,1.339,6.887,2.034720232328805,0.0,0.0
2023-09-12 17:00:00,2.417,1.321,6.873,2.7532806100533893,0.3298452297019868,1.0869544125302844
2023-09-12 18:00:00,2.405,1.306,6.875,0.0,0.0,0.0
2023-09-12 19:00:00,2.406,1.296,6.876,0.0,0.0,0.0
2023-09-12 20:00:00,2.376,1.291,6.878,0.0,0.0,0.0
2023-09-12 21:00:00,2.381,1.277,6.938,0.0,0.0,0.0
2023-09-12 22:00:00,2.404,1.281,6.902,0.0,0.0,0.0
2023-09-12 23:00:00,2.413,1.278,6.876,0.0,0.0,0.0
2023-09-13 00:00:00,2.414,1.272,6.887,0.0,0.0,0.0
2023-09-13 01:00:00,2.402,1.271,6.877,0.0,0.0,0.0
2023-09-13 02:00:00,2.396,1.273,6.878,0.0,0.0,0.0
2023-09-13 03:00:00,2.364,1.273,6.866,0.0,0.0,0.0
2023-09-13 04:00:00,2.379,1.264,6.886,3.154303311523311,10.903799945377372,6.047764923064106
2023-09-13 05:00:00,2.367,1.266,6.886,0.0,0.0,0.0
2023-09-13 06:00:00,2.382,1.251,6.888,0.7959803086406424,0.18001039843538497,6.508751110465292
2023-09-13 07:00:00,2.392,1.256,6.874,0.0,0.0,0.0
2023-09-13 08:00:00,2.396,1.256,6.897,3.0003544772986257,4.016969825934309,0.20497081942498438
2023-09-13 09:00:00,2.405,1.26,6.881,0.0,0.0,1.5581149557493337
2023-09-13 10:00:00,2.432,1.258,6.869,0.0,0.0,0.0
2023-09-13 11:00:00,2.452,1.257,6.846,0.0,0.0,0.0
2023-09-13 12:00:00,2.442,1.256,6.886,1.5034813978844854,1.0611220955830745,4.383927947592799
2023-09-13 13:00:00,2.458,1.25,6.881,0.0,0.0,0.0
2023-09-13 14:00:00,2.451,1.245,6.88,0.0,0.0,0.0
2023-09-13 15:00:00,2.456,1.241,6.898,0.0,0.0,0.0
2023-09-13 16:00:00,2.454,1.242,6.899,0.0,0.0,0.0
2023-09-13 17:00:00,2.463,1.243,6.904,0.0,0.0,0.0
2023-09-13 18:00:00,2.468,1.233,6.895,0.0,0.0,0.0
2023-09-13 19:00:00,2.484,1.229,6.903,2.991876685163657,4.924610156849999,0.6358788658208611
2023-09-13 20:00:00,2.479,1.23,6.893,0.0,0.0,0.0
2023-09-13 21:00:00,2.496,1.23,6.891,0.0,0.0,0.0
2023-09-13 22:00:00,2.472,1.229,6.886,0.0,0.0,0.0
2023-09-13 23:00:00,2.48,1.227,6.881,0.12772765642053177,0.04135874315443279,3.5792954870655027
2023-09-14 00:00:00,2.477,1.226,6.89,0.0,0.0,0.0
2023-09-14 01:00:00,2.47,1.228,6.892,0.0,0.0,0.0
2023-09-14 02:00:00,2.47,1.228,6.888,0.0,0.0,0.0
2023-09-14 03:00:00,2.478,1.226,6.886,0.0,0.0,0.0
2023-09-14 04:00:00,2.496,1.228,6.897,0.0,0.0,0.0
2023-09-14 05:00:00,2.496,1.226,6.893,0.0,0.0,0.0
2023-09-14 06:00:00,2.475,1.224,54.881,0.0,0.0,0.0
2023-09-14 07:00:00,2.496,1.227,6.876,0.0,0.0,0.0
2023-09-14 08:00:00,2.492,1.226,6.876,0.0,0.0,0.0
2023-09-14 09:00:00,2.5,1.23,6.91,10.940944761712473,0.5349424016436048,7.822926814795824
2023-09-14 10:00:00,2.494,1.235,6.809,2.6880769535677618,0.2991379996593845,1.359323853361161
2023-09-14 11:00:00,2.51,1.231,6.931,0.0,0.0,0.0
2023-09-14 12:00:00,2.52,1.23,6.934,0.3990919947598582,0.0,0.0
2023-09-14 13:00:00,2.531,1.229,6.92,0.0,0.0,0.0
2023-09-14 14:00:00,2.514,1.228,6.731,0.0,0.0,0.0
2023-09-14 15:00:00,2.522,1.224,6.887,0.387344515695032,0.8367826989797437,0.2846756041877506
2023-09-14 16:00:00,2.521,1.22,6.746,0.018834257538240355,2.9996215886663475,1.307031275956089
2023-09-14 17:00:00,2.534,1.219,6.903,0.0,0.0,0.0
2023-09-14 18:00:00,2.495,1.218,6.929,0.0,0.0,0.0
2023-09-14 19:00:00,2.505,1.213,6.912,6.008759929554022,0.2412766144245188,7.210727488691639
2023-09-14 20:00:00,2.512,1.212,6.901,0.0,0.0,0.0
2023-09-14 21:00:00,2.486,1.207,6.908,1.6098045869490802,0.0,0.0
2023-09-14 22:00:00,2.47,1.204,6.919,0.0,0.0,0.0
2023-09-14 23:00:00,2.481,1.203,6.898,0.0,0.0,0.0
2023-09-15 00:00:00,2.492,1.202,6.889,0.0,0.0,0.0
2023-09-15 01:00:00,2.461,1.202,6.893,0.0,0.0,0.0
2023-09-15 02:00:00,2.475,1.201,6.886,0.0,0.0,0.0
2023-09-15 03:00:00,2.48,1.201,6.89,0.0,0.0,0.0
2023-09-15 04:00:00,2.455,1.198,6.875,0.0,0.0,0.0
2023-09-15 05:00:00,2.437,3.4804999999999997,6.882,0.0,0.9585277544555255,0.0
2023-09-15 06:00:00,2.452,5.763,6.878,1.1398028055590117,8.835457151450253,0.6996928318972834
2023-09-15 07:00:00,2.447,1.2,6.879,0.0,0.0,0.0
2023-09-15 08:00:00,2.463,1.2,6.933,0.0,0.0,0.0
2023-09-15 09:00:00,2.478,1.208,6.805,7.288775368570567,0.2517421082143993,0.4914593115377879
2023-09-15 10:00:00,2.488,1.207,6.935,5.314977957727871,0.026624448188301793,1.953580381439292
2023-09-15 11:00:00,2.47,1.209,6.928,0.0,0.0,0.0
2023-09-15 12:00:00,2.469,1.204,6.906,0.0,0.0,0.09587843335074935
2023-09-15 13:00:00,2.488,1.206,6.945,0.0,0.13560653885668134,0.0
2023-09-15 14:00:00,2.508,1.205,6.927,0.0,0.0,0.0
2023-09-15 15:00:00,2.509,1.204,6.875,0.0,0.0,0.0
2023-09-15 16:00:00,2.489,1.201,6.752,0.9738628955422823,0.09806612193657972,2.3196890785251516
2023-09-15 17:00:00,2.5,1.201,6.919,0.0,0.0,0.0
2023-09-15 18:00:00,2.507,1.197,6.897,0.0,0.0,0.0
2023-09-15 19:00:00,2.497,1.192,6.904,0.0,0.0,0.0
2023-09-15 20:00:00,2.495,1.192,6.883,0.0,0.0,0.0
2023-09-15 21:00:00,2.493,1.19,6.765,0.5215314945166966,0.7455394771784538,78.99892699648072
2023-09-15 22:00:00,2.485,1.187,6.765,0.7643726228280654,5.6320151965192204,5.152513283602173
2023-09-15 23:00:00,2.474,1.185,6.76,0.0,0.0,0.0
2023-09-16 00:00:00,2.484,1.184,6.756,0.0,0.0,0.0
2023-09-16 01:00:00,2.498,1.185,6.885,2.052218572726775,2.762954547219894,2.1579683694179703
2023-09-16 02:00:00,2.491,1.184,6.891,2.027575119208327,3.3842577228009243,1.5011635742740372
2023-09-16 03:00:00,2.479,1.184,6.908,0.0,0.0,0.0
2023-09-16 04:00:00,2.501,1.182,6.904,0.0,0.0,0.0
2023-09-16 05:00:00,2.512,1.182,6.888,0.0,0.0,0.0
2023-09-16 06:00:00,2.523,1.181,6.885,0.0,0.0,0.0
2023-09-16 07:00:00,2.504,1.185,6.785,0.0,0.0,0.0
2023-09-16 08:00:00,2.505,1.186,6.911,0.0,0.0,0.0
2023-09-16 09:00:00,2.516,1.188,6.861,2.3368484384149846,9.458407668708901,3.1957266909844915
2023-09-16 10:00:00,2.512,1.188,6.927,0.0,0.0,0.0
2023-09-16 11:00:00,2.519,1.189,6.93,5.26214378084959,0.0,0.0
2023-09-16 12:00:00,2.534,1.186,6.944,0.0,0.0,0.0
2023-09-16 13:00:00,2.538,1.188,6.947,0.0,0.0,0.0
2023-09-16 14:00:00,2.534,1.186,6.922,3.583748867558909,0.7412917473324976,3.277448543444603
2023-09-16 15:00:00,2.521,1.189,6.906,0.08789389393931744,9.050531649345507,2.0518343243382393
2023-09-16 16:00:00,2.54,1.187,6.943,0.0,0.0,0.0
2023-09-16 17:00:00,2.504,1.186,6.939,0.0,0.0,0.0
2023-09-16 18:00:00,2.491,1.179,6.937,2.233116853832282,2.80475207273987,3.1917499269319727
2023-09-16 19:00:00,2.483,1.178,6.779,0.0,0.0,0.0
2023-09-16 20:00:00,2.505,1.175,6.927,0.0,0.0,0.0
2023-09-16 21:00:00,2.49,1.175,6.93,0.2487556884221702,0.8484722873934643,0.21272896008664033
2023-09-16 22:00:00,2.498,1.174,6.791,0.21773547251780467,0.976047603330551,0.06733714719434775
2023-09-16 23:00:00,2.51,1.173,6.859500000000001,0.0,0.0,0.0
2023-09-17 00:00:00,2.507,1.171,6.911,2.129518106888181,4.853853587784672,3.6243387806546616
2023-09-17 01:00:00,2.502,1.17,6.897,0.0,0.0,0.0
2023-09-17 02:00:00,2.521,1.171,6.807,0.0,0.0,0.0
2023-09-17 03:00:00,2.485,1.171,6.82,0.0,0.0,0.0
2023-09-17 04:00:00,2.492,1.171,6.913,0.0,0.0,0.0
2023-09-17 05:00:00,2.501,1.171,6.912,0.0,0.0,0.0
2023-09-17 06:00:00,2.506,1.171,6.901,0.0,0.0,0.0
2023-09-17 07:00:00,2.507,1.171,6.915,0.0,0.0,0.0
2023-09-17 08:00:00,2.496,1.177,6.869,0.0,0.0,0.0
2023-09-17 09:00:00,2.538,1.179,6.885,0.0,0.0,0.0
2023-09-17 10:00:00,2.524,1.182,6.926,0.0,0.0,0.0
2023-09-17 11:00:00,2.527,1.182,6.934,0.0,0.0,0.0
2023-09-17 12:00:00,2.54,1.18,6.935,0.0,0.0,0.0
2023-09-17 13:00:00,2.538,1.179,6.934,8.324634319772109,1.7423057513539055,0.07075538198439854
2023-09-17 14:00:00,2.531,1.181,6.948,0.0,0.0,0.0
2023-09-17 15:00:00,2.526,1.181,6.928,0.0,0.0,0.0
2023-09-17 16:00:00,2.507,1.178,6.926,0.0,0.0,0.0
2023-09-17 17:00:00,2.527,1.176,6.931,0.0,0.0,0.0
2023-09-17 18:00:00,2.518,1.173,6.934,0.0,0.0,0.0
2023-09-17 19:00:00,2.492,1.17,6.926,0.0,0.0,0.0
2023-09-17 20:00:00,2.51,1.168,6.93,0.0,0.0,0.0
2023-09-17 21:00:00,2.525,1.167,6.929,0.0,0.0,0.0
2023-09-17 22:00:00,2.513,1.167,6.942,0.0,0.0,0.0
2023-09-17 23:00:00,2.515,1.165,6.868,0.0,0.0,0.0
2023-09-18 00:00:00,2.512,1.165,6.885,0.0,0.0,0.0
2023-09-18 01:00:00,2.512,1.162,6.909,4.215549083563631,0.0,0.0
2023-09-18 02:00:00,2.501,1.162,6.932,0.0,0.0,0.0
2023-09-18 03:00:00,2.492,1.162,6.9295,0.0,0.0,0.0
2023-09-18 04:00:00,2.497,1.16,6.937,0.0,0.0,0.0
2023-09-18 05:00:00,2.496,1.161,6.93,23.72802337089755,5.478154399750558,3.2114881188038633
2023-09-18 06:00:00,2.513,1.16,6.937,0.0,0.0,0.0
2023-09-18 07:00:00,2.518,1.155,6.929,0.0,0.0,0.0
2023-09-18 08:00:00,2.522,1.16,6.941,0.0,0.0,0.0
2023-09-18 09:00:00,2.511,1.164,6.936,0.0,0.0,0.0
2023-09-18 10:00:00,2.516,1.163,6.808,0.0,0.0,0.0
2023-09-18 11:00:00,2.518,1.169,6.944,0.0,0.0,0.0
2023-09-18 12:00:00,2.528,1.167,6.78,0.0,0.0,0.0
2023-09-18 13:00:00,2.529,1.168,6.931,0.0,0.0,0.0
2023-09-18 14:00:00,2.536,1.167,6.932,0.0,0.0,0.0
2023-09-18 15:00:00,2.522,1.157,6.933,0.0,0.0,0.0
2023-09-18 16:00:00,2.475,1.158,6.947,0.0,0.0,0.0
2023-09-18 17:00:00,2.455,1.157,6.928,0.0,0.0,0.0
2023-09-18 18:00:00,2.439,1.157,6.942,0.0,0.0,0.0
2023-09-18 19:00:00,2.413,1.158,6.942,16.11299117264165,0.32423081037128176,3.988145082307409
2023-09-18 20:00:00,2.361,1.16,6.933,1.2110260993900306,2.9141684742727545,2.8514935188703103
2023-09-18 21:00:00,2.321,1.162,6.937,3.758077237140294,0.0,0.0
2023-09-18 22:00:00,2.332,1.161,6.934,0.0,0.0,0.0
2023-09-18 23:00:00,2.352,1.159,6.947,1.6546384012458806,0.18116524136614842,1.6618863555153818
2023-09-19 00:00:00,2.38,1.159,6.947,0.0,0.0,0.0
2023-09-19 01:00:00,2.405,1.159,6.944,0.0,0.0,0.0
2023-09-19 02:00:00,2.413,1.159,6.942,5.1344336140193745,3.928536481279963,0.02004309889996786
2023-09-19 03:00:00,2.396,1.162,6.94,0.0,0.0,0.0
2023-09-19 04:00:00,2.405,1.166,6.91,0.0,0.0,0.0
2023-09-19 05:00:00,2.388,1.176,6.856,0.0,0.0,0.0
2023-09-19 06:00:00,2.383,1.193,6.94,0.0,0.0,0.0
2023-09-19 07:00:00,2.406,1.217,6.936,0.0,0.0,0.0
2023-09-19 08:00:00,2.421,1.233,6.934,0.0,0.0,0.0
2023-09-19 09:00:00,2.42,1.237,6.919,0.0,0.0,0.0
2023-09-19 10:00:00,2.426,1.241,6.938,0.0,0.0,0.0
2023-09-19 11:00:00,2.432,1.238,6.947,0.0,0.0,0.0
2023-09-19 12:00:00,2.443,1.228,6.945,0.0,0.0,0.0
2023-09-19 13:00:00,2.456,1.228,6.938,0.0,0.0,0.0
2023-09-19 14:00:00,2.469,1.219,6.951,10.113613003996747,3.250209926560548,2.9515848614153484
2023-09-19 15:00:00,2.453,1.212,6.939,0.0,0.0,0.0
2023-09-19 16:00:00,2.468,1.207,6.922,0.0,0.0,0.0
2023-09-19 17:00:00,2.489,1.199,6.947,0.0,0.0,2.5776951327220274
2023-09-19 18:00:00,2.496,1.195,6.931,0.0,0.0,0.0
2023-09-19 19:00:00,2.506,1.192,6.927,0.0,6.762785176839491,0.0
2023-09-19 20:00:00,2.491,1.189,6.932,0.0,0.0,0.0
2023-09-19 21:00:00,2.505,1.188,6.925,0.0,0.0,0.0
2023-09-19 22:00:00,2.507,1.188,6.804,3.7446080223055236,2.232477341500018,19.526762843379384
2023-09-19 23:00:00,2.499,1.188,6.939,0.0,9.183212530699548,0.0
2023-09-20 00:00:00,2.491,1.187,6.918,0.0,0.0,0.0
2023-09-20 01:00:00,2.469,1.187,6.938,0.0,0.0,0.0
2023-09-20 02:00:00,2.495,1.187,6.932,1.7494641012161605,3.681784334976679,0.7207797286303624
2023-09-20 03:00:00,2.491,1.188,6.912,0.0,0.0,5.170125277523253
2023-09-20 04:00:00,2.482,1.185,6.899,0.0,0.0,2.9980701653770523
2023-09-20 05:00:00,2.476,1.185,6.91,0.0,0.0,0.0
2023-09-20 06:00:00,2.451,1.184,6.911,0.0,0.0,0.0
2023-09-20 07:00:00,2.433,1.184,6.898,2.4223166046193336,0.48973736821554403,3.5793177544410972
2023-09-20 08:00:00,2.446,1.187,6.908,0.0,0.0,0.0
2023-09-20 09:00:00,2.462,1.188,6.948,0.0,0.0,0.0
2023-09-20 10:00:00,2.468,1.186,6.764,0.0,2.3434611314108964,0.0
2023-09-20 11:00:00,2.454,1.189,6.938,0.15581596765892106,0.6346063425390798,0.9392059241551898
2023-09-20 12:00:00,2.465,1.189,6.944,0.34179546316029324,6.300120370808283,9.653986988378191
2023-09-20 13:00:00,2.467,1.189,6.903,1.267862676034548,0.0,0.0
2023-09-20 14:00:00,2.468,1.19,6.808,0.0,0.0,0.0
2023-09-20 15:00:00,2.464,1.189,6.952,0.0,0.0,0.0
2023-09-20 16:00:00,2.47,1.191,6.882,0.0,0.0,0.0
2023-09-20 17:00:00,2.474,1.19,6.922,0.0,0.0,0.0
2023-09-20 18:00:00,2.493,1.189,6.889,0.0,0.0,0.0
2023-09-20 19:00:00,2.494,5.763,6.906,0.0,0.0,0.0
2023-09-20 20:00:00,2.5,5.763,6.897,0.0,0.0,0.0
2023-09-20 21:00:00,2.501,5.763,6.913,0.0,0.0,0.0
2023-09-20 22:00:00,2.49,5.763,6.903,0.0,0.0,0.0
2023-09-20 23:00:00,2.502,5.763,6.913,1.2584463578300018,8.156070680359026,0.4553404410624864
2023-09-21 00:00:00,2.467,5.763,6.895,0.0,0.0,0.0
2023-09-21 01:00:00,2.417,5.763,6.905,0.0,0.0,0.0
2023-09-21 02:00:00,2.384,5.763,6.896,0.0,0.0,0.0
2023-09-21 03:00:00,2.356,5.763,6.91,0.0,0.0,0.45692796067735364
2023-09-21 04:00:00,2.318,5.763,6.908,0.0,0.0,0.0
2023-09-21 05:00:00,2.292,5.763,6.917,0.0,0.0,0.0
2023-09-21 06:00:00,2.226,5.763,6.913,0.0,0.0,0.0
2023-09-21 07:00:00,2.209,5.763,6.901,7.167737466516742,0.2759373149727098,67.1976569227876
2023-09-21 08:00:00,2.237,5.763,6.887,3.91666777764234,2.3380538168932143,0.29477661102000446
2023-09-21 09:00:00,2.268,5.763,6.913,0.0,0.0,0.0
2023-09-21 10:00:00,2.268,1.311,6.939,0.0,0.0,0.0
2023-09-21 11:00:00,2.264,1.344,6.901,0.0,0.0,0.0
2023-09-21 12:00:00,2.247,1.36,6.909,0.0,0.0,0.0
2023-09-21 13:00:00,2.271,1.364,6.895,0.0,0.0,0.0
2023-09-21 14:00:00,2.226,1.366,6.894,0.0,0.0,0.7661155735368823
2023-09-21 15:00:00,2.2,1.366,6.897,0.0,0.0,0.0
2023-09-21 16:00:00,2.181,1.366,6.893,0.0,0.0,0.0
2023-09-21 17:00:00,2.165,1.366,6.89,0.0,0.0,0.0
2023-09-21 18:00:00,2.126,1.375,6.902,0.0,0.0,0.0
2023-09-21 19:00:00,2.14,1.385,6.916,0.39981434024643947,1.3963099668890822,1.5746918414351303
2023-09-21 20:00:00,2.14,1.393,6.919,0.0,0.0,0.0
2023-09-21 21:00:00,2.13,1.4,6.91,0.0,0.0,0.0
2023-09-21 22:00:00,2.149,1.407,6.783,0.0,0.0,0.0
2023-09-21 23:00:00,2.19,1.41,6.775,0.0,0.0,0.0
2023-09-22 00:00:00,2.217,1.407,6.911,0.0,0.0,0.0
2023-09-22 01:00:00,2.256,1.4,6.903,0.0,0.0,0.0
2023-09-22 02:00:00,2.273,1.393,6.89,0.0,0.0,0.0
2023-09-22 03:00:00,2.296,1.389,6.883,0.0,0.0,0.0
2023-09-22 04:00:00,2.313,1.382,6.872,0.0,0.0,0.0
2023-09-22 05:00:00,2.323,1.378,6.913,0.0,52.92491625209294,0.0
2023-09-22 06:00:00,2.333,1.373,6.91,0.0,0.0,0.0
2023-09-22 07:00:00,2.309,1.371,6.908,0.0,0.0,0.0
2023-09-22 08:00:00,2.289,1.37,6.911,0.0,0.0,0.0
2023-09-22 09:00:00,2.294,1.37,6.894,0.0,0.0,0.0
2023-09-22 10:00:00,2.305,1.367,6.921,2.2569566783581916,0.0,0.0
2023-09-22 11:00:00,2.309,1.371,6.92,0.0,0.0,0.0
2023-09-22 12:00:00,2.33,1.369,6.916,0.0,0.0,0.0
2023-09-22 13:00:00,2.36,1.376,6.891,0.0,0.0,0.0
2023-09-22 14:00:00,2.382,1.392,6.916,0.0,0.0,0.0
2023-09-22 15:00:00,2.396,1.41,6.919,0.0,0.0,0.0
2023-09-22 16:00:00,2.368,1.421,6.91,0.0,0.0,0.0
2023-09-22 17:00:00,2.383,1.423,6.92,0.0,0.0,0.0
2023-09-22 18:00:00,2.38,1.42,6.921,0.0,0.0,0.0
2023-09-22 19:00:00,2.364,1.413,6.923,0.0,0.0,0.0
2023-09-22 20:00:00,2.389,1.409,6.921,0.0,0.0,1.119537830818635
2023-09-22 21:00:00,2.395,1.4,6.923,0.0,0.0,0.0
2023-09-22 22:00:00,2.373,1.399,6.93,0.0,0.21634590225277558,0.0
2023-09-22 23:00:00,2.391,1.393,6.914,0.0,0.0,9.543913652715315
2023-09-23 00:00:00,2.409,1.389,6.918,0.0,0.0,0.0
2023-09-23 01:00:00,2.417,1.382,6.894,0.0,0.0,0.0
2023-09-23 02:00:00,2.435,1.381,6.914,0.0,0.0,0.0
2023-09-23 03:00:00,2.44,1.38,6.912,0.0,0.0,0.0
2023-09-23 04:00:00,2.431,1.376,6.916,0.0,5.641575140069586,0.0
2023-09-23 05:00:00,2.451,1.369,6.918,0.0,0.0,3.158428768922533
2023-09-23 06:00:00,2.45,1.365,6.925,0.0,0.0,0.0
2023-09-23 07:00:00,2.462,1.364,6.907,0.0,0.0,0.0
2023-09-23 08:00:00,2.47,1.364,6.917,0.0,0.0,0.0
2023-09-23 09:00:00,2.483,1.362,6.919,0.0,0.0,0.0
2023-09-23 10:00:00,2.479,1.364,6.921,0.0,0.0,0.0
2023-09-23 11:00:00,2.475,1.364,6.769,1.6900016951857477,3.3800463564683776,4.530957862313387
2023-09-23 12:00:00,2.472,1.359,6.782,0.0,0.0,0.0
2023-09-23 13:00:00,2.509,1.356,6.9,0.0,0.0,0.0
2023-09-23 14:00:00,2.509,1.355,6.902,0.0,0.0,0.0
2023-09-23 15:00:00,2.498,1.354,6.919,0.0,0.0,0.0
2023-09-23 16:00:00,2.502,1.347,6.911,0.0,0.31356444562846286,0.0
2023-09-23 17:00:00,2.491,1.342,6.906,0.0,0.0,0.0
2023-09-23 18:00:00,2.5,1.337,6.916,5.732134285576502,1.3391470725012575,0.3967088210871898
2023-09-23 19:00:00,2.463,1.333,6.926,0.0,0.0,0.0
2023-09-23 20:00:00,2.486,1.329,6.922,0.0,0.0,0.0
2023-09-23 21:00:00,2.494,1.327,6.93,0.0,0.0,0.0
2023-09-23 22:00:00,2.498,1.324,6.913,0.0,0.0,0.0
2023-09-23 23:00:00,2.503,1.321,6.955,0.0,0.0,2.365250502811925
2023-09-24 00:00:00,2.505,1.319,6.956,0.0,0.0,0.0
2023-09-24 01:00:00,2.506,1.317,6.935,0.0,0.0,0.0
2023-09-24 02:00:00,2.507,1.317,6.906,0.0,0.0,0.0
2023-09-24 03:00:00,2.528,1.318,6.919,0.0,0.0,0.0
2023-09-24 04:00:00,2.523,1.321,6.906,2.147694963470975,4.5018518169045665,4.444312198686999
2023-09-24 05:00:00,2.517,1.32,6.924,0.0,0.0,0.0
2023-09-24 06:00:00,2.531,1.323,6.758,0.0,0.0,0.0
2023-09-24 07:00:00,2.545,1.323,6.925,0.0,3.7915392360738203,0.0
2023-09-24 08:00:00,2.55,1.324,6.908,0.0,0.0,0.0
2023-09-24 09:00:00,2.545,1.323,6.907,0.0,0.0,0.0
2023-09-24 10:00:00,2.547,1.318,6.907,0.0,0.0,0.0
2023-09-24 11:00:00,2.547,1.322,6.897,0.0,0.0,0.0
2023-09-24 12:00:00,2.548,1.319,6.912,5.210484279996912,0.0,0.0
2023-09-24 13:00:00,2.552,1.315,6.898,1.0760103256224784,0.2336068703919379,3.1416856290932023
2023-09-24 14:00:00,2.568,1.31,6.911,0.0,10.81400907526124,0.0
2023-09-24 15:00:00,2.555,1.308,6.907,0.0,0.0,0.0
2023-09-24 16:00:00,2.559,1.3,6.909,0.0,0.0,0.0
2023-09-24 17:00:00,2.565,1.299,6.912,0.0,0.0,0.0
2023-09-24 18:00:00,2.566,1.295,6.793,0.0,0.0,0.0
2023-09-24 19:00:00,2.574,1.293,6.904,0.0,0.0,0.0
2023-09-24 20:00:00,2.562,1.293,6.92,0.0,0.0,0.0
2023-09-24 21:00:00,2.571,1.29,6.759,0.0,0.0,0.0
2023-09-24 22:00:00,2.561,1.29,6.801,0.0,0.0,0.0
2023-09-24 23:00:00,2.573,1.286,6.753,0.0,0.0,0.0
2023-09-25 00:00:00,2.594,1.287,6.78,0.0,0.0,0.0
2023-09-25 01:00:00,2.589,1.284,6.752,0.0,0.0,0.0
2023-09-25 02:00:00,2.599,1.284,6.786,0.0,0.0,0.0
2023-09-25 03:00:00,2.604,1.282,6.901,0.0,0.0,0.0
2023-09-25 04:00:00,2.614,1.28,6.758,0.0,0.0,0.0
2023-09-25 05:00:00,2.608,1.28,6.921,0.0,0.0,0.0
2023-09-25 06:00:00,2.632,5.763,6.789,0.0,0.0,0.0
2023-09-25 07:00:00,2.621,5.763,6.796,0.0,0.0,0.0
2023-09-25 08:00:00,2.626,5.763,6.928,0.0,0.0,0.0
2023-09-25 09:00:00,2.62,1.284,6.928,0.0,0.0,0.0
2023-09-25 10:00:00,2.63,1.285,6.905,0.0,0.0,0.0
2023-09-25 11:00:00,2.635,1.286,6.912,0.0,0.0,0.0
2023-09-25 12:00:00,2.636,1.286,6.913,0.0,0.0,0.0
2023-09-25 13:00:00,2.647,1.29,6.914,0.0,0.0,0.0
2023-09-25 14:00:00,2.639,1.286,6.901,0.0,0.0,0.0
2023-09-25 15:00:00,2.641,1.287,6.915,0.0,0.0,0.0
2023-09-25 16:00:00,2.629,1.283,6.923,0.0,0.0,0.0
2023-09-25 17:00:00,2.635,1.283,6.905,0.0,4.930324098546289,0.0
2023-09-25 18:00:00,2.646,1.278,6.897,0.0,0.0,0.0
2023-09-25 19:00:00,2.641,1.272,6.907,3.780170550390092,3.01081310079342,5.3224322860587545
2023-09-25 20:00:00,2.646,1.272,6.856,0.0,0.0,0.0
2023-09-25 21:00:00,2.641,1.27,6.917,0.0,0.0,0.0
2023-09-25 22:00:00,2.666,1.268,6.925,0.0,0.0,0.0
2023-09-25 23:00:00,2.675,1.267,6.919,0.0,0.0,0.0
2023-09-26 00:00:00,2.68,1.265,6.922,0.0,0.0,0.0
2023-09-26 01:00:00,2.687,1.268,6.914,0.0,0.0,0.0
2023-09-26 02:00:00,2.677,1.271,6.773,0.0,0.0,0.0
2023-09-26 03:00:00,2.677,1.271,6.919,0.0,0.0,0.0
2023-09-26 04:00:00,2.685,1.269,6.926,0.0,0.0,0.0
2023-09-26 05:00:00,2.672,1.27,6.921,0.0,1.9703085567981586,0.0
2023-09-26 06:00:00,2.698,1.268,6.912,4.385011277223374,0.025092963674969226,1.5498280514710125
2023-09-26 07:00:00,2.675,1.27,6.912,0.0,0.0,0.0
2023-09-26 08:00:00,2.633,1.268,6.914,0.0,0.0,0.0
2023-09-26 09:00:00,2.635,1.271,6.784,0.0,0.0,0.0
2023-09-26 10:00:00,2.659,1.271,6.78,0.0,0.0,0.0
2023-09-26 11:00:00,2.659,1.273,6.785,0.0,0.0,0.0
2023-09-26 12:00:00,2.671,1.271,6.913,0.0,0.0,0.0
2023-09-26 13:00:00,2.687,1.27,6.905,0.08915893437681706,0.18069198896979963,0.9644466195060216
2023-09-26 14:00:00,2.68,1.268,6.905,0.0,0.0,0.0
2023-09-26 15:00:00,2.683,1.266,6.914,0.0,0.0,0.0
2023-09-26 16:00:00,2.672,1.279,6.897,4.085502960006205,36.32745949114049,0.988524324131447
2023-09-26 17:00:00,2.655,1.295,6.92,0.0,0.0,0.0
2023-09-26 18:00:00,2.615,1.31,6.918,0.0,0.0,0.0
2023-09-26 19:00:00,2.568,1.311,6.92,0.0,0.0,0.0
2023-09-26 20:00:00,2.542,1.31,6.802,0.0,0.0,0.0
2023-09-26 21:00:00,2.567,1.301,6.935,4.002760524864851,5.728099995205558,0.348045419163917
2023-09-26 22:00:00,2.608,1.296,6.74,3.60213729933243,0.0,0.0
2023-09-26 23:00:00,2.636,1.288,6.929,0.0,0.0,0.0
2023-09-27 00:00:00,2.626,1.281,6.933,0.0,2.084284777179967,0.0
2023-09-27 01:00:00,2.646,1.276,6.787,0.0,0.0,0.0
2023-09-27 02:00:00,2.646,1.272,6.917,0.0,0.0,0.0
2023-09-27 03:00:00,2.661,1.265,6.887,0.947633539470219,1.9533794781687006,4.8063462120377896
2023-09-27 04:00:00,2.645,1.266,6.8,0.0,0.0,0.0
2023-09-27 05:00:00,2.652,1.269,6.912,0.0,0.0,0.0
2023-09-27 06:00:00,2.65,1.273,6.926,0.0,0.0,0.0
2023-09-27 07:00:00,2.651,1.284,6.912,0.0,0.0,0.0
2023-09-27 08:00:00,2.69,1.288,6.896,0.0,0.0,0.0
2023-09-27 09:00:00,2.671,1.29,6.825,0.0,0.0,0.0
2023-09-27 10:00:00,2.672,1.291,6.862,0.0,0.0,0.0
2023-09-27 11:00:00,2.665,1.287,6.787,0.0,0.0,0.0
2023-09-27 12:00:00,2.672,1.281,6.793,0.0,0.0,0.0
2023-09-27 13:00:00,2.673,1.278,6.885,0.0,0.0,0.0
2023-09-27 14:00:00,2.662,1.273,6.814,0.0,0.0,0.0
2023-09-27 15:00:00,2.676,1.27,6.818,0.0,0.0,0.0
2023-09-27 16:00:00,2.672,1.267,6.899,0.0,0.0,0.0
2023-09-27 17:00:00,2.661,1.265,6.832,0.0,0.0,0.0
2023-09-27 18:00:00,2.674,1.254,6.903,0.0,0.0,0.0
2023-09-27 19:00:00,2.669,1.254,6.776,0.0,0.0,0.0
2023-09-27 20:00:00,2.658,1.253,6.78,0.0,0.0,0.0
2023-09-27 21:00:00,2.658,1.248,6.912,14.200603662486373,19.3317896850705,0.20515540521623252
2023-09-27 22:00:00,2.655,1.245,6.914,0.0,0.0,0.0
2023-09-27 23:00:00,2.652,1.247,6.913,0.0,0.0,0.0
2023-09-28 00:00:00,2.653,1.244,6.92,0.0,0.0,0.0
2023-09-28 01:00:00,2.659,1.242,6.918,0.9338941430811851,4.46081647497863,0.5686156011909232
2023-09-28 02:00:00,2.664,1.241,6.916,0.0,0.0,0.0
2023-09-28 03:00:00,2.657,1.239,6.915,0.0,0.0,0.0
2023-09-28 04:00:00,2.653,1.24,6.914,0.0,0.0,0.0
2023-09-28 05:00:00,2.667,1.238,6.906,0.0,3.8697973520010227,0.0
2023-09-28 06:00:00,2.657,1.236,6.904,0.0,0.0,0.0
2023-09-28 07:00:00,2.664,1.241,6.906,0.0,0.0,0.0
2023-09-28 08:00:00,2.673,1.246,6.761,0.0,0.0,0.0
2023-09-28 09:00:00,2.664,1.251,6.888,0.0,0.0,0.0
2023-09-28 10:00:00,2.668,1.254,6.785,0.0,0.0,0.0
2023-09-28 11:00:00,2.678,1.255,6.874,0.0,0.0,0.0
2023-09-28 12:00:00,2.687,1.254,6.865,0.0,0.0,0.0
2023-09-28 13:00:00,2.693,1.254,6.881,0.5825834803901951,7.567774434568222,0.110476566199729
2023-09-28 14:00:00,2.689,1.254,6.884,0.0,0.0,0.0
2023-09-28 15:00:00,2.679,1.25,6.882,0.0,0.0,0.0
2023-09-28 16:00:00,2.686,1.246,6.871,1.3713604089944311,3.420771550055372,7.466238544262276
2023-09-28 17:00:00,2.686,1.242,6.871,0.0,0.0,0.0
2023-09-28 18:00:00,2.681,1.239,6.855,0.0,0.0,0.0
2023-09-28 19:00:00,2.686,1.233,6.849,0.0,0.0,0.0
2023-09-28 20:00:00,2.691,1.231,6.805,0.0,0.0,0.0
2023-09-28 21:00:00,2.689,1.229,6.761,0.0,0.0,0.3657291808779037
2023-09-28 22:00:00,2.687,1.227,6.876,0.0,0.0,0.0
2023-09-28 23:00:00,2.686,1.226,6.789,0.0,0.0,0.0
2023-09-29 00:00:00,2.691,1.226,6.82,0.0,0.0,4.985783091905581
2023-09-29 01:00:00,2.699,1.224,6.779,0.0,0.0,0.0
2023-09-29 02:00:00,2.688,1.224,6.876,0.0,0.0,0.0
2023-09-29 03:00:00,2.677,1.223,6.898,0.0,0.0,0.0
2023-09-29 04:00:00,2.685,1.222,6.884,0.0,0.0,0.0
2023-09-29 05:00:00,2.675,1.22,6.837,0.0,0.0,0.0
2023-09-29 06:00:00,2.674,1.219,6.907,0.0,0.0,0.0
2023-09-29 07:00:00,2.687,1.22,6.916,0.0,0.0,0.0
2023-09-29 08:00:00,2.6945,1.219,6.892,0.0,0.0,0.0
2023-09-29 09:00:00,2.702,1.225,6.865,0.0,0.0,0.0
2023-09-29 10:00:00,2.707,1.227,6.877,0.0,0.0,0.0
2023-09-29 11:00:00,2.712,1.225,6.883,0.0,0.0,0.0
2023-09-29 12:00:00,2.713,1.219,6.895,0.0,0.0,0.0
2023-09-29 13:00:00,2.724,1.224,6.889,0.0,0.0,0.0
2023-09-29 14:00:00,2.717,1.222,6.807,0.0,0.0,0.0
2023-09-29 15:00:00,2.712,1.22,6.897,0.0,0.0,0.0
2023-09-29 16:00:00,2.72,5.763,6.866,0.0,0.0,0.0
2023-09-29 17:00:00,2.698,1.217,6.877,0.0,0.0,2.220013877304272
2023-09-29 18:00:00,2.71,1.213,6.891,0.0,1.8402396693320775,0.0
2023-09-29 19:00:00,2.717,1.212,6.892,0.8020519068857492,0.09412175301138383,0.5511277657401176
2023-09-29 20:00:00,2.715,1.208,6.881,8.257308495435128,1.4009364457275775,0.40582060126300795
2023-09-29 21:00:00,2.713,1.206,6.905,0.0,0.0,0.0
2023-09-29 22:00:00,2.717,1.205,6.848,0.0,0.0,0.0
2023-09-29 23:00:00,2.723,1.203,6.856,0.0,0.0,0.0
2023-09-30 00:00:00,2.729,1.202,6.87,0.30464794756709235,9.201961749237741,0.9532323429278068
2023-09-30 01:00:00,2.727,5.763,6.852,1.3462754240138857,3.811675022734299,1.5489624290595612
2023-09-30 02:00:00,2.721,5.763,6.857,0.0,0.0,0.0
2023-09-30 03:00:00,2.708,5.763,6.884,0.0,0.0,0.0
2023-09-30 04:00:00,2.703,5.763,6.87,0.0,0.0,0.0
2023-09-30 05:00:00,2.685,5.763,6.875,0.0,0.0,0.0
2023-09-30 06:00:00,2.68,5.763,6.871,0.0,0.0,0.0
2023-09-30 07:00:00,2.695,5.763,6.867,0.7286106285349343,0.6921509701493122,4.224020101161129
2023-09-30 08:00:00,2.707,5.763,6.889,0.0,0.0,0.0
2023-09-30 09:00:00,2.718,5.763,6.886,0.0,0.0,0.0
2023-09-30 10:00:00,2.74,5.763,6.88,0.0,0.0,0.0
2023-09-30 11:00:00,2.76,1.215,6.869,0.0,0.0,0.0
2023-09-30 12:00:00,2.746,1.212,6.893,0.0,0.0,0.0
2023-09-30 13:00:00,2.751,1.208,6.877,0.0,0.0,0.0
2023-09-30 14:00:00,2.737,1.214,6.865,0.0,0.0,0.0
2023-09-30 15:00:00,2.737,1.211,6.831,0.0,0.0,0.0
2023-09-30 16:00:00,2.739,1.202,6.893,0.0,0.0,0.0
2023-09-30 17:00:00,2.741,5.763,6.91,0.0,0.0,0.0
2023-09-30 18:00:00,2.734,5.763,6.852,0.0,2.7085772513663704,0.0
2023-09-30 19:00:00,2.745,5.763,6.895,0.0,0.0,0.0
2023-09-30 20:00:00,2.744,5.763,6.849,0.0,0.0,0.0
2023-09-30 21:00:00,2.725,5.763,6.783,0.0,0.0,0.0
2023-09-30 22:00:00,2.705,5.763,6.876,0.0,0.0,0.0
2023-09-30 23:00:00,2.719,5.763,6.801,0.0,2.0843598286904794,0.0
2023-10-01 00:00:00,2.703,5.763,6.915,0.0,0.0,0.0
2023-10-01 01:00:00,2.714,5.763,6.918,0.0,0.0,0.0
2023-10-01 02:00:00,2.718,5.763,6.917,0.0,0.0,0.0
2023-10-01 03:00:00,2.726,5.763,6.907,0.0,0.0,0.0
2023-10-01 04:00:00,2.732,5.763,6.91,0.0,0.0,0.0
2023-10-01 05:00:00,2.73,5.763,6.914,7.76554507192777,2.829952243338967,2.9328986814075635
2023-10-01 06:00:00,2.739,5.763,6.911,0.0,0.0,0.0
2023-10-01 07:00:00,2.638,5.763,6.9,0.0,0.0,0.0
2023-10-01 08:00:00,2.6305,5.763,6.9,1.0762704961272924,0.3603778541656203,2.9176705529412503
2023-10-01 09:00:00,2.623,5.763,6.916,0.0,0.0,0.0
2023-10-01 10:00:00,2.5810000000000004,5.763,6.758,3.244876643685811,4.654714692829235,1.2522861351226153
2023-10-01 11:00:00,2.539,1.203,6.908,0.0,0.0,0.0
2023-10-01 12:00:00,2.397,1.205,6.865,0.0,0.0,0.0
2023-10-01 13:00:00,2.013,1.208,6.905,0.0,0.0,0.0
2023-10-01 14:00:00,1.836,1.203,6.902,0.0,0.0,0.0
2023-10-01 15:00:00,1.985,1.202,6.87,0.0,0.0,0.0
2023-10-01 16:00:00,2.1,5.763,6.904,0.0,0.0,0.0
2023-10-01 17:00:00,2.213,5.763,6.782,0.0,0.0,0.0
2023-10-01 18:00:00,2.297,5.763,6.914,0.0,0.0,0.0
2023-10-01 19:00:00,2.347,5.763,6.765,0.0,0.0,0.0
2023-10-01 20:00:00,2.368,5.763,6.925,0.0,0.0,1.2515861312703038
2023-10-01 21:00:00,2.393,5.763,6.771,0.3964520390870321,0.5004696840441877,4.646117922059763
2023-10-01 22:00:00,2.426,5.763,6.771,0.0,0.0,0.0
2023-10-01 23:00:00,2.462,5.763,6.92,0.0,0.0,0.0
2023-10-02 00:00:00,2.5,5.763,6.782,0.0,0.0,0.0
2023-10-02 01:00:00,2.484,5.763,6.773,0.0,0.0,0.0
2023-10-02 02:00:00,2.535,5.763,6.795,0.0,0.0,0.0
2023-10-02 03:00:00,2.519,5.763,6.773,0.0,0.0,0.0
2023-10-02 04:00:00,2.524,5.763,6.771,0.0,0.0,0.0
2023-10-02 05:00:00,2.551,5.763,6.868,0.0,0.0,0.0
2023-10-02 06:00:00,2.545,5.763,6.924,4.763851019697796,0.0,0.0
2023-10-02 07:00:00,2.555,5.763,6.927,0.0,0.0,0.0
2023-10-02 08:00:00,2.558,5.763,6.918,0.0,0.0,0.0
2023-10-02 09:00:00,2.554,5.763,6.918,0.0,0.0,0.0
2023-10-02 10:00:00,2.584,1.31,6.909,0.0,0.0,0.0
2023-10-02 11:00:00,2.57,1.312,6.873,0.0,0.0,0.0
2023-10-02 12:00:00,2.605,1.306,6.912,0.0,0.0,0.0
2023-10-02 13:00:00,2.605,1.304,6.887,0.0,0.0,0.0
2023-10-02 14:00:00,2.61,1.302,6.915,0.0,0.0,0.0
2023-10-02 15:00:00,2.612,1.295,6.914,0.0,0.0,0.0
2023-10-02 16:00:00,2.598,1.292,6.884,0.0,0.0,0.0
2023-10-02 17:00:00,2.619,1.289,6.928,0.25620393273922615,0.08839738457327115,1.2535441025645178
2023-10-02 18:00:00,2.644,1.282,6.908,0.0,0.0,0.0
2023-10-02 19:00:00,2.636,1.276,6.916,0.0,0.0,0.0
2023-10-02 20:00:00,2.593,1.273,6.871,0.0,0.0,0.0
2023-10-02 21:00:00,2.593,1.27,6.88,0.0,0.0,0.0
2023-10-02 22:00:00,2.609,1.27,6.777,0.0,0.0,0.0
2023-10-02 23:00:00,2.6054999999999997,1.268,6.77,0.0,0.0,0.0
2023-10-03 00:00:00,2.602,1.267,6.809,0.0,0.0,0.0
2023-10-03 01:00:00,2.5999999999999996,1.268,6.797,3.263442170280504,0.6395650359851157,0.12646178197618765
2023-10-03 02:00:00,2.598,1.267,6.915,0.5040807141586078,0.0,0.0
2023-10-03 03:00:00,2.58,1.267,6.857,0.0,0.0,0.0
2023-10-03 04:00:00,2.397,1.265,6.804,0.0,0.0,0.0
2023-10-03 05:00:00,2.325,1.263,6.898,0.4236191163733524,7.189693918023827,0.3233995825723352
2023-10-03 06:00:00,2.319,1.263,6.783,0.0,0.0,0.0
2023-10-03 07:00:00,2.384,1.26,6.808,0.25877018562279275,0.0,0.0
2023-10-03 08:00:00,2.419,1.258,6.892,0.0,0.0,0.0
2023-10-03 09:00:00,2.439,1.26,6.91,0.0,0.0,0.0
2023-10-03 10:00:00,2.516,1.257,6.764,0.0,0.0,0.0
2023-10-03 11:00:00,2.522,1.263,6.906,0.0,0.0,0.0
2023-10-03 12:00:00,2.559,1.258,6.911,1.4922994534800396,6.0734667812695955,6.488186503256416
2023-10-03 13:00:00,2.581,1.261,6.913,0.0,0.0,0.0
2023-10-03 14:00:00,2.611,1.258,6.903,0.0,0.0,0.0
2023-10-03 15:00:00,2.557,1.256,6.726,0.0,0.0,0.0
2023-10-03 16:00:00,2.548,1.252,6.909,0.0,0.0,0.0
2023-10-03 17:00:00,2.52,5.763,6.919,0.0,0.0,0.0
2023-10-03 18:00:00,2.552,5.763,6.91,0.0,0.0,0.0
2023-10-03 19:00:00,2.539,5.763,6.801,0.0,0.0,0.0
2023-10-03 20:00:00,2.571,5.763,6.769,0.0,0.0,0.0
2023-10-03 21:00:00,2.578,5.763,6.789,0.0,0.0,0.0
2023-10-03 22:00:00,2.56,5.763,6.776,0.0,0.0,0.0
2023-10-03 23:00:00,2.59,5.763,6.881,0.0,0.0,0.0
2023-10-04 00:00:00,2.589,5.763,6.897,0.0,0.0,0.0
2023-10-04 01:00:00,2.593,5.763,6.778,0.0,0.0,0.0
2023-10-04 02:00:00,2.591,5.763,6.781,0.0,0.0,0.0
2023-10-04 03:00:00,2.581,5.763,6.772,0.0,0.0,0.0
2023-10-04 04:00:00,2.573,5.763,6.92,0.0,0.0,0.0
2023-10-04 05:00:00,2.501,5.763,6.775,0.0,0.0,0.0
2023-10-04 06:00:00,2.469,5.763,6.791,0.0,0.0,0.0
2023-10-04 07:00:00,2.465,5.763,6.753,0.0,0.0,0.0
2023-10-04 08:00:00,2.223,5.763,6.853,0.0,0.0,0.0
2023-10-04 09:00:00,0.894,5.763,6.849,0.0,0.0,0.0
2023-10-04 10:00:00,0.953,5.763,6.8,0.0,0.0,0.0
2023-10-04 11:00:00,1.272,5.763,6.888,0.0,0.0,0.0
2023-10-04 12:00:00,1.514,5.763,6.769,0.0,0.0,0.0
2023-10-04 13:00:00,1.692,5.763,6.793,0.0,0.0,0.0
2023-10-04 14:00:00,1.754,5.763,6.811,0.0,9.389472489005634,0.0
2023-10-04 15:00:00,1.801,5.763,6.964,1.762342084074335,0.002945148237980843,0.4104662678389622
2023-10-04 16:00:00,1.808,5.763,6.92,0.0,0.0,0.0
2023-10-04 17:00:00,1.892,5.763,6.916,0.0,0.0,0.0
2023-10-04 18:00:00,1.981,5.763,6.897,1.2717996173165078,0.019944597745387017,6.839871728712142
2023-10-04 19:00:00,2.009,5.763,6.91,0.0,0.0,0.0
2023-10-04 20:00:00,2.085,5.763,6.787,0.0,0.0,0.0
2023-10-04 21:00:00,2.098,5.763,6.772,0.0,0.0,0.0
2023-10-04 22:00:00,2.166,5.763,6.915,0.0,0.0,0.0
2023-10-04 23:00:00,2.154,5.763,6.917,0.0,0.0,0.0
2023-10-05 00:00:00,2.184,5.763,6.852,0.0,3.714658354990947,0.0
2023-10-05 01:00:00,2.177,5.763,6.921,1.4137585820769154,3.039681620639754,1.30174422704697
2023-10-05 02:00:00,2.221,5.763,6.914,0.0,0.0,0.0
2023-10-05 03:00:00,2.166,5.763,6.858,0.0,4.6505469826626475,0.0
2023-10-05 04:00:00,2.064,5.763,6.924,0.1869453571575238,1.2283971988583287,1.748529950338442
2023-10-05 05:00:00,1.94,5.763,6.763,0.46599801345967823,0.62626494250704,4.84693469956639
2023-10-05 06:00:00,2.048,5.763,6.767,0.0,0.0,0.0
2023-10-05 07:00:00,2.004,5.763,6.801,0.5160211574200166,24.27781272265316,1.004123417702169
2023-10-05 08:00:00,2.015,5.763,6.776,6.09341896416045,0.07510805147257937,2.1986569405929552
2023-10-05 09:00:00,2.073,5.763,6.796,0.7428233538108665,22.028277128179383,9.63913533970733
2023-10-05 10:00:00,2.158,5.763,6.795,0.0,0.0,2.3127479192819185
2023-10-05 11:00:00,2.111,5.7615,6.794,1.7297811040525377,0.0,0.0
2023-10-05 12:00:00,2.176,5.763,6.826,0.0,0.0,0.0
2023-10-05 13:00:00,2.194,5.763,6.893,0.0,0.0,0.0
2023-10-05 14:00:00,2.223,5.763,6.89,0.0,0.0,0.0
2023-10-05 15:00:00,2.238,5.763,6.763,0.0,0.0,0.0
2023-10-05 16:00:00,2.252,5.763,6.815,0.0,0.0,0.0
2023-10-05 17:00:00,2.219,5.763,6.824,0.0,0.0,0.0
2023-10-05 18:00:00,2.274,5.763,6.918,0.0,0.0,0.0
2023-10-05 19:00:00,2.297,5.763,6.927,0.0,0.0,0.0
2023-10-05 20:00:00,2.266,5.763,6.756,0.9821294595097725,1.911029279893655,4.006158968924516
2023-10-05 21:00:00,2.269,5.763,6.927,0.0,0.0,0.0
2023-10-05 22:00:00,2.252,5.763,6.869,0.2830809847468585,1.8897955894763383,7.938126009867783
2023-10-05 23:00:00,2.241,5.763,6.93,0.0,0.0,0.0
2023-10-06 00:00:00,2.186,5.763,6.925,0.0,0.0,0.0
2023-10-06 01:00:00,2.228,5.763,6.922,0.0,0.0,0.0
2023-10-06 02:00:00,2.273,5.763,6.917,0.0,0.0,0.0
2023-10-06 03:00:00,2.27,5.763,6.925,0.0,0.0,0.0
2023-10-06 04:00:00,2.238,5.763,6.775,0.0,0.0,0.0
2023-10-06 05:00:00,2.261,5.763,6.916,0.0,0.0,0.0
2023-10-06 06:00:00,2.239,5.763,6.918,3.720187324612025,7.469291239887015,0.39874306177127444
2023-10-06 07:00:00,2.259,5.763,6.925,0.0,0.0,0.0
2023-10-06 08:00:00,2.256,5.763,6.915,0.0,0.0,0.0
2023-10-06 09:00:00,2.259,5.763,6.909,0.0,0.0,0.0
2023-10-06 10:00:00,2.308,5.763,6.821,0.0,0.0,0.0
2023-10-06 11:00:00,2.266,5.763,6.803,0.5341361541241815,1.3295315997215034,1.5564672765093486
2023-10-06 12:00:00,2.306,1.394,6.911,3.495307378320815,0.0,0.0
2023-10-06 13:00:00,2.279,1.409,6.708,0.0,0.0,0.0
2023-10-06 14:00:00,2.282,1.405,6.894,0.0,0.0,0.0
2023-10-06 15:00:00,2.289,1.402,6.8,0.0,0.0,0.0
2023-10-06 16:00:00,2.294,1.401,6.933,0.0,0.0,0.0
2023-10-06 17:00:00,2.225,1.404,6.867,0.0,0.0,0.0
2023-10-06 18:00:00,2.223,1.402,6.86,0.0,0.0,0.0
2023-10-06 19:00:00,2.26,1.4,6.926,0.0,0.0,0.0
2023-10-06 20:00:00,2.253,1.393,6.91,0.0,0.0,0.0
2023-10-06 21:00:00,2.263,1.39,6.931,1.675167999256207,0.20562347222441188,3.9561653448333898
2023-10-06 22:00:00,2.276,1.394,6.807,0.0,0.0,0.0
2023-10-06 23:00:00,2.294,1.394,7.06,0.0,0.0,0.0
2023-10-07 00:00:00,2.214,1.394,6.766,0.0,0.0,1.989477500730962
2023-10-07 01:00:00,2.254,1.398,6.776,0.0,0.0,0.0
2023-10-07 02:00:00,2.294,1.408,6.927,0.0,0.0,0.0
2023-10-07 03:00:00,2.232,1.418,6.778,0.0,2.250155774776323,0.0
2023-10-07 04:00:00,2.241,1.42,6.876,0.0,0.0,0.0
2023-10-07 05:00:00,2.248,1.425,6.946,0.0,0.0,0.0
2023-10-07 06:00:00,2.229,1.419,6.83,0.0,0.0,0.0
2023-10-07 07:00:00,2.228,1.419,6.773,0.0,0.0,0.0
2023-10-07 08:00:00,2.194,1.416,6.922,0.0,0.0,0.0
2023-10-07 09:00:00,2.233,1.415,6.797,0.0,0.0,0.0
2023-10-07 10:00:00,2.24,1.412,6.926,0.0,0.0,8.11101510766422
2023-10-07 11:00:00,2.245,1.409,6.872,0.0,0.0,0.0
2023-10-07 12:00:00,2.223,1.404,6.908,0.06472822229818306,0.0,0.0
2023-10-07 13:00:00,2.222,1.409,6.864,0.0,0.0,0.0
2023-10-07 14:00:00,2.233,1.409,6.861,0.0,0.0,0.0
2023-10-07 15:00:00,2.213,1.411,6.853,0.0,0.0,0.0
2023-10-07 16:00:00,2.21,1.409,6.814,0.0,0.0,0.0
2023-10-07 17:00:00,2.221,1.408,7.047,0.0,0.0,0.0
2023-10-07 18:00:00,2.233,1.403,7.063,0.0,0.0,0.0
2023-10-07 19:00:00,2.235,1.4,6.925,0.0,0.0,0.0
2023-10-07 20:00:00,2.282,1.396,6.786,0.0,0.0,0.0
2023-10-07 21:00:00,2.267,5.763,7.049,0.0,0.0,0.0
2023-10-07 22:00:00,2.261,5.763,7.047,0.4006587363690972,3.2344190486518105,4.59627709575143
2023-10-07 23:00:00,2.28,5.763,7.048,0.0,0.0,0.0
2023-10-08 00:00:00,2.277,5.763,7.043,0.0,0.0,0.0
2023-10-08 01:00:00,2.293,5.763,7.005,0.0,0.0,0.0
2023-10-08 02:00:00,2.28,5.763,6.751,1.8962475220201063,3.0737031159045314,6.481293049840065
2023-10-08 03:00:00,2.264,5.763,7.045,0.0,0.0,0.0
2023-10-08 04:00:00,2.28,5.763,7.045,0.0,0.0,0.0
2023-10-08 05:00:00,2.284,5.763,6.936,0.0,0.0,0.0
2023-10-08 06:00:00,2.295,5.763,7.047,0.0,0.0,0.0
2023-10-08 07:00:00,2.269,5.763,6.783,0.0,0.0,0.7224895854657342
2023-10-08 08:00:00,2.293,5.763,6.833,0.0,0.0,0.0
2023-10-08 09:00:00,2.275,5.763,6.771,0.0,0.0,0.0
2023-10-08 10:00:00,2.312,1.427,6.771,0.0,0.0,0.0
2023-10-08 11:00:00,2.327,1.429,6.797,0.0,0.0,0.0
2023-10-08 12:00:00,2.337,1.427,6.951,0.0,0.0,0.0
2023-10-08 13:00:00,2.36,1.424,6.854,0.0,0.0,0.0
2023-10-08 14:00:00,2.352,1.423,6.928,0.0,0.0,0.0
2023-10-08 15:00:00,2.376,1.419,6.829,0.0,0.0,0.0
2023-10-08 16:00:00,2.372,1.416,6.933,1.2395598344941388,5.948177413821253,1.6371265393617092
2023-10-08 17:00:00,2.394,1.408,6.938,0.0,0.0,0.0
2023-10-08 18:00:00,2.4065000000000003,1.405,6.999,1.6195403908971944,1.330519473121927,0.9824098147231359
2023-10-08 19:00:00,2.419,1.399,6.948,0.0,0.0,0.0
2023-10-08 20:00:00,2.402,1.398,6.814,0.0,0.0,0.0
2023-10-08 21:00:00,2.413,1.394,6.799,0.0,0.0,0.0
2023-10-08 22:00:00,2.455,1.391,6.913,0.0,9.09343488851237,0.0
2023-10-08 23:00:00,2.447,1.388,6.926,0.0,0.0,0.0
2023-10-09 00:00:00,2.428,1.387,7.004,0.0,11.637395554281815,0.0
2023-10-09 01:00:00,2.438,1.387,6.933,0.0,0.0,0.0
2023-10-09 02:00:00,2.47,1.385,6.986,0.0,0.0,0.0
2023-10-09 03:00:00,2.436,1.383,7.012,0.0,0.0,0.0
2023-10-09 04:00:00,2.449,1.383,6.981,0.0,0.0,0.0
2023-10-09 05:00:00,2.423,1.385,6.927,0.0,0.0,0.0
2023-10-09 06:00:00,2.456,1.379,6.932,0.0,0.0,9.520493318822773
2023-10-09 07:00:00,2.425,1.381,6.965,0.0,0.0,0.0
2023-10-09 08:00:00,2.437,1.381,6.948,0.0,0.0,0.0
2023-10-09 09:00:00,2.484,1.38,6.938,0.0,0.0,0.0
2023-10-09 10:00:00,2.462,1.384,6.912,0.8374568274446268,1.074753638669799,2.167835554981704
2023-10-09 11:00:00,2.492,1.379,6.977,0.0,0.0,0.0
2023-10-09 12:00:00,2.484,1.382,6.979,0.0,0.0,0.0
2023-10-09 13:00:00,2.48,1.381,6.835,0.0,0.0,0.0
2023-10-09 14:00:00,2.496,1.379,6.854,0.0,0.0,0.0
2023-10-09 15:00:00,2.49,1.376,6.932,0.0,0.0,0.0
2023-10-09 16:00:00,2.488,1.372,6.964,0.0,0.0,0.0
2023-10-09 17:00:00,2.488,1.371,7.001,0.0,0.0,0.0
2023-10-09 18:00:00,2.493,1.368,6.993,0.0,0.0,0.0
2023-10-09 19:00:00,2.467,1.363,6.923,0.0,0.0,0.0
2023-10-09 20:00:00,2.479,1.361,6.964,0.0,0.0,0.0
2023-10-09 21:00:00,2.475,1.355,6.961,0.0,0.0,0.0
2023-10-09 22:00:00,2.487,1.352,6.975,0.0,0.0,0.0
2023-10-09 23:00:00,2.506,1.349,6.941,0.0,0.0,0.0
2023-10-10 00:00:00,2.49,1.344,6.928,0.0,0.0,0.0
2023-10-10 01:00:00,2.44,1.343,6.939,0.0,0.0,0.0
2023-10-10 02:00:00,2.353,1.336,6.945,0.0,0.0,0.0
2023-10-10 03:00:00,2.355,1.335,6.882,0.0,0.0,0.0
2023-10-10 04:00:00,2.311,1.344,6.933,0.0,0.0,0.0
2023-10-10 05:00:00,2.323,1.351,6.928,0.0,0.0,0.0
2023-10-10 06:00:00,2.31,1.353,6.909,0.0,0.0,0.0
2023-10-10 07:00:00,2.307,1.356,6.902,0.7242663320954533,0.0,0.0
2023-10-10 08:00:00,2.384,1.357,6.935,0.0,0.0,0.0
2023-10-10 09:00:00,2.374,1.357,6.942,0.0,0.0,0.0
2023-10-10 10:00:00,2.39,1.373,6.939,1.4901474711150011,3.984886572042111,2.6096225813779808
2023-10-10 11:00:00,2.422,1.379,6.948,9.880493031031317,2.5434488376974587,0.030845745497568897
2023-10-10 12:00:00,2.447,1.388,6.862,0.0,0.0,0.0
2023-10-10 13:00:00,2.382,1.387,6.909,0.0,0.0,0.0
2023-10-10 14:00:00,2.428,1.39,6.928,0.0,0.0,0.0
2023-10-10 15:00:00,2.414,1.388,6.93,0.0,0.0,0.0
2023-10-10 16:00:00,2.429,1.385,6.915,0.0,0.0,0.0
2023-10-10 17:00:00,2.451,1.377,6.89,0.0,0.0,0.0
2023-10-10 18:00:00,2.428,1.368,6.908,0.0,0.0,0.0
2023-10-10 19:00:00,2.426,1.362,6.914,0.0,0.0,0.5538422591772814
2023-10-10 20:00:00,2.44,1.353,6.893,0.0,0.0,0.0
2023-10-10 21:00:00,2.457,1.35,6.911,0.0,0.0,0.0
2023-10-10 22:00:00,2.45,1.345,6.825,0.0,0.0,0.0
2023-10-10 23:00:00,2.468,1.344,6.892,0.0,0.0,0.0
2023-10-11 00:00:00,2.448,1.345,6.9,0.0,0.0,0.0
2023-10-11 01:00:00,2.453,1.341,6.912,0.0,0.0,0.0
2023-10-11 02:00:00,2.454,1.338,6.915,6.125494597618219e-05,0.37944353434481454,8.171006608777445
2023-10-11 03:00:00,2.456,1.337,6.912,0.0,0.0,0.0
2023-10-11 04:00:00,2.489,1.338,6.897,5.539660027942428,0.8463653912223139,1.454470021572035
2023-10-11 05:00:00,2.497,1.334,6.923,3.209872269017326,1.0249171857399084,0.2317618998755994
2023-10-11 06:00:00,2.473,1.335,6.9,0.0,5.597579108120519,0.0
2023-10-11 07:00:00,2.46,1.335,6.902,0.0,0.0,0.0
2023-10-11 08:00:00,2.472,1.339,6.894,0.0,0.0,0.0
2023-10-11 09:00:00,2.474,1.34,6.914,0.0,1.1510949269506112,0.0
2023-10-11 10:00:00,2.481,1.343,6.898,0.0,4.902616501260521,0.0
2023-10-11 11:00:00,2.483,1.335,6.896,0.0,0.0,0.0
2023-10-11 12:00:00,2.52,1.342,6.896,0.0,0.0,0.0
2023-10-11 13:00:00,2.507,1.345,6.897,0.0,0.0,0.0
2023-10-11 14:00:00,2.506,1.346,6.895,0.0,0.0,0.0
2023-10-11 15:00:00,2.503,1.347,6.887,0.0,0.0,10.810745338507207
2023-10-11 16:00:00,2.519,1.34,6.892,0.0,0.0,0.0
2023-10-11 17:00:00,2.491,1.338,6.873,0.0,0.0,0.0
2023-10-11 18:00:00,2.509,1.331,6.887,0.0,0.0,0.0
2023-10-11 19:00:00,2.499,1.326,6.891,1.185988924541757,9.007353367630904,0.49558968184649865
2023-10-11 20:00:00,2.505,1.323,6.871,0.0,0.0,0.0
2023-10-11 21:00:00,2.481,1.32,6.911,0.0,0.0,0.0
2023-10-11 22:00:00,2.464,5.763,6.882,0.0,0.0,0.0
2023-10-11 23:00:00,2.506,5.763,6.875,0.0,0.0,0.0
2023-10-12 00:00:00,2.51,5.763,6.877,0.0,0.0,0.0
2023-10-12 01:00:00,2.51,5.763,6.903,0.16706850777556229,0.9335916001586421,5.241289891106457
2023-10-12 02:00:00,2.502,5.763,6.936,0.0,0.0,0.0
2023-10-12 03:00:00,2.505,5.763,6.921,0.0,0.0,0.0
2023-10-12 04:00:00,2.502,5.763,6.882,0.0,0.0,0.0
2023-10-12 05:00:00,2.525,5.763,6.846,0.0,0.0,0.0
2023-10-12 06:00:00,2.539,5.763,6.911,0.0,0.0,0.0
2023-10-12 07:00:00,2.509,5.763,6.919,0.0,1.6004606112084228,0.0
2023-10-12 08:00:00,2.53,5.763,6.879,0.0,0.0,0.0
2023-10-12 09:00:00,2.529,1.303,6.862,0.0,0.0,0.0
2023-10-12 10:00:00,2.545,1.303,6.895,0.0,0.21889572802705357,0.0
2023-10-12 11:00:00,2.536,1.307,6.875,0.0,0.0,0.0
2023-10-12 12:00:00,2.548,1.303,6.873,0.0,0.0,0.0
2023-10-12 13:00:00,2.562,1.305,6.864,0.0,0.0,0.0
2023-10-12 14:00:00,2.55,1.302,6.877,0.0,3.432845975576281,0.0
2023-10-12 15:00:00,2.551,1.302,6.872,0.0,0.0,0.0
2023-10-12 16:00:00,2.561,1.298,6.876,0.0,0.0,0.0
2023-10-12 17:00:00,2.561486068111455,1.296,6.878,0.0,0.0,0.0
2023-10-12 18:00:00,2.56197213622291,1.293,6.88,0.0,0.0,0.0
2023-10-12 19:00:00,2.5624582043343653,1.289,6.895,0.0,0.0,0.0
2023-10-12 20:00:00,2.5629442724458205,1.289,6.899,0.0,0.0,0.0
2023-10-12 21:00:00,2.5634303405572756,1.287,6.883,10.949628319916487,2.4928578588490016,1.6067748211243114
2023-10-12 22:00:00,2.5639164086687307,1.283,6.873,0.0,0.0,0.0
2023-10-12 23:00:00,2.564402476780186,1.275,6.882,1.3759328134512452,0.0069830087268249776,2.141025202242911
2023-10-13 00:00:00,2.564888544891641,1.281,6.897,0.0,0.0,0.0
2023-10-13 01:00:00,2.565374613003096,1.282,6.882,0.0,0.0,0.0
2023-10-13 02:00:00,2.5658606811145512,1.282,6.896,4.344861637970238,2.1164968300940625,0.2287312070926522
2023-10-13 03:00:00,2.566346749226006,1.283,6.875,0.0,0.0,0.0
2023-10-13 04:00:00,2.566832817337461,1.28,6.898,0.0,0.0,0.0
2023-10-13 05:00:00,2.567318885448916,1.281,6.868,0.36775569952797715,4.4077830423065105,3.48120062119408
2023-10-13 06:00:00,2.5678049535603713,1.279,6.861,0.0,0.0,0.0
2023-10-13 07:00:00,2.5682910216718264,1.282,6.903,0.0,0.0,0.0
2023-10-13 08:00:00,2.5687770897832816,1.283,6.845,0.0,0.0,0.0
2023-10-13 09:00:00,2.5692631578947367,1.289,6.885,2.692827282713938,5.020518686785573,15.558059040107725
2023-10-13 10:00:00,2.569749226006192,1.291,6.868,0.0,0.0,0.0
2023-10-13 11:00:00,2.570235294117647,1.292,6.902,0.0,0.0,0.0
2023-10-13 12:00:00,2.570721362229102,1.292,6.911,0.0,0.0,0.0
2023-10-13 13:00:00,2.571207430340557,1.289,6.885,0.0,0.0,0.0
2023-10-13 14:00:00,2.5716934984520123,1.284,6.854,0.0,0.0,0.0
2023-10-13 15:00:00,2.5721795665634675,1.28,6.859,0.0,0.0,0.0
2023-10-13 16:00:00,2.5726656346749226,1.28,6.842,0.0,0.0,0.0
2023-10-13 17:00:00,2.5726656346749226,1.275,6.826,0.0,0.0,0.0
2023-10-13 18:00:00,2.5726656346749226,1.275,6.854,0.0,0.0,0.0
2023-10-13 19:00:00,2.573152733683751,1.269,6.932,0.0,0.0,0.0
2023-10-13 20:00:00,2.5736398326925793,1.268,6.822,0.0,0.0,0.0
2023-10-13 21:00:00,2.5741269317014073,1.265,6.838,0.0,0.0,0.0
2023-10-13 22:00:00,2.5746140307102356,1.265,6.838,0.0,0.0,0.0
2023-10-13 23:00:00,2.575101129719064,1.264,6.891,0.0,0.0,0.0
2023-10-14 00:00:00,2.5755882287278924,1.264,6.898,0.0,0.0,0.0
2023-10-14 01:00:00,2.5760753277367208,1.265,6.885,0.0,0.0,0.0
2023-10-14 02:00:00,2.5765624267455487,1.266,6.892,0.26516126608663904,2.1142197880172335,2.4432855956840713
2023-10-14 03:00:00,2.577049525754377,1.267,6.845,0.0,0.0,0.0
2023-10-14 04:00:00,2.5775366247632054,1.267,6.844,0.0,0.0,0.0
2023-10-14 05:00:00,2.578023723772034,1.27,6.904,0.0,0.0,0.0
2023-10-14 06:00:00,2.578510822780862,1.268,6.922,0.0,0.0,0.0
2023-10-14 07:00:00,2.5789979217896906,1.268,6.895,0.0,0.0,0.0
2023-10-14 08:00:00,2.5794850207985185,1.267,6.892,0.0,0.0,0.0
2023-10-14 09:00:00,2.579972119807347,1.27,6.89,0.0,0.0,0.0
2023-10-14 10:00:00,2.5804592188161752,1.275,6.892,0.0,0.0,0.0
2023-10-14 11:00:00,2.5809463178250036,1.276,6.881,0.0,0.0,0.0
2023-10-14 12:00:00,2.581433416833832,1.274,6.9,0.0,0.0,0.0
2023-10-14 13:00:00,2.58192051584266,1.269,6.842,0.0,0.0,0.0
2023-10-14 14:00:00,2.5824076148514883,1.269,6.847,0.0,0.0,0.0
2023-10-14 15:00:00,2.5828947138603167,1.268,6.965,0.0,0.0,0.0
2023-10-14 16:00:00,2.583381812869145,1.266,6.837,0.0,0.0,0.0
2023-10-14 17:00:00,2.5838689118779734,1.265,6.89,0.0,0.0,0.0
2023-10-14 18:00:00,2.5843560108868013,1.263,6.9,0.0,0.0,0.0
2023-10-14 19:00:00,2.5843560108868013,5.763,6.813,0.0,0.0,0.0
2023-10-14 20:00:00,2.5843560108868013,5.763,6.826,1.06533889831794,3.1780663614786393,1.385419005620356
2023-10-14 21:00:00,2.5843560108868013,5.763,6.868,0.0,0.0,0.0
2023-10-14 22:00:00,2.5843560108868013,5.763,6.867,0.0,0.0,0.0
2023-10-14 23:00:00,2.5843560108868013,5.763,6.835,0.0,0.0,0.0
2023-10-15 00:00:00,2.5843560108868013,5.763,6.834,0.0,0.0,0.0
2023-10-15 01:00:00,2.5843560108868013,5.763,6.83,0.0,0.0,0.0
2023-10-15 02:00:00,2.5843560108868013,5.763,6.905,0.0,0.0,0.0
2023-10-15 03:00:00,2.5843560108868013,5.763,6.896,0.0,0.0,0.0
2023-10-15 04:00:00,2.5843560108868013,5.763,6.875,0.0,0.0,0.0
2023-10-15 05:00:00,2.5843560108868013,5.763,6.818,0.0,0.0,0.0
2023-10-15 06:00:00,2.5843560108868013,5.763,6.896,0.0,0.0,0.0
2023-10-15 07:00:00,2.5843560108868013,5.763,6.831,1.1726873262284878,1.3007083656211005,0.4482157635371545
2023-10-15 08:00:00,2.5843560108868013,1.263,6.888,0.49480892302661017,0.0,0.0
2023-10-15 09:00:00,2.5843560108868013,1.268,6.939,0.0,0.0,0.0
2023-10-15 10:00:00,2.5843560108868013,1.271,6.891,0.0,0.0,0.0
2023-10-15 11:00:00,2.5843560108868013,1.272,6.929,0.0,0.0,0.0
2023-10-15 12:00:00,2.5843560108868013,1.27,6.921,0.0,6.74205983743301,0.0
2023-10-15 13:00:00,2.5843560108868013,1.27,6.91,0.0,0.0,0.0
2023-10-15 14:00:00,2.5843560108868013,5.763,6.907,0.0,0.0,0.0
2023-10-15 15:00:00,2.5843560108868013,5.763,6.91,8.913241629648272,1.9430162863880547,0.0
2023-10-15 16:00:00,2.5843560108868013,5.763,6.901,5.316411502479335,0.0,0.0
2023-10-15 17:00:00,2.5843560108868013,5.763,6.921,0.0,0.0,0.0
2023-10-15 18:00:00,2.5843560108868013,5.763,6.875,0.0,0.0,0.0
2023-10-15 19:00:00,2.5843560108868013,5.763,6.862,0.0,0.0,0.0
2023-10-15 20:00:00,2.5843560108868013,5.763,6.862,13.662778673756502,0.10975629901595745,0.3477222907497442
2023-10-15 21:00:00,2.5843560108868013,5.763,6.916,2.061533185455246,1.0278541357456255,2.1831455149661214
2023-10-15 22:00:00,2.5843560108868013,5.763,6.864,0.0,0.0,0.0
2023-10-15 23:00:00,2.5843560108868013,5.763,6.849,0.0,0.0,0.0
2023-10-16 00:00:00,2.5843560108868013,5.763,6.843,0.0,0.0,0.0
2023-10-16 01:00:00,2.5843560108868013,5.763,6.905,0.0,7.2304999362784095,0.0
2023-10-16 02:00:00,2.5843560108868013,5.763,6.85,0.0,0.0,0.0
2023-10-16 03:00:00,2.5843560108868013,5.763,7.018,0.0,0.0,0.0
2023-10-16 04:00:00,2.5843560108868013,5.763,7.027,0.0,0.0,0.0
2023-10-16 05:00:00,2.5843560108868013,5.763,6.863,0.0,0.0,0.0
2023-10-16 06:00:00,2.5843560108868013,5.763,6.883,0.0,0.0,0.0
2023-10-16 07:00:00,2.5843560108868013,5.763,6.854,0.0,0.0,0.0
2023-10-16 08:00:00,2.5843560108868013,5.763,6.927,0.0,0.0,0.0
2023-10-16 09:00:00,2.5843560108868013,1.254,6.898,0.0,0.0,0.0
2023-10-16 10:00:00,2.5843560108868013,1.256,6.902,0.0,0.0,0.0
2023-10-16 11:00:00,2.5843560108868013,1.259,6.944,1.6147340614021215,0.0,0.0
2023-10-16 12:00:00,2.5843560108868013,1.256,6.899,0.0,0.0,0.0
2023-10-16 13:00:00,2.5843560108868013,1.257,6.888,0.0,0.0,0.0
2023-10-16 14:00:00,2.5843560108868013,1.255,6.917,0.0,0.0,0.0
2023-10-16 15:00:00,2.5843560108868013,1.255,6.911,0.0,0.0,5.040430951926952
2023-10-16 16:00:00,2.5843560108868013,1.251,6.902,0.0,0.0,0.0
2023-10-16 17:00:00,2.5843560108868013,1.248,6.9,0.0,0.0,0.0
2023-10-16 18:00:00,2.5843560108868013,1.246,6.893,0.0,0.0,0.0
2023-11-20 01:00:00,3.032,1.051,6.931,0.0,0.28957040011715185,0.0
2023-11-20 02:00:00,3.032,1.052,6.919,0.0,0.0,0.0
2023-11-20 03:00:00,3.032,1.052,6.908,0.0,0.0,0.0
2023-11-20 04:00:00,3.032,1.051,6.922,0.0,0.0,0.0
2023-11-20 05:00:00,3.032,1.052,6.93,0.0,0.0,0.0
2023-11-20 06:00:00,3.032,1.052,6.904,0.0,0.0,0.0
2023-11-20 07:00:00,3.032,1.05,6.917,0.0,0.0,0.0
2023-11-20 08:00:00,3.032,1.053,6.939,0.0,0.0,1.5811176964321627
2023-11-20 09:00:00,3.032,1.059,6.922,0.0,0.0,0.0
2023-11-20 10:00:00,3.032,1.063,6.93,0.0,0.0,0.0
2023-11-20 11:00:00,3.032,1.065,6.937,0.0,0.0,0.0
2023-11-20 12:00:00,3.032,1.064,6.959,0.0,0.0,0.0
2023-11-20 13:00:00,3.032,1.067,6.966,0.0,0.5560036341582455,0.0
2023-11-20 14:00:00,3.032,1.067,6.95,0.0,0.0,0.0
2023-11-20 15:00:00,3.032,5.763,6.937,0.0,0.0,0.0
2023-11-20 16:00:00,3.032,5.763,6.966,0.0,0.0,0.0
2023-11-20 17:00:00,3.032,5.763,6.918,0.0,0.0,0.0
2023-11-20 18:00:00,3.032,5.763,6.939,0.0,0.0,0.0
2023-11-20 19:00:00,3.032,5.763,6.94,0.10665098988580746,0.0,0.0
2023-11-20 20:00:00,3.032,5.763,6.932,0.0,0.0,0.0
2023-11-20 21:00:00,3.032,5.763,6.931,0.0,0.0,0.0
2023-11-20 22:00:00,3.032,5.763,6.938,0.0,11.128108144605346,0.0
2023-11-20 23:00:00,3.032,5.763,6.934,0.0,0.0,0.0
2023-11-21 00:00:00,3.032,5.763,6.941,0.0,0.0,0.0
2023-11-21 01:00:00,3.032,5.763,6.942,0.0,0.0,0.0
2023-11-21 02:00:00,3.032,5.763,6.928,0.0,1.5698855377218444,0.0
2023-11-21 03:00:00,3.032,5.763,6.933,0.0,0.0,0.0
2023-11-21 04:00:00,3.032,5.763,6.957,0.0,0.0,0.0
2023-11-21 05:00:00,3.032,5.763,6.96,0.0,0.0,0.35699043227793475
2023-11-21 06:00:00,3.032,5.763,6.948,0.0,0.0,0.0
2023-11-21 07:00:00,3.032,5.763,6.955,0.0,0.0,0.0
2023-11-21 08:00:00,3.032,5.763,6.93,0.0,0.0,0.0
2023-11-21 09:00:00,3.032,5.763,6.926,0.0,0.0,0.0
2023-11-21 10:00:00,3.032,5.763,6.923,0.0,0.0,0.0
2023-11-21 11:00:00,3.032,5.763,6.908,0.0,0.0,0.0
2023-11-21 12:00:00,3.032,5.763,6.936,0.0,0.0,0.0
2023-11-21 13:00:00,3.032,5.763,6.929,0.0,0.0,0.0
2023-11-21 14:00:00,3.032,5.763,6.901,0.0,0.0,0.0
2023-11-21 15:00:00,3.032,5.763,6.942,0.0,0.0,0.0
2023-11-21 16:00:00,3.032,5.763,6.926,0.0,0.0,0.0
2023-11-21 17:00:00,3.032,5.763,6.913,0.0,0.0,0.0
2023-11-21 18:00:00,3.032,5.763,6.915,0.0,0.0,0.0
2023-11-21 19:00:00,3.032,5.763,6.91,0.0,0.0,0.0
2023-11-21 20:00:00,3.032,5.763,6.917,0.0,0.0,0.0
2023-11-21 21:00:00,3.032,5.763,6.92,0.0,0.0,0.0
2023-11-21 22:00:00,3.032,5.763,6.92,0.20795098843388019,5.2658110466150525,4.320721278156012
2023-11-21 23:00:00,3.032,5.763,6.929,0.0,0.0,0.0
2023-11-22 00:00:00,3.032,5.763,6.871,0.0,0.0,0.0
2023-11-22 01:00:00,3.032,5.763,6.928,0.0,0.0,0.0
2023-11-22 02:00:00,3.035,5.763,6.938,0.0,0.0,0.0
2023-11-22 03:00:00,3.011,5.763,6.95,0.4296735756297588,2.8192438954952843,2.445826605912551
2023-11-22 04:00:00,2.698,5.763,6.98,0.0,0.0,0.0
2023-11-22 05:00:00,2.631,5.763,6.928,0.0,2.2134888740576715,0.0
2023-11-22 06:00:00,2.705,5.763,6.941,0.0,0.0,0.0
2023-11-22 07:00:00,2.73,5.763,6.941,0.0,0.0,0.0
2023-11-22 08:00:00,2.803,5.763,6.923,0.0,0.0,0.0
2023-11-22 09:00:00,2.82,5.763,6.926,0.4556039414414032,2.7426144319423584,6.484525120989125
2023-11-22 10:00:00,2.733,5.763,6.951,0.0,0.0,0.0
2023-11-22 11:00:00,2.74,1.055,6.912,0.0,0.0,0.0
2023-11-22 12:00:00,2.722,1.056,6.939,0.0,0.0,0.0
2023-11-22 13:00:00,2.701,1.058,6.952,0.0,0.0,0.0
2023-11-22 14:00:00,2.742,1.057,6.942,0.0,1.002834900466142,0.0
2023-11-22 15:00:00,2.773,1.057,6.95,2.4391429419902964,0.6656107811189567,0.18809532688180952
2023-11-22 16:00:00,2.778,1.057,6.964,0.0,0.0,0.0
2023-11-22 17:00:00,2.777,1.054,6.928,0.0,0.0,2.001412847044262
2023-11-22 18:00:00,2.792,1.055,6.943,0.0,0.0,0.0
2023-11-22 19:00:00,2.821,1.055,6.941,0.0,1.8239829114721653,0.0
2023-11-22 20:00:00,2.79,1.058,6.956,0.0,0.0,0.0
2023-11-22 21:00:00,2.825,1.06,6.951,1.6552902565653598,0.0,0.0
2023-11-22 22:00:00,2.847,1.063,6.951,0.0,0.0,0.0
2023-11-22 23:00:00,2.858,1.066,6.902,0.0,0.0,0.0
2023-11-23 00:00:00,2.865,1.069,6.943,0.0,0.0,0.0
2023-11-23 01:00:00,2.874,1.071,6.927,0.0,0.0,0.0
2023-11-23 02:00:00,2.878,1.071,6.946,0.0,0.0,0.0
2023-11-23 03:00:00,2.88,1.07,6.946,0.0,0.0,0.0
2023-11-23 04:00:00,2.889,1.067,6.947,0.0,0.0,0.0
2023-11-23 05:00:00,2.891,5.763,6.949,0.0,0.0,0.0
2023-11-23 06:00:00,2.909,5.763,6.945,0.0,0.0,0.0
2023-11-23 07:00:00,2.91,5.763,6.952,0.0,0.0,0.0
2023-11-23 08:00:00,2.925,5.763,6.936,0.0,0.0,0.0
2023-11-23 09:00:00,2.914,5.763,6.925,0.0,0.0,0.0
2023-11-23 10:00:00,2.925,5.763,6.918,0.04241328893552232,0.0,0.0
2023-11-23 11:00:00,2.937,5.763,6.948,0.0,0.0,0.0
2023-11-23 12:00:00,2.971,5.763,6.94,80.0,1.0899131027032236,7.852687399339792
2023-11-23 13:00:00,2.946,5.763,6.945,0.0,0.0,0.0
2023-11-23 14:00:00,2.943,5.763,6.949,4.324307785978426,0.0,0.0
2023-11-23 15:00:00,2.957,5.763,6.942,0.0,0.0,0.0
2023-11-23 16:00:00,2.956,5.763,6.947,0.0,0.0,0.0
2023-11-23 17:00:00,2.938,5.763,6.959,0.0,0.0,0.0
2023-11-23 18:00:00,2.949,5.763,6.934,0.0,0.0,0.0
2023-11-23 19:00:00,2.957,5.763,6.924,0.0,0.0,0.0
2023-11-23 20:00:00,2.947,5.763,6.928,0.0,0.0,0.0
2023-11-23 21:00:00,2.942,5.763,6.923,0.0,0.0,0.0
2023-11-23 22:00:00,2.957,5.763,6.986,0.0,0.0,0.0
2023-11-23 23:00:00,2.945,5.763,6.942,0.0,0.0,0.0
2023-11-24 00:00:00,2.955,5.763,6.968,9.924231440767358,0.6418730840487055,1.6024301408521526
2023-11-24 01:00:00,2.963,5.763,6.989,0.0,0.0,0.0
2023-11-24 02:00:00,2.955,5.763,6.95,0.0,0.0,0.0
2023-11-24 03:00:00,2.961,5.763,6.977,0.0,0.0,0.0
2023-11-24 04:00:00,2.967,5.763,6.97,0.0,0.47517016840706666,0.0
2023-11-24 05:00:00,2.969,5.763,6.968,0.0,0.0,0.0
2023-11-24 06:00:00,2.965,5.763,6.956,0.0,0.0,0.0
2023-11-24 07:00:00,2.968,5.763,6.949,0.0,0.0,0.0
2023-11-24 08:00:00,2.967,5.763,6.948,0.0,0.0,0.0
2023-11-24 09:00:00,2.971,5.763,6.934,0.0,0.0,0.0
2023-11-24 10:00:00,2.991,5.763,6.943,0.0,0.0,0.0
2023-11-24 11:00:00,2.988,5.763,6.936,0.0,0.0,0.0
2023-11-24 12:00:00,2.983,5.763,6.973,0.0,0.0,0.0
2023-11-24 13:00:00,2.987,5.763,6.957,0.0,0.0,0.0
2023-11-24 14:00:00,2.986,5.763,6.921,0.0,0.0,0.0
2023-11-24 15:00:00,2.9861434007134364,5.763,6.96,2.610780666605168,3.949315128624698,1.4045867063691306
2023-11-24 16:00:00,2.986286801426873,5.763,6.961,0.6574114173077793,3.426722573387186,0.48776501558385243
2023-11-24 17:00:00,2.9864302021403093,5.763,6.947,0.0,0.0,5.629855690627595
2023-11-24 18:00:00,2.986573602853746,5.763,6.945,0.0,0.0,0.0
2023-11-24 19:00:00,2.986717003567182,5.763,6.944,0.0,0.0,0.0
2023-11-24 20:00:00,2.9868604042806184,5.763,6.943,0.0,0.0,0.0
2023-11-24 21:00:00,2.987003804994055,5.763,6.943,1.0316122700709023,0.5198401338368602,1.0814859738094549
2023-11-24 22:00:00,2.9871472057074913,5.763,6.938,1.339552212384352,2.198502728899628,1.76149330989726
2023-11-24 23:00:00,2.9872906064209275,5.763,6.935,0.0,0.0,0.0
2023-11-25 00:00:00,2.987434007134364,5.763,6.939,0.0,0.0,0.0
2023-11-25 01:00:00,2.9875774078478003,5.763,6.937,0.0,0.0,0.0
2023-11-25 02:00:00,2.987720808561237,5.763,6.938,0.0,0.0,0.0
2023-11-25 03:00:00,2.987864209274673,5.763,6.944,0.0,0.0,0.0
2023-11-25 04:00:00,2.9880076099881094,5.763,6.934,0.0,0.0,0.0
2023-11-25 05:00:00,2.988151010701546,5.763,6.93,0.0,0.0,0.0
2023-11-25 06:00:00,2.9882944114149823,5.763,6.936,0.0,0.0,0.0
2023-11-25 07:00:00,2.988437812128419,5.763,6.944,0.0,10.487244736408009,0.0
2023-11-25 08:00:00,2.988581212841855,5.763,6.95,0.0,0.0,6.588024021608836
2023-11-25 09:00:00,2.9887246135552914,5.763,6.946,0.0,0.0,0.0
2023-11-25 10:00:00,2.988868014268728,5.763,6.954,0.0,0.0,0.0
2023-11-25 11:00:00,2.9890114149821643,5.763,6.941,0.0,0.0,0.0
2023-11-25 12:00:00,2.9891548156956005,5.763,6.953,0.0,0.0,0.0
2023-11-25 13:00:00,2.989298216409037,5.763,6.959,0.0,0.0,0.0
2023-11-25 14:00:00,2.9894416171224734,5.763,6.958,0.04856398762798397,0.0,0.0
2023-11-25 15:00:00,2.9894416171224734,5.763,6.966,0.0,0.0,0.0
2023-11-25 16:00:00,2.9894416171224734,5.763,6.949,0.0,0.0,0.0
2023-11-25 17:00:00,2.9895850864651097,5.763,6.946,0.3347083959962399,1.75213294586359,1.2200438923079115
2023-11-25 18:00:00,2.989728555807746,5.763,6.946,8.070418702080095,0.0,0.0
2023-11-25 19:00:00,2.9898720251503828,5.763,6.948,0.0,0.0,0.0
2023-11-25 20:00:00,2.990015494493019,5.763,6.95,0.0,0.0,0.0
2023-11-25 21:00:00,2.9901589638356554,5.763,6.949,0.0,0.0,0.0
2023-11-25 22:00:00,2.9903024331782917,5.763,6.954,0.0,0.0,0.0
2023-11-25 23:00:00,2.990445902520928,5.763,6.942,0.0,0.0,0.0
2023-11-26 00:00:00,2.9905893718635648,5.763,6.939,0.0,0.0,0.0
2023-11-26 01:00:00,2.990732841206201,5.763,6.938,0.0,0.0,0.0
2023-11-26 02:00:00,2.9908763105488374,5.763,6.929,0.0,0.0,0.0
2023-11-26 03:00:00,2.9910197798914737,5.763,6.933,0.0,0.0,0.0
2023-11-26 04:00:00,2.99116324923411,5.763,6.932,0.0,0.0,0.0
2023-11-26 05:00:00,2.991306718576747,5.763,6.924,0.0,0.0,0.0
2023-11-26 06:00:00,2.991450187919383,5.763,6.929,0.0,0.0,0.0
2023-11-26 07:00:00,2.9915936572620194,5.763,6.939,0.0,0.0,0.0
2023-11-26 08:00:00,2.9917371266046557,5.763,6.917,0.0,0.0,0.0
2023-11-26 09:00:00,2.991880595947292,5.763,6.963,0.0,0.0,0.0
2023-11-26 10:00:00,2.992024065289929,5.763,6.946,0.0,0.0,0.0
2023-11-26 11:00:00,2.992167534632565,5.763,6.933,0.0,0.0,0.0
2023-11-26 12:00:00,2.9923110039752014,5.763,6.951,0.0,0.0,0.0
2023-11-26 13:00:00,2.9924544733178378,5.763,6.967,1.677338082239936,0.8863419004943434,4.876988194142172
2023-11-26 14:00:00,2.992597942660474,5.763,6.97,0.0,0.0,0.0
2023-11-26 15:00:00,2.992741412003111,5.763,6.979,0.0,0.0,0.0
2023-11-26 16:00:00,2.992884881345747,5.763,6.911,0.0,0.0,0.0
2023-11-26 17:00:00,2.992884881345747,5.763,6.966,0.0,0.0,0.0
2023-11-26 18:00:00,2.992884881345747,5.763,6.95,0.0,0.0,0.0
2023-11-26 19:00:00,2.992884881345747,5.763,6.934,0.0,0.0,0.0
2023-11-26 20:00:00,2.992884881345747,5.763,6.915,0.0,0.0,0.0
2023-11-26 21:00:00,2.992884881345747,5.763,6.92,0.0,0.0,0.0
2023-11-26 22:00:00,2.992884881345747,5.763,6.918,0.0,0.0,0.0
2023-11-26 23:00:00,2.992884881345747,5.763,6.91,0.0,0.0,0.0
2023-11-27 00:00:00,2.992884881345747,5.763,6.926,0.0,0.0,0.0
2023-11-27 01:00:00,2.992884881345747,5.763,6.932,0.0,0.0,0.0
2023-11-27 02:00:00,2.992884881345747,5.763,6.904,4.243141996404265,0.7740815527201665,6.038052280164748
2023-11-27 03:00:00,2.992884881345747,5.763,6.955,0.0,0.0,0.0
2023-11-27 04:00:00,2.992884881345747,5.763,6.937,0.0,0.0,0.0
2023-11-27 05:00:00,2.992884881345747,5.763,6.919,0.0,0.0,0.0
2023-11-27 06:00:00,2.992884881345747,5.763,6.918,0.0,0.0,0.0
2023-11-27 07:00:00,2.992884881345747,5.763,6.926,0.0,0.0,0.0
2023-11-27 08:00:00,2.992884881345747,5.763,6.937,0.0,0.0,0.0
2023-11-27 09:00:00,2.992884881345747,5.763,6.957,0.0,0.0,0.0
2023-11-27 10:00:00,2.992884881345747,5.763,6.96,0.0,0.0,0.0
2023-11-27 11:00:00,2.992884881345747,5.763,6.959,0.0,1.5451219864511465,0.0
2023-11-27 12:00:00,2.992884881345747,5.763,6.955,0.0,0.24454971408737775,0.0
2023-11-27 13:00:00,2.992884881345747,5.763,6.952,0.0,0.0,0.0
2023-11-27 14:00:00,2.992884881345747,5.763,6.938,0.0,0.0,0.0
2023-11-27 15:00:00,2.992884881345747,5.763,6.966,0.0,0.0,0.0
2023-11-27 16:00:00,2.992884881345747,5.763,6.945,0.0,0.0,0.0
2023-11-27 17:00:00,2.992884881345747,5.763,6.954,0.0,0.0,0.0
2023-11-27 18:00:00,2.992884881345747,5.763,6.872,0.0,0.0,0.0
2023-11-27 19:00:00,2.992884881345747,5.763,6.943,0.0,0.0,0.0
2023-11-27 20:00:00,2.992884881345747,5.763,6.933,0.0,0.0,0.0
2023-11-27 21:00:00,2.992884881345747,5.763,6.938,0.0,0.0,0.0
2023-11-27 22:00:00,2.992884881345747,5.763,6.923,0.0,0.0,0.0
2023-11-27 23:00:00,2.992884881345747,5.763,6.948,0.0,0.0,0.0
2023-11-28 00:00:00,2.992884881345747,5.763,6.942,0.0,0.0,0.0
2023-11-28 01:00:00,2.992884881345747,5.763,6.923,0.0,1.4558083762505039,0.0
2023-11-28 02:00:00,2.992884881345747,5.763,6.926,0.0,0.0,0.0
2023-11-28 03:00:00,2.992884881345747,5.763,6.945,0.0,0.0,0.0
2023-11-28 04:00:00,2.992884881345747,5.763,6.95,1.1368198519672477,1.2292058559155075,3.2352751318231037
2023-11-28 05:00:00,2.992884881345747,5.763,6.946,0.0,0.0,0.0
2023-11-28 06:00:00,2.992884881345747,5.763,6.94,0.0,0.0,0.0
2023-11-28 07:00:00,2.992884881345747,5.763,6.972,0.0,0.0,0.0
2023-11-28 08:00:00,2.992884881345747,5.763,6.935,0.0,0.0,0.0
2023-11-28 09:00:00,2.992884881345747,5.763,6.945,0.0,0.0,0.0
2023-11-28 10:00:00,2.992884881345747,5.763,6.948,0.0,0.0,0.0
2023-11-28 11:00:00,2.992884881345747,5.763,6.957,5.241065106891558,0.0,0.0
2023-11-28 12:00:00,2.992884881345747,5.763,6.938,0.0,0.0,0.0
2023-11-28 13:00:00,2.992884881345747,5.763,6.934,1.861927342922272,0.0,0.0
2023-11-28 14:00:00,2.992884881345747,5.763,6.974,0.0,0.0,0.0
2023-11-28 15:00:00,2.992884881345747,5.763,6.934,0.0,0.0,0.0
2023-11-28 16:00:00,2.992884881345747,5.763,6.946,0.0,0.0,0.0
2024-05-15 19:00:00,3.589,0.916,0.37118242122719736,0.0,0.0,0.0
2024-05-15 20:00:00,3.589,0.917,0.37118242122719736,0.0,1.6161097579453487,0.0
2024-05-15 21:00:00,3.589,0.916,0.37118242122719736,0.0,0.0,0.0
2024-05-15 22:00:00,3.589,0.915,0.37118242122719736,0.0,0.0,0.0
2024-05-15 23:00:00,3.589,5.763,0.37118242122719736,0.0,0.0,0.0
2024-05-16 00:00:00,3.589,5.763,0.37118242122719736,0.0,0.0,0.0
2024-05-16 01:00:00,3.589,5.763,0.37118242122719736,0.0,0.0,0.0
2024-05-16 02:00:00,3.589,5.763,0.37118242122719736,0.0,0.0,0.0
2024-05-16 03:00:00,3.589,5.763,0.37118242122719736,0.0,0.0,0.0
2024-05-16 04:00:00,3.589,5.763,0.37118242122719736,3.711498700783491,4.326907720663442,3.2337572759838578
2024-05-16 05:00:00,3.589,5.763,0.37118242122719736,0.0,0.0,0.0
2024-05-16 06:00:00,3.589,5.763,0.37118242122719736,8.784370818629615,3.423800792556148,16.534532807693687
2024-05-16 07:00:00,3.589,5.763,0.37118242122719736,0.0,0.0,0.0
2024-05-16 08:00:00,3.589,0.921,0.37118242122719736,0.0,0.0,0.0
2024-05-16 09:00:00,3.589,0.924,0.37118242122719736,0.0,0.0,0.0
2024-05-16 10:00:00,3.589,0.925,0.37118242122719736,0.0,0.0,0.0
2024-05-16 11:00:00,3.589,0.927,0.37118242122719736,0.0,0.0,0.0
2024-05-16 12:00:00,3.589,5.763,0.37118242122719736,0.36553084220328746,0.0,0.0
2024-05-16 13:00:00,3.589,0.922,0.37118242122719736,0.0,0.0,0.0
2024-05-16 14:00:00,3.589,0.924,0.37118242122719736,0.0,0.0,0.0
2024-05-16 15:00:00,3.589,0.923,0.37118242122719736,0.0,0.0,0.0
2024-05-16 16:00:00,3.589,0.92,0.37118242122719736,0.0,0.0,0.0
2024-05-16 17:00:00,3.589,5.763,0.37118242122719736,0.0,0.0,0.0
2024-05-16 18:00:00,3.589,5.763,0.37118242122719736,0.0,0.0,0.0
2024-05-16 19:00:00,3.589,5.763,0.37118242122719736,0.0,0.0,0.0
2024-05-16 20:00:00,3.589,5.763,0.37118242122719736,0.0,0.0,0.0
2024-05-16 21:00:00,3.589,5.763,0.37118242122719736,0.0,0.0,0.0
2024-05-16 22:00:00,3.589,5.763,0.37118242122719736,0.0,0.0,0.0
2024-05-16 23:00:00,3.589,5.763,0.37118242122719736,0.0,0.0,0.0
2024-05-17 00:00:00,3.589,5.763,0.37118242122719736,0.0,0.0,0.0
2024-05-17 01:00:00,3.589,5.763,0.37118242122719736,0.0,0.0,2.3307733528031696
2024-05-17 02:00:00,3.589,5.763,0.37118242122719736,0.20809252295931685,13.473801186326746,2.007678475824202
2024-05-17 03:00:00,3.589,5.763,0.37118242122719736,0.0,0.0,0.0
2024-05-17 04:00:00,3.589,5.763,0.37118242122719736,0.0,0.0,0.0
2024-05-17 05:00:00,3.589,5.763,0.37118242122719736,0.0,0.0,0.0
2024-05-17 06:00:00,3.589,5.763,0.37118242122719736,0.0,0.0,0.0
2024-05-17 07:00:00,3.589,5.763,0.37118242122719736,0.1219793443858885,0.3510515062660965,6.405479920087901
2024-05-17 08:00:00,3.589,5.763,0.37118242122719736,0.0,0.0,0.0
2024-05-17 09:00:00,3.589,5.763,0.37118242122719736,0.0,0.0,0.0
2024-05-17 10:00:00,3.589,5.763,0.37118242122719736,6.159057524869096,2.5071517747510548,0.3863205265036752
2024-05-17 11:00:00,3.589,5.763,0.37118242122719736,1.6086612836114684,0.002995112658938089,1.019949214178193
2024-05-17 12:00:00,3.589,5.763,0.096,0.0,0.0,0.0
2024-05-17 13:00:00,3.589,5.763,0.096,2.252954900114257,0.0,0.0
2024-05-17 14:00:00,3.589,5.763,0.096,0.0,0.0,0.0
2024-05-17 15:00:00,3.589,5.763,0.096,0.0,0.0,0.0
2024-05-17 16:00:00,3.589,5.763,0.096,0.0,0.0,0.0
2024-05-17 17:00:00,3.589,5.763,0.096,0.0,0.0,0.0
2024-05-17 18:00:00,3.589,5.763,0.096,0.0,0.0,0.0
2024-05-17 19:00:00,3.589,5.763,0.096,0.20878590956495904,1.4023834746523338,0.1809668430031341
2024-05-17 20:00:00,3.585,5.763,0.096,0.0,0.0,0.0
2024-05-17 21:00:00,3.586,5.763,0.096,2.5534447570641454,3.807043304459041,3.8795714826105065
2024-05-17 22:00:00,3.589,5.763,0.096,2.6024926440522864,7.078412786839353,9.759058257429563
2024-05-17 23:00:00,3.588,5.763,0.096,0.0,0.0,0.0
2024-05-18 00:00:00,3.587,5.763,0.096,0.0,0.0,0.0
2024-05-18 01:00:00,3.588,5.763,0.096,0.0,0.0,0.0
2024-05-18 02:00:00,3.588,5.763,0.096,0.0,0.0,0.0
2024-05-18 03:00:00,3.589,5.763,0.096,0.0,0.0,0.0
2024-05-18 04:00:00,3.575,5.763,0.096,1.2786970057219469,3.569426197232929,18.48516986064912
2024-05-18 05:00:00,3.609,5.763,0.096,0.0,0.0,0.0
2024-05-18 06:00:00,3.622,5.763,0.096,0.0,0.0,0.0
2024-05-18 07:00:00,3.625,5.763,0.096,1.6425366221776316,3.859277682640265,1.1124561728063993
2024-05-18 08:00:00,3.626,5.763,0.096,0.0,0.980815846228727,0.0
2024-05-18 09:00:00,3.628,0.9,0.096,0.0,0.0,0.0
2024-05-18 10:00:00,3.63,0.899,0.096,0.0,0.0,0.0
2024-05-18 11:00:00,3.63,0.899,0.096,0.0,0.0,0.0
2024-05-18 12:00:00,3.631,0.901,0.096,4.064660807136167,4.836191634304062,0.6224548444322441
2024-05-18 13:00:00,3.633,0.899,0.096,0.0,0.0,0.0
2024-05-18 14:00:00,3.631,0.898,0.096,0.0,0.0,0.0
2024-05-18 15:00:00,3.635,0.893,0.096,0.0,0.0,1.5721895246554833
2024-05-18 16:00:00,3.635,0.895,0.096,0.0,0.0,0.0
2024-05-18 17:00:00,3.634,0.893,0.096,0.0,0.0,0.0
2024-05-18 18:00:00,3.633,0.892,0.096,0.0,0.0,0.0
2024-05-18 19:00:00,3.635,0.895,0.096,0.0,3.9972351251353406,0.0
2024-05-18 20:00:00,3.632,5.763,0.096,0.0,0.0,0.0
2024-05-18 21:00:00,3.632,5.763,0.096,0.0,0.0,0.0
2024-05-18 22:00:00,3.625,5.763,0.096,0.0,0.0,0.0
2024-05-18 23:00:00,3.623,5.763,0.096,0.0,0.0,0.0
2024-05-19 00:00:00,3.622,5.763,0.2292,0.0,0.0,0.0
2024-05-19 01:00:00,3.624,5.763,0.36239999999999994,0.0,0.0,0.0
2024-05-19 02:00:00,3.615,5.763,0.49559999999999993,0.0,0.0,0.0
2024-05-19 03:00:00,3.613,5.763,0.6287999999999999,0.0,0.0,0.0
2024-05-19 04:00:00,3.612,5.763,0.7619999999999999,0.0,0.0,0.0
2024-05-19 05:00:00,3.615,5.763,0.8951999999999999,0.0,0.0,0.0
2024-05-19 06:00:00,3.618,5.763,1.0284,0.0,0.0,0.0
2024-05-19 07:00:00,3.618,5.763,1.1616,0.0,0.0,0.0
2024-05-19 08:00:00,3.618,0.919,1.2948,0.0,0.0,0.0
2024-05-19 09:00:00,3.62,0.936,1.428,0.0,0.0,0.0
2024-05-19 10:00:00,3.623,0.947,1.6389532710280372,0.0,0.0,0.0
2024-05-19 11:00:00,3.625,0.923,1.8499065420560747,0.0,0.0,0.0
2024-05-19 12:00:00,3.623,0.935,2.060859813084112,0.0,0.0,0.0
2024-05-19 13:00:00,3.623,0.935,2.2718130841121496,0.0,0.0,0.0
2024-05-19 14:00:00,3.625,0.956,2.482766355140187,0.1867678374684567,0.006447153474026071,1.380915104946042
2024-05-19 15:00:00,3.621,0.952,2.693719626168224,0.0,0.0,0.0
2024-05-19 16:00:00,3.618,0.953,2.9046728971962614,0.0,0.0,0.0
2024-05-19 17:00:00,3.615,0.949,3.115626168224299,0.0,0.0,0.0
2024-05-19 18:00:00,3.615,0.947,3.3265794392523365,0.0,0.0,0.0
2024-05-19 19:00:00,3.613,5.763,3.5375327102803737,0.0,0.0,0.0
2024-05-19 20:00:00,3.612,5.763,3.748485981308411,0.0,0.0,0.0
2024-05-19 21:00:00,3.614,5.763,3.9594392523364483,0.0,0.0,0.0
2024-05-19 22:00:00,3.611,5.763,4.170392523364486,0.0,0.0,0.0
2024-05-19 23:00:00,3.613,5.763,4.381345794392523,0.0,0.0,0.0
2024-05-20 00:00:00,3.611,5.763,4.59229906542056,0.0,0.0,0.0
2024-05-20 01:00:00,3.613,5.763,4.8032523364485975,7.834444982993052,0.4806398528165436,9.132097573943376
2024-05-20 02:00:00,3.613,5.763,5.014205607476635,0.0,0.0,0.0
2024-05-20 03:00:00,3.612,5.763,5.225158878504672,0.0,0.0,0.0
2024-05-20 04:00:00,3.611,5.763,5.43611214953271,0.0,0.0,0.0
2024-05-20 05:00:00,3.611,5.763,5.647065420560748,0.0,0.0,0.0
2024-05-20 06:00:00,3.614,5.763,5.858018691588785,0.0,0.0,0.0
2024-05-20 07:00:00,3.614,5.763,6.068971962616822,0.0,0.0,0.0
2024-05-20 08:00:00,3.616,0.913,6.279925233644859,1.6186586066283182,4.470188741603292,0.042897544956438466
2024-05-20 09:00:00,3.619,0.917,6.490878504672897,0.0,0.0,0.0
2024-05-20 10:00:00,3.618,0.918,6.490878504672897,1.9931528305602417,0.0,0.0
2024-05-20 11:00:00,3.623,0.918,6.490878504672897,0.0,0.0,0.0
2024-05-20 12:00:00,3.625,0.918,6.7070404984423675,0.0,0.0,0.0
2024-05-20 13:00:00,3.627,0.925,6.923202492211837,3.3835048431230823,5.625518916718107,0.5564972054433012
2024-05-20 14:00:00,3.625,0.922,7.139364485981308,0.0,0.0,0.0
2024-05-20 15:00:00,3.623,0.907,7.355526479750779,0.0,0.0,0.0
2024-05-20 16:00:00,3.617,0.925,7.571688473520249,0.0,0.0,0.0
2024-05-20 17:00:00,3.617,0.927,7.7878504672897195,0.0,0.0,0.0
2024-05-20 18:00:00,3.616,0.93,8.00401246105919,0.0,0.0,0.0
2024-05-20 19:00:00,3.612,5.763,8.22017445482866,0.0,0.0,0.0
2024-05-20 20:00:00,3.612,5.763,8.43633644859813,0.0,0.0,0.0
2024-05-20 21:00:00,3.612,5.763,8.652498442367602,0.0,0.0,0.0
2024-05-20 22:00:00,3.612,5.763,8.868660436137072,0.0,0.0,0.0
2024-05-20 23:00:00,3.614,5.763,9.084822429906541,8.636601811887857,0.5780813825034602,0.7330564093640275
2024-05-21 00:00:00,3.611,5.763,9.300984423676013,0.0,0.0,0.0
2024-05-21 01:00:00,3.613,5.763,9.517146417445483,5.06351350404569,0.09064907590479665,0.13668991015762305
2024-05-21 02:00:00,3.613,5.763,9.733308411214953,0.0,0.0,2.5566067235564276
2024-05-21 03:00:00,3.611,5.763,9.949470404984424,0.0,0.0,1.276468221521709
2024-05-21 04:00:00,3.613,5.763,10.165632398753894,0.0,0.0,0.0
2024-05-21 05:00:00,3.613,5.763,10.381794392523364,6.705527128564396,0.0,0.0
2024-05-21 06:00:00,3.612,5.763,10.597956386292836,0.0,0.0,0.0
2024-05-21 07:00:00,3.615,5.763,10.814118380062306,0.0,0.0,0.0
2024-05-21 08:00:00,3.62,0.937,11.030280373831776,0.0,0.0,0.0
2024-05-21 09:00:00,3.619,0.937,11.246442367601247,0.0,0.0,0.0
2024-05-21 10:00:00,3.621,0.934,11.462604361370717,0.0,0.0,0.0
2024-05-21 11:00:00,3.621,0.934,11.678766355140187,0.0,0.0,0.0
2024-05-21 12:00:00,3.623,0.945,11.678766355140187,0.0,0.0,0.0
2024-05-21 13:00:00,3.625,0.933,11.678766355140187,0.0,0.0,0.0
2024-05-21 14:00:00,3.625,0.939,11.678766355140187,3.097902278664649,1.189734103855339,0.2998889349686743
2024-05-21 15:00:00,3.621,0.935,11.678766355140187,0.0,0.0,0.0
2024-05-21 16:00:00,3.617,5.763,11.678766355140187,0.0,0.0,0.0
2024-05-21 17:00:00,3.616,5.763,11.678766355140187,0.0,0.0,0.0
2024-05-21 18:00:00,3.617,5.763,11.678766355140187,9.288216629736958,0.6422922162685719,2.2332600995957557
2024-05-21 19:00:00,3.617,5.763,11.678766355140187,0.0,0.0,0.0
2024-05-21 20:00:00,3.614,5.763,11.678766355140187,3.478358594431869,1.468332051475119,7.842195135391746
2024-05-21 21:00:00,3.612,5.763,11.678766355140187,0.0,0.0,0.0
2024-05-21 22:00:00,3.614,5.763,11.678766355140187,0.0,0.0,0.0
2024-05-21 23:00:00,3.614,5.763,11.678766355140187,8.123418241981733,1.3464145640641882,0.5112712926451891
2024-05-22 00:00:00,3.613,5.763,11.678766355140187,0.0,0.0,0.0
2024-05-22 01:00:00,3.614,5.763,11.678766355140187,0.0,0.0,0.0
2024-05-22 02:00:00,3.613,5.763,11.678766355140187,0.0,0.0,0.0
2024-05-22 03:00:00,3.611,5.763,11.678766355140187,0.0,0.0,0.0
2024-05-22 04:00:00,3.611,5.763,11.678766355140187,0.0,0.0,0.0
2024-05-22 05:00:00,3.611,5.763,11.678766355140187,0.026494833689037545,5.844320655600169,2.416381612854289
2024-05-22 06:00:00,3.613,5.763,11.678766355140187,0.0,0.0,0.0
2024-05-22 07:00:00,3.614,5.763,11.678766355140187,0.0,0.0,0.0
2024-05-22 08:00:00,3.622,0.921,11.678766355140187,0.0,0.0,0.0
2024-05-22 09:00:00,3.624,0.926,11.678766355140187,4.6801945553366,18.220178794536178,4.1933767568525635
2024-05-22 10:00:00,3.627,0.929,11.678766355140187,0.0,0.0,0.0
2024-05-22 11:00:00,3.621,0.931,11.678766355140187,0.07358120160109352,0.0,0.0
2024-05-22 12:00:00,3.626,0.928,11.678766355140187,0.0,0.0,0.0
2024-05-22 13:00:00,3.629,2.13675,11.678766355140187,0.0,0.0,0.0
2024-05-22 14:00:00,3.626,3.3455,11.678766355140187,7.64430478987835,1.2020561715111844,6.754149167181927
2024-05-22 15:00:00,3.624,4.55425,11.678766355140187,10.038759729398567,1.2478458297239645,1.030727861487173
2024-05-22 16:00:00,3.621,5.763,11.678766355140187,0.0,0.0,0.0
2024-05-22 17:00:00,3.618,0.925,11.678766355140187,0.0,0.0,0.0
2024-05-22 18:00:00,3.611,5.763,11.678766355140187,0.0,0.0,0.17957300301595017
2024-05-22 19:00:00,3.619,5.763,11.678766355140187,0.0,0.0,0.0
2024-05-22 20:00:00,3.62,5.763,11.678766355140187,0.0,0.0,0.0
2024-05-22 21:00:00,3.618,5.763,11.678766355140187,1.021803258387838,0.333794039550704,1.4637527948231392
2024-05-22 22:00:00,3.619,5.763,11.678766355140187,0.0,0.0,0.0
2024-05-22 23:00:00,3.619,5.763,11.678766355140187,0.0,0.0,0.6968943550802041
2024-05-23 00:00:00,3.616,5.763,11.678766355140187,0.0,0.0,0.0
2024-05-23 01:00:00,3.616,5.763,11.678766355140187,0.0,0.0,0.0
2024-05-23 02:00:00,3.619,5.763,11.678766355140187,0.0,0.0,0.0
2024-05-23 03:00:00,3.617,5.763,11.678766355140187,3.8102350943204533,0.4904545109809792,2.0166524784880853
2024-05-23 04:00:00,3.619,5.763,11.678766355140187,0.0,0.0,0.0
2024-05-23 05:00:00,3.619,5.763,11.678766355140187,1.635413093326896,0.0,0.0
2024-05-23 06:00:00,3.618,5.763,11.678766355140187,0.0,0.0,0.0
2024-05-23 07:00:00,3.62,5.763,11.678766355140187,0.0,0.0,0.0
2024-05-23 08:00:00,3.626,5.763,11.678766355140187,2.0744544371928484,6.0007854177087685,5.4879881363211735
2024-05-23 09:00:00,3.631,5.763,11.678766355140187,0.0,0.0,0.0
2024-05-23 10:00:00,3.634,0.93,11.678766355140187,0.0,0.0,0.0
2024-05-23 11:00:00,3.636,0.931,11.678766355140187,0.0,0.0,0.0
2024-05-23 12:00:00,3.643,0.928,24.0,0.0,0.0,0.0
2024-05-23 13:00:00,3.696,0.925,24.0,0.0,0.0,0.0
2024-05-23 14:00:00,3.688,0.929,24.0,0.0,0.0,0.0
2024-05-23 15:00:00,3.689,0.929,24.0,0.0,0.0,0.0
2024-05-23 16:00:00,3.69,0.928,24.0,0.0,0.0,0.0
2024-05-23 17:00:00,3.684,0.922,24.0,6.195035479726847,3.3070392538743674,2.1297950456575827
2024-05-23 18:00:00,3.681,0.92,24.0,0.0,0.0,0.0
2024-05-23 19:00:00,3.68,5.763,24.0,0.0,0.0,3.416926581966592
2024-05-23 20:00:00,3.683,5.763,24.0,0.0,0.0,0.0
2024-05-23 21:00:00,3.677,5.763,23.624555555555556,2.561490121543788,0.8182893077353179,0.964116468618987
2024-05-23 22:00:00,3.677,5.763,23.249111111111112,0.0,0.0,0.0
2024-05-23 23:00:00,3.676,5.763,22.873666666666665,0.015073754278660978,9.464719951353901,0.5143257732626842
2024-05-24 00:00:00,3.674,5.763,22.49822222222222,0.0,0.0,0.0
2024-05-24 01:00:00,3.68,5.763,22.122777777777777,0.0,0.0,0.0
2024-05-24 02:00:00,3.683,5.763,21.747333333333334,0.0,0.0,0.0
2024-05-24 03:00:00,3.6845,5.763,21.37188888888889,0.0,0.0,0.0
2024-05-24 04:00:00,3.686,5.763,20.996444444444446,0.0,0.0,0.0
2024-05-24 05:00:00,3.689,5.763,20.621,0.0,0.0,0.0
2024-05-24 06:00:00,3.688,5.763,20.245555555555555,0.0,0.0,0.0
2024-05-24 07:00:00,3.69,5.763,19.87011111111111,0.0,1.1350508260192178,0.0
2024-05-24 08:00:00,3.689,5.763,19.494666666666667,0.0,0.0,0.0
2024-05-24 09:00:00,3.696,5.763,19.119222222222223,9.49693934263801,0.8031318234402512,1.1369774625381894
2024-05-24 10:00:00,3.7,5.763,18.74377777777778,0.0,0.0,0.0
2024-05-24 11:00:00,3.704,0.905,18.368333333333332,0.0,0.0,0.0
2024-05-24 12:00:00,3.708,0.904,17.99288888888889,0.0,0.0,8.37563017258382
2024-05-24 13:00:00,3.709,0.905,17.617444444444445,0.0,0.0,0.0
2024-05-24 14:00:00,3.7,0.907,17.242,0.0,0.0,0.0
2024-05-24 15:00:00,3.708,0.91,16.866555555555557,0.0,0.0,0.0
2024-05-24 16:00:00,3.673,5.763,16.49111111111111,0.0,0.0,0.0
2024-05-24 17:00:00,3.532,5.763,16.115666666666666,0.0,0.0,0.0
2024-05-24 18:00:00,3.679,5.763,15.740222222222222,0.0,0.0,0.0
2024-05-24 19:00:00,3.678,5.763,15.364777777777778,0.0,0.0,0.0
2024-05-24 20:00:00,3.675,5.763,14.989333333333335,0.0,0.0,0.0
2024-05-24 21:00:00,3.681,5.763,14.989333333333335,0.0,0.0,0.0
2024-05-24 22:00:00,3.679,5.763,14.989333333333335,0.7369862891505624,1.5467809170540026,1.8156500722296491
2024-05-24 23:00:00,3.675,5.763,14.593594594594595,0.0,0.0,0.0
2024-05-25 00:00:00,3.672,5.763,14.197855855855856,0.0,0.0,0.0
2024-05-25 01:00:00,3.668,5.763,13.802117117117119,0.0,0.0,0.0
2024-05-25 02:00:00,3.671,5.763,13.40637837837838,0.0,0.0,0.0
2024-05-25 03:00:00,3.673,5.763,13.01063963963964,0.9680351603059045,0.055801895407780085,1.6891451298826274
2024-05-25 04:00:00,3.67,5.763,12.614900900900903,0.0,0.0,0.0
2024-05-25 05:00:00,3.667,5.763,12.219162162162164,0.0,0.0,0.0
2024-05-25 06:00:00,3.671,5.763,11.823423423423424,0.0,0.0,0.0
2024-05-25 07:00:00,3.68,5.763,11.427684684684685,0.0,0.0,0.0
2024-05-25 08:00:00,3.686,5.763,11.031945945945946,0.0006644012510936038,2.5925366958652445,7.669157746256303
2024-05-25 09:00:00,3.687,0.899,10.636207207207207,0.0,0.0,0.0
2024-05-25 10:00:00,3.532,0.899,10.24046846846847,3.2883908089774834,0.8799344967013616,0.006736711479070942
2024-05-25 11:00:00,3.507,0.883,9.84472972972973,0.0,0.0,0.0
2024-05-25 12:00:00,3.509,0.891,9.448990990990993,0.0,0.0,0.0
2024-05-25 13:00:00,3.676,0.891,9.053252252252253,0.0,0.0,0.0
2024-05-25 14:00:00,3.673,0.887,8.657513513513514,0.0,0.0,0.0
2024-05-25 15:00:00,3.672,0.887,8.261774774774775,3.751503930244734,0.6472656115055699,7.995522261881387
2024-05-25 16:00:00,3.675,0.887,7.866036036036036,0.0,0.0,0.0
2024-05-25 17:00:00,3.672,0.885,7.470297297297297,0.0,0.0,0.6480088144105853
2024-05-25 18:00:00,3.673,0.881,7.074558558558558,0.0,0.0,0.0
2024-05-25 19:00:00,3.671,0.876,6.67881981981982,2.873565313440556,2.330478387291703,0.12864442655081493
2024-05-25 20:00:00,3.668,0.873,6.283081081081081,0.0,0.0,0.0
2024-05-25 21:00:00,3.665,0.872,5.887342342342341,0.0,0.0,0.0
2024-05-25 22:00:00,3.667,0.87,5.491603603603604,0.0,0.0,0.0
2024-05-25 23:00:00,3.666,0.87,5.491603603603604,5.757416054990663,0.0,0.0
2024-05-26 00:00:00,3.662,0.87,5.491603603603604,0.0,0.0,0.0
2024-05-26 01:00:00,3.659,0.871,5.491603603603604,0.0,0.0,0.0
2024-05-26 02:00:00,3.661,0.871,5.491603603603604,0.0,0.0,0.0
2024-05-26 03:00:00,3.664,0.875,5.491603603603604,4.120720706020419,2.7444355612956923,68.45801637194877
2024-05-26 04:00:00,3.662,0.873,5.491603603603604,0.0,0.0,0.0
2024-05-26 05:00:00,3.664,0.87,5.491603603603604,0.0,0.0,0.0
2024-05-26 06:00:00,3.665,0.933,5.491603603603604,0.7892246218943202,1.3898752646723367,2.1934227065873673
2024-05-26 07:00:00,3.6685000000000003,0.922,5.491603603603604,0.0,0.0,0.0
2024-05-26 08:00:00,3.672,0.93,5.491603603603604,4.118467733577156,0.0,0.0
2024-05-26 09:00:00,3.677,0.93,5.491603603603604,0.0,0.0,0.0
2024-05-26 10:00:00,3.679,0.931,5.491603603603604,0.0,0.0,0.0
2024-05-26 11:00:00,3.678,0.933,0.347,0.32794134854395696,1.5393098247966115,0.11179439398413685
2024-05-26 12:00:00,3.678,0.934,0.38225,0.0,0.0,0.0
2024-05-26 13:00:00,3.679,0.932,0.4175,0.0,0.0,0.0
2024-05-26 14:00:00,3.677,0.938,0.45275,0.0,0.0,0.0
2024-05-26 15:00:00,3.676,0.936,0.488,0.0,0.0,0.0
2024-05-26 16:00:00,3.662,0.928,0.565,0.0,0.0,0.0
2024-05-26 17:00:00,3.66,0.928,0.9964999999999999,0.0,0.0,0.0
2024-05-26 18:00:00,3.659,0.926,1.428,0.0,0.0,0.0
2024-05-26 19:00:00,3.66,0.923,1.806,0.0,0.0,0.0
2024-05-26 20:00:00,3.657,0.921,1.575,12.258809505218668,0.04497800811153072,2.9832472091504405
2024-05-26 21:00:00,3.656,0.92,0.9175,0.0,0.0,0.0
2024-05-26 22:00:00,3.653,0.92,0.26,0.1121011496241037,0.1661269909936164,1.0239304378376701
2024-05-26 23:00:00,3.656,0.92,0.505,0.0,0.0,0.0
2024-05-27 00:00:00,3.631,0.915,1.35,0.0,0.0,0.0
2024-05-27 01:00:00,3.612,0.918,1.141,0.0,0.0,0.0
2024-05-27 02:00:00,3.61,0.915,0.575,0.0,0.0,0.0
2024-05-27 03:00:00,3.622,0.914,0.6585,0.2327078478085106,2.1131970019591475,0.9908497164033641
2024-05-27 04:00:00,3.621,0.914,0.742,0.0,0.0,0.0
2024-05-27 05:00:00,3.62,0.912,1.223,0.5506408770530936,0.2793371817889364,3.484003864097843
2024-05-27 06:00:00,3.626,0.914,1.2041891891891894,4.639381846000992,1.6307871567629266,1.345474169760461
2024-05-27 07:00:00,3.63,0.918,1.1853783783783785,0.0,0.0,0.0
2024-05-27 08:00:00,3.63,0.918,1.1665675675675677,7.342015412522416,6.418050828357726,4.457805178882186
2024-05-27 09:00:00,2.195,0.918,1.1477567567567568,0.0,0.0,0.0
2024-05-27 10:00:00,2.197,0.916,1.128945945945946,0.03815268275545214,3.713068787255172,0.2850796163837488
2024-05-27 11:00:00,2.343,0.92,1.1101351351351352,0.0,0.0,0.0
2024-05-27 12:00:00,2.447,0.94,1.0913243243243245,0.8500252156456871,1.8420258329228938,3.98871271859105
2024-05-27 13:00:00,2.572,0.943,1.0725135135135135,7.164260426714834,0.0,0.0
2024-05-27 14:00:00,2.665,0.959,1.0537027027027028,0.0,0.0,0.0
2024-05-27 15:00:00,2.767,0.964,1.034891891891892,0.0,0.0,0.0
2024-05-27 16:00:00,2.832,0.966,1.0160810810810812,0.0,0.0,0.0
2024-05-27 17:00:00,2.879,0.965,0.9972702702702703,0.0,0.0,0.0
2024-05-27 18:00:00,2.894,0.962,0.9784594594594596,0.0,0.0,0.0
2024-05-27 19:00:00,2.924,0.959,0.9596486486486486,0.0,0.0,0.0
2024-05-27 20:00:00,2.953,0.962,0.9408378378378379,0.5579642797979357,0.3858811831941343,0.8488653558450486
2024-05-27 21:00:00,2.951,0.965,0.9220270270270271,0.0,0.0,10.814551024527361
2024-05-27 22:00:00,2.955,0.97,0.9032162162162163,0.0,0.0,0.0
2024-05-27 23:00:00,2.956,0.974,0.8844054054054055,0.0,0.0,0.0
2024-05-28 00:00:00,2.966,0.976,0.8655945945945946,0.0,0.0,0.0
2024-05-28 01:00:00,2.953,0.975,0.8467837837837838,0.0,0.0,0.0
2024-05-28 02:00:00,2.988,0.977,0.827972972972973,0.0,1.002118268699772,0.0
2024-05-28 03:00:00,2.966,0.977,0.8091621621621622,0.0,0.0,0.0
2024-05-28 04:00:00,2.951,0.977,0.7903513513513514,0.0,0.0,0.0
2024-05-28 05:00:00,2.941,0.978,0.7715405405405406,0.0,0.0,0.0
2024-05-28 06:00:00,2.918,0.977,0.7715405405405406,0.5190832119863749,3.518300799319288,7.157210677467486
2024-05-28 07:00:00,2.894,0.977,0.7715405405405406,0.0,0.0,0.0
2024-05-28 08:00:00,2.839,0.983,0.7493095823095823,14.98618068344041,0.0,0.0
2024-05-28 09:00:00,2.773,0.997,0.7270786240786241,0.0,0.0,0.0
2024-05-28 10:00:00,2.713,1.014,0.7048476658476659,0.0,0.0,0.0
2024-05-28 11:00:00,2.646,1.018,0.6826167076167077,0.0,0.0,0.0
2024-05-28 12:00:00,2.541,1.021,0.6603857493857495,0.0,0.0,0.0
2024-05-28 13:00:00,2.182,1.033,0.6381547911547911,2.2778347579504215,0.476896503841148,7.590769562540819
2024-05-28 14:00:00,1.923,1.038,0.6159238329238329,0.0,0.0,0.0
2024-05-28 15:00:00,19.799,1.041,0.5936928746928747,0.0,0.0,0.0
2024-05-28 16:00:00,2.106,1.045,0.5714619164619165,0.0,0.0,0.0
2024-05-28 17:00:00,2.261,1.047,0.5492309582309582,2.1964067870851087,0.9338310544942457,0.8033133871086631
2024-05-28 18:00:00,2.322,1.048,0.527,0.0,0.0,0.0
2024-05-28 19:00:00,2.447,1.05,0.287,0.0,0.0,0.0
2024-05-28 20:00:00,2.539,1.053,0.814,0.0,0.0,0.0
2024-05-28 21:00:00,2.575,1.057,0.016,8.739722549062046,6.54688792146221,0.9417235598341014
2024-05-28 22:00:00,2.621,1.059,0.016333333333333335,0.0,0.0,0.0
2024-05-28 23:00:00,2.681,1.066,0.016666666666666666,2.2537873971636566,1.60810685520257,0.23018363312609222
2024-05-29 00:00:00,2.745,1.072,0.017,0.0,0.0,0.0
2024-05-29 01:00:00,2.781,1.082,0.191,0.43148085920463847,1.8903783355656734,1.35876444050274
2024-05-29 02:00:00,2.823,1.088,0.2405,1.84976157808513,0.0,0.0
2024-05-29 03:00:00,2.839,1.096,0.29,4.38209465199397,5.877641003732478,0.6221254126283366
2024-05-29 04:00:00,2.858,1.104,0.159,0.0,0.0,0.0
2024-05-29 05:00:00,2.844,5.763,1.551,0.0,0.0,0.0
2024-05-29 06:00:00,2.748,5.763,1.453,0.0,0.0,0.0
2024-05-29 07:00:00,2.534,5.763,0.014,0.0,0.0,0.0
2024-05-29 08:00:00,2.421,5.763,7.398192307692308,7.965343068935105,5.306666192032321,0.22619166704967275
2024-05-29 09:00:00,2.154,5.763,14.782384615384615,0.0,0.0,0.0
2024-05-29 10:00:00,2.087,1.168,22.16657692307692,0.0,0.0,0.0
2024-05-29 11:00:00,1.988,1.171,29.55076923076923,0.0,0.0,0.0
2024-05-29 12:00:00,1.983,1.171,36.934961538461536,0.0,0.0,0.0
2024-05-29 13:00:00,2.042,1.174,44.319153846153846,0.0,0.0,0.0
2024-05-29 14:00:00,2.084,1.172,51.703346153846155,0.0,0.0,0.0
2024-05-29 15:00:00,2.245,1.167,59.087538461538465,0.0,0.0,0.0
2024-05-29 16:00:00,2.297,1.162,66.47173076923076,0.03378148733410732,3.5207875167260307,4.664706259978411
2024-05-29 17:00:00,2.349,1.153,73.85592307692306,0.0,0.0,0.0
2024-05-29 18:00:00,2.466,1.147,81.24011538461538,0.0,0.0,0.0
2024-05-29 19:00:00,2.497,1.136,88.62430769230768,0.0,0.0,0.0
2024-05-29 20:00:00,2.538,1.131,96.00849999999998,0.0,0.0,0.0
2024-05-29 21:00:00,2.566,1.125,103.3926923076923,0.0,0.9175402219725983,0.0
2024-05-29 22:00:00,2.605,5.763,110.7768846153846,0.0,0.0,0.0
2024-05-29 23:00:00,2.6016666666666666,5.763,118.16107692307692,0.0,0.0,0.0
2024-05-30 00:00:00,2.5983333333333336,5.763,125.54526923076922,0.0,4.029182971696935,0.0
2024-05-30 01:00:00,2.595,5.763,132.92946153846154,2.500794567558513,0.9479889266461343,0.3408859212936328
2024-05-30 02:00:00,2.677,5.763,140.31365384615384,0.0,0.0,0.0
2024-05-30 03:00:00,2.731,5.763,147.69784615384614,0.0,0.0,0.0
2024-05-30 04:00:00,2.753,5.763,155.08203846153847,0.0,2.0126769547583896,0.0
2024-05-30 05:00:00,2.804,5.763,162.46623076923078,0.0,0.0,0.0
2024-05-30 06:00:00,2.841,5.763,169.85042307692308,0.0,0.0,0.0
2024-05-30 07:00:00,2.877,5.763,177.23461538461538,0.0,0.0,0.0
2024-05-30 08:00:00,2.902,5.763,177.23461538461538,0.0,0.0,0.0
2024-05-30 09:00:00,2.939,1.099,192.003,0.0,0.0,0.0
2024-05-30 10:00:00,2.944,1.105,190.38433050847456,0.0,0.0,0.0
2024-05-30 11:00:00,2.946,1.106,188.76566101694914,0.0,0.0,0.0
2024-05-30 12:00:00,2.964,1.105,187.14699152542372,0.0,0.0,0.0
2024-05-30 13:00:00,2.986,1.113,185.5283220338983,0.0,0.0,0.0
2024-05-30 14:00:00,3.004,5.763,183.90965254237287,0.0,0.0,0.0
2024-05-30 15:00:00,3.023,5.763,182.29098305084744,0.0,0.0,0.0
2024-05-30 16:00:00,3.044,5.763,180.67231355932202,0.0,0.0,0.0
2024-05-30 17:00:00,3.064,5.763,179.0536440677966,0.0,0.0,0.0
2024-05-30 18:00:00,3.085,5.763,177.43497457627117,0.0,0.0,0.0
2024-05-30 19:00:00,3.108,5.763,175.81630508474575,0.0,0.0,0.0
2024-05-30 20:00:00,3.129,5.763,174.19763559322033,0.0,0.0,0.0
2024-05-30 21:00:00,3.15,5.763,172.5789661016949,0.45004415380299034,1.319606028360587,2.0424997901391873
2024-05-30 22:00:00,3.16,5.763,170.96029661016948,0.0,0.0,0.0
2024-05-30 23:00:00,3.165,5.763,169.34162711864406,0.02169359676292479,3.2154348885544235,0.42265101350063183
2024-05-31 00:00:00,3.161,5.763,167.72295762711863,0.0,0.0,0.0
2024-05-31 01:00:00,3.165,5.763,166.1042881355932,0.0,0.0,0.0
2024-05-31 02:00:00,3.171,5.763,164.48561864406778,0.0,0.0,0.0
2024-05-31 03:00:00,3.15,5.763,162.86694915254236,0.0,0.0,0.0
2024-05-31 04:00:00,3.138,5.763,161.24827966101694,0.0,0.0,6.699265751450529
2024-05-31 05:00:00,3.136,5.763,159.6296101694915,0.6550996707351999,1.6399973146937772,1.9568620918405517
2024-05-31 06:00:00,3.129,1.281,158.0109406779661,0.8799076864180475,6.4145073120435026,4.8996234574364586
2024-05-31 07:00:00,3.143,1.277,156.39227118644067,0.0,0.0,0.0
2024-05-31 08:00:00,3.148,1.275,154.77360169491524,0.650913083249342,25.793486421996576,0.04629301799326219
2024-05-31 09:00:00,3.147,1.265,153.15493220338982,0.0,0.0,0.0
2024-05-31 10:00:00,3.156,1.256,153.15493220338982,0.0,0.0,0.0
2024-05-31 11:00:00,3.162,1.25,153.15493220338982,0.0,0.0,0.0
2024-05-31 12:00:00,3.165,1.245,151.50107424465733,0.0,0.0,0.0
2024-05-31 13:00:00,3.18,1.243,149.84721628592482,0.0,0.0,0.0
2024-05-31 14:00:00,3.18,1.238,148.19335832719233,0.4504623765323852,5.761827037484688,0.09717863864142043
2024-05-31 15:00:00,3.193,1.234,146.53950036845984,0.0,0.0,44.003262465351945
2024-05-31 16:00:00,3.202,1.231,144.88564240972732,2.412546523518284,2.1379119456860654,1.776811549278386
2024-05-31 17:00:00,3.224,1.229,143.23178445099484,7.606085165946817,0.026345477850365513,0.4666117078577626
2024-05-31 18:00:00,3.258,1.231,141.57792649226232,4.0854856255850365,1.3324720662416678,0.6865957801327207
2024-05-31 19:00:00,3.273,1.23,139.92406853352983,0.0,0.0,0.0
2024-05-31 20:00:00,3.287,5.763,138.27021057479735,0.0,0.0,0.0
2024-05-31 21:00:00,3.298,5.763,136.61635261606483,4.2207238259733,1.4980724202354823,0.031969915494326366
2024-05-31 22:00:00,3.314,5.763,134.96249465733234,0.0,0.0,0.0
2024-05-31 23:00:00,3.327,5.763,133.30863669859986,1.9464181501804663,3.378936757522748,3.68738514786222
2024-06-01 00:00:00,3.33,5.763,131.65477873986734,3.343638114049,15.786528649196356,2.376487121459988
2024-06-01 01:00:00,3.341,5.763,130.00092078113485,0.0,0.0,0.0
2024-06-01 02:00:00,3.342,5.763,128.34706282240234,0.0,0.0,0.0
2024-06-01 03:00:00,3.347,5.763,126.69320486366985,10.067719375454793,0.057631110322706985,5.796799620385251
2024-06-01 04:00:00,3.346,5.763,125.03934690493736,0.0,0.0,0.0
2024-06-01 05:00:00,3.365,5.763,123.38548894620486,0.0,0.0,0.0
2024-06-01 06:00:00,3.367,5.763,121.73163098747236,0.0,0.0,0.0
2024-06-01 07:00:00,3.37,5.763,120.07777302873986,0.014310433364019746,0.46947928491802404,1.277294177943555
2024-06-01 08:00:00,3.379,5.763,118.42391507000735,0.0,0.0,0.0
2024-06-01 09:00:00,3.381,5.763,116.77005711127487,0.0,0.0,0.0
2024-06-01 10:00:00,12.558,1.209,115.11619915254236,0.0,0.0,0.0
2024-06-01 11:00:00,21.735,1.203,113.46234119380986,0.0,0.0,0.0
2024-06-01 12:00:00,30.912,1.199,113.46234119380986,0.0,0.0,0.0
2024-06-01 13:00:00,30.92,1.19,113.46234119380986,0.0,0.0,0.0
2024-06-01 14:00:00,30.918,16.945000000000004,113.46234119380986,0.0,0.0,0.0
2024-06-01 15:00:00,30.93,32.7,113.46234119380986,0.0,0.0,0.0
2024-06-01 16:00:00,30.93,32.7,113.46234119380986,0.0,0.0,0.0
2024-06-01 17:00:00,30.934,32.7,113.46234119380986,0.5593231785368743,4.5377452356959616,1.0886600873893924
2024-06-01 18:00:00,30.926,32.7,113.46234119380986,0.0,0.0,0.0
2024-06-01 19:00:00,30.941,32.7,113.46234119380986,0.0,0.0,0.0
2024-06-01 20:00:00,30.996,32.7,113.46234119380986,2.5558137357912245,0.5418886107823504,1.0556865513660352
2024-06-01 21:00:00,30.853,32.7,113.46234119380986,0.0,0.0,0.0
2024-06-01 22:00:00,30.851,32.7,113.46234119380986,1.6790862817737313,0.18939303153037676,1.4914290627162141
2024-06-01 23:00:00,30.805,32.7,113.46234119380986,0.7305689379918371,4.350155384338042,18.264066552972334
2024-06-02 00:00:00,30.791,32.7,113.46234119380986,0.11288697679687565,0.0,0.0
2024-06-02 01:00:00,30.769,32.7,113.46234119380986,0.8166425590243274,2.4663666822752983,0.45075001048866264
2024-06-02 02:00:00,30.751,32.7,113.46234119380986,0.0,0.0,0.0
2024-06-02 03:00:00,30.722,32.7,113.46234119380986,0.0,0.0,0.0
2024-06-02 04:00:00,30.688,32.7,113.46234119380986,0.0,0.0,0.0
2024-06-02 05:00:00,30.674,32.7,113.46234119380986,0.0,0.0,0.0
2024-06-02 06:00:00,30.697,32.7,113.46234119380986,0.0,0.0,0.0
2024-06-02 07:00:00,30.722,32.7,113.46234119380986,0.0,0.0,0.0
2024-06-02 08:00:00,30.726,32.7,113.46234119380986,0.0,0.0,0.0
2024-06-02 09:00:00,30.737,32.7,113.46234119380986,0.0,0.0,0.0
2024-06-02 10:00:00,30.728,32.7,113.46234119380986,0.0,0.0,0.0
2024-06-02 11:00:00,30.728,32.7,113.46234119380986,0.0,0.0,0.0
2024-06-02 12:00:00,30.719,32.7,113.46234119380986,0.29219822043210475,38.53215249791109,4.408417531381687
2024-06-02 13:00:00,30.716,32.7,113.46234119380986,0.0,0.0,0.0
2024-06-02 14:00:00,30.725,32.7,113.46234119380986,0.0,0.0,0.0
2024-06-02 15:00:00,30.748,32.7,113.46234119380986,0.0681271949748919,1.539618018159676,0.6775598444431602
2024-06-02 16:00:00,30.763,32.7,113.46234119380986,0.0,0.0,0.0
2024-06-02 17:00:00,30.779,32.7,113.46234119380986,0.0,0.0,0.0
2024-06-02 18:00:00,30.798,32.7,113.46234119380986,1.4827739124020998,0.36833012511707197,4.51768110560356
2024-06-02 19:00:00,30.807,32.7,113.46234119380986,0.0,0.0,0.0
2024-06-02 20:00:00,30.822,32.7,113.46234119380986,0.0,0.0,0.0
2024-06-02 21:00:00,30.833,32.7,113.46234119380986,0.0,0.0,0.0
2024-06-02 22:00:00,30.847,32.7,113.46234119380986,0.0,0.0,0.0
2024-06-02 23:00:00,30.855,32.7,113.46234119380986,7.489249474150617,0.0,0.0
2024-06-03 00:00:00,30.874,32.7,113.46234119380986,0.0,0.0,0.0
2024-06-03 01:00:00,30.876,32.7,113.46234119380986,0.0,0.0,0.0
2024-06-03 02:00:00,30.89,32.7,113.46234119380986,0.0,0.0,0.0
2024-06-03 03:00:00,30.899,32.7,113.46234119380986,0.0,0.0,0.0
2024-06-03 04:00:00,30.907,32.7,113.46234119380986,0.0,0.0,0.0
2024-06-03 05:00:00,30.908,32.7,113.46234119380986,0.0,0.0,0.0
2024-06-03 06:00:00,30.905,32.7,113.46234119380986,0.0,0.0,0.0
2024-06-03 07:00:00,30.9,32.7,113.46234119380986,0.0,0.0,0.0
2024-06-03 08:00:00,30.882,32.7,113.46234119380986,0.0,0.0,0.0
2024-06-03 09:00:00,30.88,32.7,113.46234119380986,0.3906762271459113,2.339607165654764,0.5655880740970464
2024-06-03 10:00:00,30.878,32.7,113.46234119380986,2.7016527647751327,0.7550388456639927,2.249021369111934
2024-06-03 11:00:00,30.869,32.7,113.46234119380986,2.211607959955985,1.0630490359274094,0.8561573218259598
2024-06-03 12:00:00,30.799,32.7,1.0,5.622675763669365,16.178183722495618,2.6494676547182348
2024-06-03 13:00:00,30.607,32.7,1.0,0.0,0.0,0.0
2024-06-03 14:00:00,30.482,32.7,1.0,5.12530934834374,0.5686325907271315,4.88018294184913
2024-06-03 15:00:00,30.457,32.7,1.0,0.0,0.0,0.0
2024-06-03 16:00:00,30.506500000000003,32.7,1.0,0.0,0.0,0.0
2024-06-03 17:00:00,30.556,32.7,1.0,0.0,0.0,0.8152411647383941
2024-06-03 18:00:00,30.604,32.7,1.0,0.0,0.0,4.118630753653527
2024-06-03 19:00:00,30.664,32.7,1.0,0.0,0.0,0.0
2024-06-03 20:00:00,30.709,32.7,1.0,0.5070988198522143,0.682780920407403,7.657591092481539
2024-06-03 21:00:00,30.734,32.7,1.0,0.0,0.0,0.0
2024-06-03 22:00:00,30.751,32.7,1.0,0.0,0.0,0.0
2024-06-03 23:00:00,30.778,32.7,1.0,0.0,0.0,0.0
2024-06-04 00:00:00,30.791,32.7,1.0,0.0,0.0,0.0
2024-06-04 01:00:00,30.823,32.7,1.0,0.0,0.0,0.0
2024-06-04 02:00:00,30.824,32.7,1.0,2.1860428247108685,2.9837164782208827,0.44894657191916076
2024-06-04 03:00:00,30.825,32.7,1.0,0.0,0.0,0.0
2024-06-04 04:00:00,30.846,32.7,1.0,0.0,0.0,0.0
2024-06-04 05:00:00,30.855,32.7,1.0,0.016852852298686997,3.2605676148538123,1.374187662129622
2024-06-04 06:00:00,30.871,32.7,1.0,1.710598693379721,3.143139218430954,1.2730520837091885
2024-06-04 07:00:00,30.877,32.7,1.0,0.0,0.0,0.0
2024-06-04 08:00:00,30.897,32.7,5.833333333333334,0.0,0.0,0.0
2024-06-04 09:00:00,30.911,32.7,10.666666666666668,0.16244183330110026,0.7989501929729977,1.2310144699363916
2024-06-04 10:00:00,30.91,32.7,15.5,0.0,0.0,0.0
2024-06-04 11:00:00,30.908,32.7,20.333333333333336,0.0,6.3320206968127675,0.0
2024-06-04 12:00:00,30.925,32.7,25.166666666666668,0.0,0.0,0.0
2024-06-04 13:00:00,30.923,32.7,30.0,0.0,0.0,0.0
2024-06-04 14:00:00,30.925,32.7,30.0,0.0,0.0,0.0
2024-06-04 15:00:00,30.935,32.7,30.0,0.0,0.0,8.731291525590363
2024-06-04 16:00:00,30.941,32.7,30.0,0.0,0.0,0.0
2024-06-04 17:00:00,30.946,32.7,30.0,0.0,0.0,1.0640115713030864
2024-06-04 18:00:00,30.955,32.7,30.0,0.0,0.0,0.0
2024-06-04 19:00:00,30.955,32.7,30.0,0.0,0.0,0.0
2024-06-04 20:00:00,30.964,32.7,30.0,0.0,0.0,0.0
2024-06-04 21:00:00,30.97,32.7,30.0,0.0,0.0,0.0
2024-06-04 22:00:00,30.996,32.7,30.0,0.0,0.0,0.0
2024-06-04 23:00:00,30.998,32.7,30.0,0.0,0.0,0.0
2024-06-05 00:00:00,30.985,32.7,30.0,0.0,0.0,0.0
2024-06-05 01:00:00,30.994,32.7,30.0,0.0,0.0,4.8404389651607245
2024-06-05 02:00:00,30.997,32.7,30.0,3.6244175333855986,1.2761582413789756,1.5202843625084081
2024-06-05 03:00:00,30.993,32.7,30.0,0.0,0.0,0.0
2024-06-05 04:00:00,30.989,32.7,30.0,0.0,0.0,0.0
2024-06-05 05:00:00,30.992,32.7,30.0,0.0,0.0,0.0
2024-06-05 06:00:00,30.996,32.7,30.0,0.0,0.0,0.0
2024-06-05 07:00:00,30.998,32.7,30.0,0.0,0.0,0.0
2024-06-05 08:00:00,31.003,32.7,30.0,0.0,0.0,0.0
2024-06-05 09:00:00,30.993,32.7,30.0,0.0,0.0,0.0
2024-06-05 10:00:00,31.002,32.7,30.0,4.9784645271561585,0.3167911591077823,0.0726843821079451
2024-06-05 11:00:00,30.995,32.7,30.0,0.0,0.0,0.0
2024-06-05 12:00:00,30.992,32.7,30.0,12.273396632279216,2.9065786823541866,3.643673589444012
2024-06-05 13:00:00,31.001,32.7,30.0,0.0,0.0,0.0
2024-06-05 14:00:00,31.006,32.7,30.0,0.0,0.0,0.0
2024-06-05 15:00:00,31.004,32.7,30.0,0.0,0.0,0.0
2024-06-05 16:00:00,31.0,32.7,30.0,0.0,0.0,0.0
2024-06-05 17:00:00,31.004,32.7,30.0,0.0,0.0,0.0
2024-06-05 18:00:00,31.001,32.7,30.0,0.0,0.0,0.0
2024-06-05 19:00:00,31.007,32.7,30.0,0.0,0.0,0.0
2024-06-05 20:00:00,31.0,32.7,30.0,0.0,0.0,0.0
2024-06-05 21:00:00,31.003,32.7,30.0,0.0,0.0,0.0
2024-06-05 22:00:00,31.013,32.7,30.0,0.0,0.0,0.0
2024-06-05 23:00:00,31.017,32.7,30.0,0.0,0.0,0.0
2024-06-06 00:00:00,31.015,32.7,30.0,0.0,0.0,0.0
2024-06-06 01:00:00,31.023,32.7,30.0,0.1296395223594093,16.00956100022468,1.0508136046917935
2024-06-06 02:00:00,31.019,32.7,30.0,0.0,0.0,0.0
2024-06-06 03:00:00,31.029,32.7,30.0,0.0,0.0,0.0
2024-06-06 04:00:00,31.025,32.7,30.0,0.6328033243443156,2.078753475412262,0.5964568936514069
2024-06-06 05:00:00,31.028,32.7,30.0,0.0,0.0,0.0
2024-06-06 06:00:00,31.032,32.7,30.0,0.0,0.0,0.0
2024-06-06 07:00:00,31.033,32.7,30.0,0.0,0.0,0.0
2024-06-06 08:00:00,31.037,32.7,30.0,0.0,0.0,0.0
2024-06-06 09:00:00,31.044,32.7,30.0,0.0,0.0,0.0
2024-06-06 10:00:00,31.044,32.7,30.0,3.038438055139858,0.021672828156089636,5.901998088946694
2024-06-06 11:00:00,31.056,32.7,30.0,7.384912692587401,15.154796612442896,0.0045200641077338816
2024-06-06 12:00:00,31.057,32.7,30.0,0.0,0.0,0.0
2024-06-06 13:00:00,31.057,32.7,30.0,0.0,0.0,0.0
2024-06-06 14:00:00,31.058,32.7,30.0,2.000363053392961,0.21420856274665567,1.3331221982707067
2024-06-06 15:00:00,31.069,32.7,30.0,4.585941052536098,3.975021981282435,2.920307238738927
2024-06-06 16:00:00,31.067,32.7,30.0,0.0,0.0,0.0
2024-06-06 17:00:00,31.075,32.7,30.0,0.0,0.0,0.0
2024-06-06 18:00:00,31.071,32.7,30.0,0.0,0.0,0.0
2024-06-06 19:00:00,31.067,32.7,30.0,0.0,0.0,0.0
2024-06-06 20:00:00,31.068,32.7,30.0,0.0,0.0,0.0
2024-06-06 21:00:00,31.035,32.7,30.0,54.28028021841012,2.8475727653190184,0.17710993916255136
2024-06-06 22:00:00,30.943,32.7,30.0,0.0,0.0,0.0
2024-06-06 23:00:00,30.929,32.7,30.0,0.0,2.7187246988935696,0.0
2024-06-07 00:00:00,30.956,32.7,30.0,7.106496413926288,6.868188272427503,2.042276530691093
2024-06-07 01:00:00,30.97,32.7,30.0,0.0,0.0,0.0
2024-06-07 02:00:00,30.982,32.7,30.0,1.7662020961827993,4.017939419556078,5.543831666392528
2024-06-07 03:00:00,30.993,32.7,30.0,0.0,0.0,0.0
2024-06-07 04:00:00,31.003,32.7,30.0,0.0,0.0,0.0
2024-06-07 05:00:00,31.014,32.7,30.0,1.9916043451044692,1.0240655991935634,1.4644421362969973
2024-06-07 06:00:00,31.03,32.7,30.0,0.0,0.0,0.0
2024-06-07 07:00:00,31.03,32.7,30.0,0.0,0.0,0.0
2024-06-07 08:00:00,31.033,32.7,30.0,0.0,0.0,0.0
2024-06-07 09:00:00,31.032,32.7,30.0,0.0,0.0,0.0
2024-06-07 10:00:00,31.028,32.7,30.0,0.0,0.0,8.155599230166372
2024-06-07 11:00:00,31.032,32.7,30.0,0.4599169391911151,2.470056499415513,0.41455894189311987
2024-06-07 12:00:00,31.035,32.7,30.0,0.973350612018049,0.13832447126692865,6.363028129639634
2024-06-07 13:00:00,31.042,32.7,30.0,0.0,0.0,0.0
2024-06-07 14:00:00,31.037,32.7,30.0,0.0,0.0,0.0
2024-06-07 15:00:00,31.041,32.7,30.0,0.7210000572702719,3.168383254752373,1.2238470928819336
2024-06-07 16:00:00,31.057,32.7,30.0,0.0,0.0,0.0
2024-06-07 17:00:00,31.034,32.7,30.0,0.0,0.0,0.0
2024-06-07 18:00:00,30.943,32.7,30.0,2.0359455613631825,0.0,0.0
2024-06-07 19:00:00,30.999,32.7,30.0,0.0,0.0,0.0
2024-06-07 20:00:00,31.033,32.7,30.0,0.0,0.0,0.0
2024-06-07 21:00:00,31.044,32.7,30.0,0.0,0.0,0.0
2024-06-07 22:00:00,31.0475,32.7,30.0,1.426784656655218,0.07496602093107858,1.3019701614572823
2024-06-07 23:00:00,31.051,32.7,30.0,0.0,0.0,0.0
2024-06-08 00:00:00,31.029,32.7,30.0,0.0,0.0,0.0
2024-06-08 01:00:00,31.007,32.7,30.0,0.0,0.0,0.0
2024-06-08 02:00:00,30.987000000000002,32.7,30.0,0.0,0.0,0.0
2024-06-08 03:00:00,30.967,32.7,30.0,0.0,0.0,0.0
2024-06-08 04:00:00,30.958,32.7,30.0,0.0,0.0,0.0
2024-06-08 05:00:00,30.964,32.7,30.0,1.4163415487071593,0.9409132093760798,6.401262789836935
2024-06-08 06:00:00,30.954,32.7,30.0,0.0,0.0,0.0
2024-06-08 07:00:00,30.93,32.7,30.0,0.0,0.0,0.0
2024-06-08 08:00:00,30.836,32.7,30.0,0.0,0.0,0.0
2024-06-08 09:00:00,30.491,32.7,30.0,0.0,0.8659000581739738,0.0
2024-06-08 10:00:00,30.442,32.7,30.0,9.738291991216421,7.022422040762427,0.5936862966419577
2024-06-08 11:00:00,30.483,32.7,30.0,0.0,0.0,0.0
2024-06-08 12:00:00,30.543,32.7,30.0,0.0,0.0,1.1372298978312871
2024-06-08 13:00:00,30.609,32.7,30.0,0.0,0.0,0.0
2024-06-08 14:00:00,30.668,32.7,30.0,0.0,0.0,0.0
2024-06-08 15:00:00,30.701,32.7,30.0,1.9312026486028495,0.3620273722402256,12.248184441482497
2024-06-08 16:00:00,30.738,32.7,30.0,3.9225142531054997,0.0,0.0
2024-06-08 17:00:00,30.738,32.7,30.0,0.0,0.0,0.0
2024-06-08 18:00:00,30.757,32.7,30.0,0.0,0.0,0.0
2024-06-08 19:00:00,30.787,32.7,30.0,2.1805939418173392,0.024337455496488608,3.603575183966072
2024-06-08 20:00:00,30.827,32.7,30.0,0.2627648460312296,3.3269873217468526,0.5414346237509317
2024-06-08 21:00:00,30.867,32.7,30.0,0.0,0.0,0.0
2024-06-08 22:00:00,30.883,32.7,30.0,0.0,0.0,0.0
2024-06-08 23:00:00,30.918,32.7,30.0,0.2852941604311168,14.260744206460561,0.2637208893134633
2024-06-09 00:00:00,30.929,32.7,30.0,0.18491326950080028,1.2606262348130062,4.918993485344881
2024-06-09 01:00:00,30.944,32.7,30.0,0.0,0.0,0.0
2024-06-09 02:00:00,30.975,32.7,30.0,0.0,0.0,0.0
2024-06-09 03:00:00,30.98,32.7,30.0,0.0,0.0,0.0
2024-06-09 04:00:00,30.997,32.7,30.0,0.0,0.0,0.0
2024-06-09 05:00:00,31.004,32.7,30.0,0.0,0.0,0.0
2024-06-09 06:00:00,31.007,32.7,30.0,0.0,0.0,0.0
2024-06-09 07:00:00,31.013,32.7,30.0,0.7227018603316481,0.0,0.0
2024-06-09 08:00:00,31.01,32.7,30.0,0.0,0.0,0.0
2024-06-09 09:00:00,31.008,32.7,30.0,0.0,0.6218685121721172,0.0
2024-06-09 10:00:00,31.009,32.7,30.0,0.0,0.0,0.0
2024-06-09 11:00:00,30.959,32.7,30.0,0.0,0.0,0.0
2024-06-09 12:00:00,30.909,32.7,30.0,0.0,0.0,0.0
2024-06-09 13:00:00,30.86,32.7,30.0,0.0,0.0,0.0
2024-06-09 14:00:00,30.844,32.7,30.0,0.0,2.122306792575434,0.0
2024-06-09 15:00:00,30.856,32.7,30.0,0.0,0.0,0.0
2024-06-09 16:00:00,30.887,32.7,30.0,0.0,0.0,0.0
2024-06-09 17:00:00,30.903,32.7,30.0,0.0,0.0,0.0
2024-06-09 18:00:00,30.93,32.7,30.0,0.0,0.0,0.0
2024-06-09 19:00:00,30.947,32.7,30.0,5.764466208935056,10.68046172684589,0.2887978580524735
2024-06-09 20:00:00,30.969,32.7,30.0,0.0,0.0,0.0
2024-06-09 21:00:00,30.979,32.7,30.0,0.0,0.0,0.0
2024-06-09 22:00:00,31.001,32.7,30.0,0.9558850367293316,1.3106407074095765,0.6255057634528511
2024-06-09 23:00:00,31.021,32.7,30.0,0.0,0.0,0.0
2024-06-10 00:00:00,31.03,32.7,30.0,0.0,0.0,0.0
2024-06-10 01:00:00,31.036,32.7,30.0,0.0,0.0,0.0
2024-06-10 02:00:00,31.028,32.7,30.0,0.0,0.0,0.0
2024-06-10 03:00:00,31.031,32.7,30.0,0.0,0.0,0.0
2024-06-10 04:00:00,31.045,32.7,30.0,0.0,0.0,0.0
2024-06-10 05:00:00,31.045,32.7,30.0,0.0,0.0,0.0
2024-06-10 06:00:00,31.07,32.7,30.0,0.0,0.0,0.0
2024-06-10 07:00:00,31.053,32.7,30.0,0.0,0.0,0.0
2024-06-10 08:00:00,31.062,32.7,30.0,0.7697756126592206,0.3925350958868653,1.6104408241331374
2024-06-10 09:00:00,31.06,32.7,30.0,0.0,0.0,1.1911759390203773
2024-06-10 10:00:00,31.056,32.7,30.0,0.0,0.0,0.0
2024-06-10 11:00:00,31.072000000000003,32.7,30.0,0.0,0.0,0.0
2024-06-10 12:00:00,31.088,32.7,30.0,6.465634448252619,7.093343545500141,11.068909603714987
2024-06-10 13:00:00,31.102,32.7,30.0,0.0,0.0,0.0
2024-06-10 14:00:00,31.08,32.7,30.0,0.0,0.0,0.0
2024-06-10 15:00:00,31.085,32.7,30.0,0.0,0.0,0.0
2024-06-10 16:00:00,31.091,32.7,30.0,0.0,0.0,0.0
2024-06-10 17:00:00,31.087,32.7,30.0,0.0,0.0,0.0
2024-06-10 18:00:00,31.089,32.7,30.0,0.0,0.0,0.0
2024-06-10 19:00:00,31.09,32.7,30.0,0.0,0.0,0.0
2024-06-10 20:00:00,31.008,32.7,30.0,0.0,0.0,0.0
2024-06-10 21:00:00,30.778,32.7,30.0,0.03830350681996129,2.1285442626034112,9.062418922246568
2024-06-10 22:00:00,30.796,32.7,30.0,0.0,0.0,0.0
2024-06-10 23:00:00,30.849,32.7,30.0,0.0,0.0,0.0
2024-06-11 00:00:00,30.916,32.7,30.0,0.0,0.0,0.0
2024-06-11 01:00:00,30.942,32.7,30.0,0.9972648223614217,0.4977440022378573,1.5170709057327607
2024-06-11 02:00:00,30.971,32.7,30.0,0.0,0.0,0.0
2024-06-11 03:00:00,30.996,32.7,30.0,0.0,0.0,0.0
2024-06-11 04:00:00,31.0,32.7,30.0,0.0,0.0,0.0
2024-06-11 05:00:00,31.018,32.7,30.0,0.0,0.0,0.0
2024-06-11 06:00:00,30.988,32.7,30.0,0.007452772984077298,1.307978049036371,0.9216236953531673
2024-06-11 07:00:00,31.0,32.7,30.0,0.0,0.0,0.0
2024-06-11 08:00:00,31.026,32.7,30.0,0.0,0.0,0.0
2024-06-11 09:00:00,31.046,32.7,30.0,0.0,0.0,0.0
2024-06-11 10:00:00,31.028,32.7,30.0,0.0,0.0,0.0
2024-06-11 11:00:00,31.022,32.7,30.0,3.2055562933065023,14.016806129731707,0.341472288344888
2024-06-11 12:00:00,31.003,32.7,30.0,0.0,0.0,0.0
2024-06-11 13:00:00,30.996,32.7,30.0,0.0,0.0,0.0
2024-06-11 14:00:00,31.0,32.7,30.0,0.0,0.0,0.0
2024-06-11 15:00:00,30.993,32.7,30.0,0.0,0.0,0.0
2024-06-11 16:00:00,30.977,32.7,30.0,0.0,0.0,0.0
2024-06-11 17:00:00,30.98,32.7,30.0,0.0,0.0,0.0
2024-06-11 18:00:00,30.979,32.7,30.0,0.0,0.0,0.0
2024-06-11 19:00:00,30.986,32.7,30.0,0.0,0.0,0.0
2024-06-11 20:00:00,31.001,32.7,30.0,1.4510234965760695,0.0,0.0
2024-06-11 21:00:00,31.0,32.7,30.0,0.0,0.0,0.0
2024-06-11 22:00:00,31.008,32.7,30.0,0.0,0.0,0.0
2024-06-11 23:00:00,31.019,32.7,30.0,0.0,0.0,0.0
2024-06-12 00:00:00,31.027,32.7,30.0,0.0,0.0,0.0
2024-06-12 01:00:00,31.033,32.7,30.0,3.262899282530171,1.3735920749987163,2.1821424645128973
2024-06-12 02:00:00,31.039,32.7,30.0,0.0,0.0,0.0
2024-06-12 03:00:00,31.047,32.7,30.0,0.0,0.0,0.0
2024-06-12 04:00:00,31.054,32.7,30.0,1.3332478058736021,0.9721480105655995,10.49851810771912
2024-06-12 05:00:00,31.05,32.7,30.0,1.4254724422913931,3.084706640711973,2.7099586370315123
2024-06-12 06:00:00,31.026,32.7,30.0,0.2789452351108938,0.0,0.0
2024-06-12 07:00:00,30.892,32.7,30.0,0.0,0.0,0.0
2024-06-12 08:00:00,30.904,32.7,30.0,0.0,0.0,0.0
2024-06-12 09:00:00,30.904,32.7,30.0,0.0,0.0,0.0
2024-06-12 10:00:00,30.943,32.7,30.0,0.0,0.0,0.0
2024-06-12 11:00:00,30.979,32.7,30.0,1.1310173101742336,0.0,0.0
2024-06-12 12:00:00,31.001,32.7,30.0,0.5366180073432343,1.8657956426017939,3.2499948682773514
2024-06-12 13:00:00,31.005,32.7,30.0,0.0,0.0,0.0
2024-06-12 14:00:00,31.022,32.7,30.0,0.0,0.0,0.0
2024-06-12 15:00:00,31.029,32.7,30.0,0.14439371369590082,17.063544366291648,0.31076494231688473
2024-06-12 16:00:00,31.038,32.7,30.0,0.0,0.0,0.0
2024-06-12 17:00:00,31.046,32.7,30.0,0.0,0.0,0.0
2024-06-12 18:00:00,31.046,32.7,30.0,3.934382849093769,0.0,0.0
2024-06-12 19:00:00,31.052,32.7,30.0,0.0,0.0,0.0
2024-06-12 20:00:00,31.058,32.7,30.0,0.0,0.0,0.0
2024-06-12 21:00:00,31.059,32.7,30.0,2.9435077602498696,0.0,0.0
2024-06-12 22:00:00,31.063,32.7,30.0,2.422816857473944,2.34320517025255,1.5206177287666875
2024-06-12 23:00:00,31.07,32.7,30.0,0.0,0.0,0.0
2024-06-13 00:00:00,31.083,32.7,30.0,3.4219048001552306,4.74568990975735,5.887745071848517
2024-06-13 01:00:00,31.087,32.7,30.0,0.0,0.0,0.0
2024-06-13 02:00:00,31.085,32.7,30.0,0.0,0.0,0.0
2024-06-13 03:00:00,31.0895,32.7,30.0,0.36564819713321717,1.2735722994397338,0.5775291012047122
2024-06-13 04:00:00,31.094,32.7,30.0,0.0,0.0,0.0
2024-06-13 05:00:00,31.099,32.7,30.0,0.0,0.0,0.0
2024-06-13 06:00:00,31.102,32.7,30.0,0.0,0.0,0.0
2024-06-13 07:00:00,31.107,32.7,30.0,0.3946106302892952,1.8548688955234074,24.525759320248696
2024-06-13 08:00:00,31.108,32.7,30.0,0.0,0.0,0.0
2024-06-13 09:00:00,31.11,32.7,30.0,0.0,0.0,0.0
2024-06-13 10:00:00,31.13,32.7,30.0,0.0,0.0,0.0
2024-06-13 11:00:00,31.121,32.7,30.0,0.5028718299676211,0.7047843816128199,8.374223561834889
2024-06-13 12:00:00,31.105,32.7,30.0,0.0,0.0,0.0
2024-06-13 13:00:00,31.1,32.7,30.0,0.0,0.0,0.0
2024-06-13 14:00:00,31.125,32.7,30.0,0.0,0.0,0.0
2024-06-13 15:00:00,31.106,32.7,30.0,0.5819623104377396,0.9453231084037147,7.837623745696636
2024-06-13 16:00:00,31.105,32.7,30.0,0.0,0.0,0.0
2024-06-13 17:00:00,31.104,32.7,30.0,0.0,0.0,0.0
2024-06-13 18:00:00,30.668,32.7,30.0,0.0,0.0,0.0
2024-06-13 19:00:00,30.539,32.7,30.0,0.0,0.0,0.0
2024-06-13 20:00:00,30.602,32.7,30.0,0.6002011737520089,6.673848366565451,8.390970931324349
2024-06-13 21:00:00,30.622,32.7,30.0,0.0,0.0,0.0
2024-06-13 22:00:00,30.389,32.7,30.0,0.0,2.7266178186796317,0.0
2024-06-13 23:00:00,30.288,32.7,30.0,9.821725380831252,2.483684394330594,0.8576188964838262
2024-06-14 00:00:00,30.353,32.7,30.0,0.0,0.0,0.0
2024-06-14 01:00:00,30.472,32.7,30.0,0.0,0.0,0.0
2024-06-14 02:00:00,30.564,32.7,30.0,0.0,0.0,0.0
2024-06-14 03:00:00,30.653,32.7,30.0,0.0,0.0,0.0
2024-06-14 04:00:00,30.714,32.7,30.0,0.0,0.0,0.0
2024-06-14 05:00:00,30.75,32.7,30.0,0.0,0.0,0.0
2024-06-14 06:00:00,30.788,32.7,30.0,0.0,0.0,0.0
2024-06-14 07:00:00,30.803,32.7,30.0,6.789649818155072,0.08928107197419714,0.5172220026210269
2024-06-14 08:00:00,30.823,32.7,30.0,2.0344084825292215,0.1612309853697838,1.4615048881184105
2024-06-14 09:00:00,30.839,32.7,30.0,1.563864654754847,0.3829575330911974,2.545270900020174
2024-06-14 10:00:00,30.86,32.7,30.0,5.3308965902885985,3.8901085754848754,0.9157424244435591
2024-06-14 11:00:00,30.881,32.7,30.0,6.058383056110317,1.0652342653673104,3.9047812436471974
2024-06-14 12:00:00,30.835,32.7,30.0,0.0,0.0,0.0
2024-06-14 13:00:00,30.75,32.7,30.0,0.0,0.0,0.0
2024-06-14 14:00:00,30.736,32.7,30.0,7.09553747153374,8.675002480437582,0.5554101538218742
2024-06-14 15:00:00,30.734,32.7,30.0,0.0,0.0,0.0
2024-06-14 16:00:00,30.758,32.7,30.0,1.9647318629177262,4.283681096044297,5.6992182804273295
2024-06-14 17:00:00,30.781,32.7,30.0,0.0,0.0,0.0
2024-06-14 18:00:00,30.267,32.7,30.0,0.0,0.0,0.0
2024-06-14 19:00:00,30.009,32.7,30.0,0.0,0.0,0.0
2024-06-14 20:00:00,30.15,32.7,30.0,0.0,0.0,0.0
2024-06-14 21:00:00,30.298,32.7,30.0,0.0,0.0,0.0
2024-06-14 22:00:00,30.392,32.7,30.0,0.0,0.0,0.0
2024-06-14 23:00:00,30.478,32.7,30.0,0.0,0.05709163480994669,0.0
2024-06-15 00:00:00,30.555,32.7,30.0,0.0,0.0,0.0
2024-06-15 01:00:00,30.603,32.7,30.0,0.0,0.0,0.0
2024-06-15 02:00:00,30.629,32.7,30.0,1.7819628568060324,0.0,0.0
2024-06-15 03:00:00,30.66,32.7,30.0,0.19278404304628688,4.96718511779207,10.905874496610858
2024-06-15 04:00:00,30.678,32.7,30.0,0.0,0.0,0.0
2024-06-15 05:00:00,30.69,32.7,30.0,0.4677462448291419,0.0,0.0
2024-06-15 06:00:00,30.709,32.7,30.0,5.163605133835088,0.9079886013442791,0.08823979969681374
2024-06-15 07:00:00,30.732,32.7,30.0,0.0,0.10363392039195514,0.0
2024-06-15 08:00:00,30.736,32.7,30.0,0.0,0.0,0.0
2024-06-15 09:00:00,30.705,32.7,30.0,0.0,0.0,0.0
2024-06-15 10:00:00,30.684,32.7,30.0,0.0,0.0,0.0
2024-06-15 11:00:00,30.666,32.7,30.0,0.0,0.0,3.9949295348934912
2024-06-15 12:00:00,30.65,32.7,30.0,0.0,0.0,0.0
2024-06-15 13:00:00,30.34,32.7,30.0,0.0,0.0,0.0
2024-06-15 14:00:00,29.776,32.7,30.0,0.0,0.0,0.0
2024-06-15 15:00:00,29.803,32.7,30.0,0.0,0.0,0.0
2024-06-15 16:00:00,29.958,32.7,30.0,0.30833638602402835,0.0,0.0
2024-06-15 17:00:00,30.12,32.7,30.0,0.8051054560352143,0.0,0.0
2024-06-15 18:00:00,30.243,32.7,30.0,1.829770254636298,4.146246693333709,12.238320927774517
2024-06-15 19:00:00,30.303,32.7,30.0,0.0,0.0,0.0
2024-06-15 20:00:00,30.356,32.7,30.0,0.0,0.0,0.0
2024-06-15 21:00:00,30.407,32.7,30.0,0.0,0.0,0.0
2024-06-15 22:00:00,30.463,32.7,30.0,0.0,0.0,0.0
2024-06-15 23:00:00,30.501,32.7,30.0,0.0,0.0,0.0
2024-06-16 00:00:00,30.527,32.7,30.0,0.0,0.0,0.0
2024-06-16 01:00:00,30.549,32.7,30.0,0.0,0.0,0.0
2024-06-16 02:00:00,30.572,32.7,30.0,5.869146876392293,0.8304343149634406,0.21932649949610944
2024-06-16 03:00:00,30.567,32.7,30.0,7.310108932532389,0.0,0.0
2024-06-16 04:00:00,30.573,32.7,30.0,0.0,0.0,0.0
2024-06-16 05:00:00,30.55,32.7,30.0,0.0,0.0,0.0
2024-06-16 06:00:00,30.457,32.7,30.0,0.0,0.0,0.0
2024-06-16 07:00:00,30.318,32.7,30.0,0.0,0.0,0.0
2024-06-16 08:00:00,30.308,32.7,30.0,0.0,0.0,0.0
2024-06-16 09:00:00,30.302,32.7,30.0,0.0,0.0,0.0
2024-06-16 10:00:00,30.332,32.7,30.0,0.0,0.0,0.0
2024-06-16 11:00:00,30.349,32.7,30.0,0.0,0.0,1.2798334755547016
2024-06-16 12:00:00,30.304,32.7,30.0,1.1434323439687504,3.6085993520908826,4.90944034005473
2024-06-16 13:00:00,30.272,32.7,30.0,0.0,0.0,0.0
2024-06-16 14:00:00,30.193,32.7,30.0,0.0,0.0,0.0
2024-06-16 15:00:00,30.129,32.7,30.0,0.0,0.0,0.0
2024-06-16 16:00:00,30.076,32.7,30.0,1.8213894968704119,0.8458006365477522,1.167578291659649
2024-06-16 17:00:00,30.097,32.7,30.0,0.0,0.0,0.0
2024-06-16 18:00:00,30.17,32.7,30.0,7.656645861390487,4.6382389473863315,3.945073810170397
2024-06-16 19:00:00,30.171,32.7,30.0,0.0,0.0,0.0
2024-06-16 20:00:00,30.226,32.7,30.0,4.1633211111411255,2.124645255078102,6.018078652526363
2024-06-16 21:00:00,30.283,32.7,30.0,5.833468911374533,6.078947340420666,2.783014871585203
2024-06-16 22:00:00,30.307,32.7,30.0,0.0,3.142202929041127,0.0
2024-06-16 23:00:00,30.323,32.7,30.0,0.0,0.0,0.0
2024-06-17 00:00:00,30.356,32.7,30.0,0.0,0.0,0.0
2024-06-17 01:00:00,30.367,32.7,30.0,0.0,0.0,0.0
2024-06-17 02:00:00,30.403,32.7,30.0,3.197665710169655,20.723466674589496,31.649461727552914
2024-06-17 03:00:00,30.406,32.7,30.0,0.0,0.0,0.0
2024-06-17 04:00:00,30.44,32.7,30.0,0.0,0.0,0.0
2024-06-17 05:00:00,30.451,32.7,30.0,0.6095783828008725,3.9537796183932,7.188029336802321
2024-06-17 06:00:00,30.483,32.7,30.0,0.0,0.0,0.0
2024-06-17 07:00:00,30.485,32.7,30.0,0.5824449702444413,2.757245625820664,2.543389909500289
2024-06-17 08:00:00,30.516,32.7,30.0,0.0,0.0,0.0
2024-06-17 09:00:00,30.519,32.7,30.0,0.0,0.0,0.0
2024-06-17 10:00:00,30.535,32.7,30.0,0.0,3.7626722186442088,0.0
2024-06-17 11:00:00,30.551,32.7,30.0,0.0,0.0,0.0
2024-06-17 12:00:00,30.578,32.7,30.0,0.0,3.3970176323351757,0.0
2024-06-17 13:00:00,30.553,32.7,30.0,0.6448575113097034,3.997912530674389,0.29464183241574016
2024-06-17 14:00:00,30.559,32.7,30.0,2.1911499172348763,0.0,6.199975035127083
2024-06-17 15:00:00,30.566,32.7,30.0,0.0,0.0,0.0
2024-06-17 16:00:00,30.564,32.7,30.0,0.0,0.0,0.0
2024-06-17 17:00:00,30.557,32.7,30.0,0.0,0.0,0.0
2024-06-17 18:00:00,30.548,32.7,30.0,0.0,0.0,0.0
2024-06-17 19:00:00,30.573,32.7,30.0,1.9893253611356592,6.692288129775102,0.5646383249682903
2024-06-17 20:00:00,30.583,32.7,30.0,3.04119119810058,0.3637397028525699,1.2585347758228655
2024-06-17 21:00:00,30.594,32.7,30.0,0.1903432694146551,1.2514300504188978,8.716125359370047
2024-06-17 22:00:00,30.603,32.7,30.0,0.0,0.0,2.1421136372134657
2024-06-17 23:00:00,30.621,32.7,30.0,0.0,0.0,0.0
2024-06-18 00:00:00,30.623,32.7,30.0,0.0,0.0,0.0
2024-06-18 01:00:00,30.645,32.7,30.0,1.0474834634926575,9.30665144774062,0.25973691435001556
2024-06-18 02:00:00,30.637,32.7,30.0,0.0,0.0,0.0
2024-06-18 03:00:00,30.653,32.7,30.0,0.0,0.0,0.0
2024-06-18 04:00:00,30.578,32.7,30.0,6.880190401573731,3.0778695001012855,2.041626091092658
2024-06-18 05:00:00,30.556,32.7,30.0,0.0,0.0,0.0
2024-06-18 06:00:00,30.518,32.7,30.0,0.0,0.0,0.0
2024-06-18 07:00:00,30.511,32.7,30.0,0.0,0.0,0.0
2024-06-18 08:00:00,30.503,32.7,30.0,0.0,0.0,5.230837789977948
2024-06-18 09:00:00,30.488,32.7,30.0,0.0,0.0,0.0
2024-06-18 10:00:00,30.476333333333333,32.7,30.0,0.4310002261131768,0.0,0.0
2024-06-18 11:00:00,30.464666666666666,32.7,30.0,0.0,0.0,0.0
2024-06-18 12:00:00,30.453,32.7,30.0,0.0,0.0,0.0
2024-06-18 13:00:00,30.421,32.7,30.0,0.0,0.0,0.0
2024-06-18 14:00:00,30.419,32.7,30.0,0.0,0.0,0.0
2024-06-18 15:00:00,30.438,32.7,30.0,2.3327401814615496,0.4377500986156524,1.6223630341433046
2024-06-18 16:00:00,30.451,32.7,30.0,1.420346122965493,0.1368481691414795,0.02719538588191635
2024-06-18 17:00:00,30.487,32.7,30.0,0.0,0.0,0.0
2024-06-18 18:00:00,30.498,32.7,30.0,0.0,0.0,0.0
2024-06-18 19:00:00,30.512,32.7,30.0,0.0,0.0,0.0
2024-06-18 20:00:00,30.546,32.7,30.0,0.0,0.0,0.0
2024-06-18 21:00:00,30.586,32.7,30.0,0.0,0.0,0.0
2024-06-18 22:00:00,30.575,32.7,30.0,0.0,0.0,0.0
2024-06-18 23:00:00,30.582,32.7,30.0,0.0,0.0,0.0
2024-06-19 00:00:00,30.599,32.7,30.0,2.9153691693167314,1.8716391936938308,0.3847930733623678
2024-06-19 01:00:00,30.597,32.7,30.0,0.0,0.0,0.0
2024-06-19 02:00:00,30.607,32.7,30.0,0.0,0.0,0.0
2024-06-19 03:00:00,30.59,32.7,30.0,0.053506100107005024,3.138120180758053,6.432258935795809
2024-06-19 04:00:00,30.57,32.7,30.0,0.35345471784665067,4.944413300103447,0.7907657416736394
2024-06-19 05:00:00,30.55,32.7,30.0,0.0,0.0,0.0
2024-06-19 06:00:00,30.441,32.7,30.0,0.0,0.0,0.0
2024-06-19 07:00:00,30.333,32.7,30.0,0.0,0.0,0.0
2024-06-19 08:00:00,30.196,32.7,30.0,0.0,0.0,0.0
2024-06-19 09:00:00,30.051,32.7,30.0,0.0,0.0,0.0
2024-06-19 10:00:00,29.851,32.7,30.0,0.0,0.0,0.0
2024-06-19 11:00:00,29.572,32.7,30.0,0.0,0.0,0.0
2024-06-19 12:00:00,29.521,32.7,30.0,0.0,0.0,0.0
2024-06-19 13:00:00,29.505,32.7,30.0,0.0,0.0,0.0
2024-06-19 14:00:00,29.578,32.7,30.0,0.0,3.1145076450779396,0.0
2024-06-19 15:00:00,29.643,32.7,30.0,0.3835277435075498,2.9452896015531698,0.35286284444951205
2024-06-19 16:00:00,29.72,32.7,30.0,0.0,0.0,0.0
2024-06-19 17:00:00,29.781,32.7,30.0,0.0,0.0,0.0
2024-06-19 18:00:00,29.831,32.7,30.0,0.0,0.0,0.0
2024-06-19 19:00:00,29.841,32.7,30.0,0.0,0.0,0.0
2024-06-19 20:00:00,29.846,32.7,30.0,0.0,0.0,0.0
2024-06-19 21:00:00,29.913,32.7,30.0,0.0,0.0,0.0
2024-06-19 22:00:00,29.96,32.7,30.0,0.0,0.0,0.0
2024-06-19 23:00:00,30.001,32.7,30.0,0.0,0.0,0.0
2024-06-20 00:00:00,30.054,32.7,30.0,2.1719241883714857,2.3625932846661333,0.08382260008091685
2024-06-20 01:00:00,30.088,32.7,30.0,0.0,0.0,0.0
2024-06-20 02:00:00,30.098,32.7,30.0,0.6739873806296433,8.40996862264261,1.8926109756055522
2024-06-20 03:00:00,30.108,32.7,30.0,0.0,0.0,0.0
2024-06-20 04:00:00,30.113,32.7,30.0,1.3324595171100366,5.349506441322563,3.513425425075009
2024-06-20 05:00:00,30.116,32.7,30.0,0.0,0.0,0.0
2024-06-20 06:00:00,30.135,32.7,30.0,0.0,0.0,0.0
2024-06-20 07:00:00,30.136,32.7,30.0,0.0,0.0,0.0
2024-06-20 08:00:00,30.141,32.7,30.0,0.0,0.0,0.0
2024-06-20 09:00:00,30.169,32.7,30.0,5.668043162075463,10.158305140915628,1.6263575462671689
2024-06-20 10:00:00,30.149,32.7,30.0,5.286233171487711,1.4137394302962567,5.313579777919215
2024-06-20 11:00:00,30.181,32.7,30.0,0.2811876757846005,2.2576061829144667,2.4634272856395376
2024-06-20 12:00:00,30.198,32.7,30.0,0.0,0.0,0.0
2024-06-20 13:00:00,30.215,32.7,30.0,0.0,0.0,0.0
2024-06-20 14:00:00,30.228,32.7,30.0,0.0,0.0,0.0
2024-06-20 15:00:00,30.258,32.7,30.0,0.0,0.0,0.0
2024-06-20 16:00:00,30.279,32.7,30.0,0.0,0.0,0.0
2024-06-20 17:00:00,30.295,32.7,30.0,0.0,0.0,0.0
2024-06-20 18:00:00,30.311,32.7,30.0,0.0,0.0,0.0
2024-06-20 19:00:00,30.332,32.7,30.0,5.1943712568528095,3.7457223855587958,0.5543257330119902
2024-06-20 20:00:00,30.367,32.7,30.0,0.4621401391111719,0.16864538680005126,0.08137196442906067
2024-06-20 21:00:00,30.378,32.7,30.0,0.0,0.0,0.0
2024-06-20 22:00:00,30.409,32.7,30.0,0.0,0.0,0.0
2024-06-20 23:00:00,30.432,32.7,30.0,0.0,0.0,0.0
2024-06-21 00:00:00,30.448,32.7,30.0,0.0,0.0,0.0
2024-06-21 01:00:00,30.465,32.7,30.0,0.0,1.9853837353198576,0.0
2024-06-21 02:00:00,30.477,32.7,30.0,1.0391326465814856,3.930171044553519,3.4957121533169944
2024-06-21 03:00:00,30.493,32.7,30.0,0.0,0.0,0.0
2024-06-21 04:00:00,30.493,32.7,30.0,0.0,0.0,0.0
2024-06-21 05:00:00,30.501,32.7,30.0,0.0,0.0,0.0
2024-06-21 06:00:00,30.512999999999998,32.7,30.0,0.6584302465524703,3.292641077159406,0.8722146209246369
2024-06-21 07:00:00,30.525,32.7,30.0,0.0,0.0,0.0
2024-06-21 08:00:00,30.516,32.7,30.0,1.2687096806796976,6.620037754688936,0.7076797507639027
2024-06-21 09:00:00,30.516,32.7,30.0,0.0,0.0,0.0
2024-06-21 10:00:00,30.511,32.7,30.0,0.8339542632445892,1.8612932532217596,3.2087035913481836
2024-06-21 11:00:00,30.513,32.7,30.0,1.1199353398933805,3.4102159368541245,1.6430170366179477
2024-06-21 12:00:00,30.514,32.7,30.0,1.5936602163717906,2.094394433625435,3.022407249450924
2024-06-21 13:00:00,30.52,32.7,30.0,0.0,0.0,3.015376052343219
2024-06-21 14:00:00,30.527,32.7,30.0,0.7850069643456191,0.0,0.0
2024-06-21 15:00:00,30.53,32.7,30.0,0.0,0.0,0.0
2024-06-21 16:00:00,30.549,32.7,30.0,0.0,0.0,0.0
2024-06-21 17:00:00,30.571,32.7,30.0,2.4651424047879553,1.6528650627904482,0.00490928852452076
2024-06-21 18:00:00,30.57,32.7,30.0,4.369102951860434,19.945873262505025,2.0438530200565017
2024-06-21 19:00:00,30.577,32.7,30.0,2.778271502538163,7.2275699575224674,18.09624432090887
2024-06-21 20:00:00,30.592,32.7,30.0,0.0,0.0,0.0
2024-06-21 21:00:00,30.6,32.7,30.0,0.0,0.0,0.0
2024-06-21 22:00:00,30.612,32.7,30.0,0.0,0.0,0.0
2024-06-21 23:00:00,30.616,32.7,30.0,0.6980162665531243,2.100660748216094,0.00010518717264247689
2024-06-22 00:00:00,30.637,32.7,30.0,1.667292201093534,1.5363273078593989,0.05066731858350318
2024-06-22 01:00:00,30.637,32.7,30.0,0.0,0.0,0.0
2024-06-22 02:00:00,30.649,32.7,30.0,0.0,0.0,0.0
2024-06-22 03:00:00,30.648,32.7,30.0,0.0,0.0,0.0
2024-06-22 04:00:00,30.651,32.7,30.0,4.902469379575865,5.2264592780245485,3.7576670460692543
2024-06-22 05:00:00,30.656,32.7,30.0,0.0,0.0,0.0
2024-06-22 06:00:00,30.663,32.7,30.0,0.0,0.0,0.0
2024-06-22 07:00:00,30.67,32.7,30.0,0.0,0.0,0.3184879066409589
2024-06-22 08:00:00,30.683,32.7,30.0,3.7292457414530733,0.0,0.0
2024-06-22 09:00:00,30.68,32.7,30.0,0.0,0.0,0.0
2024-06-22 10:00:00,30.686,32.7,30.0,2.5016034437338464,0.45499180715918736,0.471990682723469
2024-06-22 11:00:00,30.69,32.7,30.0,0.9307973773182578,0.3640388923287649,0.02388123539069322
2024-06-22 12:00:00,30.681,32.7,30.0,0.0,0.0,0.0
2024-06-22 13:00:00,30.691,32.7,30.0,0.0,0.0,0.0
2024-06-22 14:00:00,30.692,32.7,30.0,0.0,0.0,0.0
2024-06-22 15:00:00,30.695,32.7,30.0,0.0,0.0,0.0
2024-06-22 16:00:00,30.722,32.7,30.0,0.3469266476336809,0.13758842616437048,1.1115891425962208
2024-06-22 17:00:00,30.728,32.7,30.0,0.0,0.0,0.0
2024-06-22 18:00:00,30.743,32.7,30.0,0.0,0.0,0.0
2024-06-22 19:00:00,30.748,32.7,30.0,1.0047085617772344,2.1925498075497964,5.197592475469308
2024-06-22 20:00:00,30.756,32.7,30.0,0.0,0.0,0.0
2024-06-22 21:00:00,30.75,32.7,30.0,0.0,0.0,0.0
2024-06-22 22:00:00,30.75,32.7,30.0,9.319892227893837,0.6650987791500788,0.11753903799014452
2024-06-22 23:00:00,30.766,32.7,30.0,0.0,0.0,0.0
2024-06-23 00:00:00,30.769,32.7,30.0,0.0,0.0,0.0
2024-06-23 01:00:00,30.785,32.7,30.0,0.5862034485199963,0.7629646624270469,1.2758247712108086
2024-06-23 02:00:00,30.784,32.7,30.0,0.08359155740470044,0.22365962764844136,1.790070374254064
2024-06-23 03:00:00,30.783,32.7,30.0,0.0,0.0,0.0
2024-06-23 04:00:00,30.795,32.7,30.0,4.975991737853414,1.4867378101639406,1.9639352825669216
2024-06-23 05:00:00,30.796,32.7,30.0,2.1540660994308674,0.24444468371068656,18.555524373561603
2024-06-23 06:00:00,30.805,32.7,30.0,0.0,1.8652980922609406,0.0
2024-06-23 07:00:00,30.808,32.7,30.0,0.0,0.0,0.0
2024-06-23 08:00:00,30.815,32.7,30.0,0.5631330336080966,6.719558720172108,1.7225045084023343
2024-06-23 09:00:00,30.822,32.7,30.0,2.4473176092325692,9.380700069018765,6.100071755078885
2024-06-23 10:00:00,30.824,32.7,30.0,0.0,0.0,0.0
2024-06-23 11:00:00,30.83,32.7,30.0,0.0,0.0,0.0
2024-06-23 12:00:00,30.837,32.7,30.0,2.5896458946374072,2.4496228823051855,4.779370454712038
2024-06-23 13:00:00,30.832,32.7,30.0,0.0,0.0,0.0
2024-06-23 14:00:00,30.834,32.7,30.0,1.2312881459715126,1.5534572914899607,5.625463599159216
2024-06-23 15:00:00,30.831,32.7,30.0,0.0,0.0,0.0
2024-06-23 16:00:00,30.833,32.7,30.0,0.0,0.0,0.0
2024-06-23 17:00:00,30.819,32.7,30.0,3.77983219835978,0.7837457834270276,0.7341956668989832
2024-06-23 18:00:00,30.827,32.7,30.0,0.0,30.465981542729416,0.0
2024-06-23 19:00:00,30.813,32.7,30.0,0.0,0.0,0.38982720051630454
2024-06-23 20:00:00,30.814,32.7,30.0,0.0,0.0,0.0
2024-06-23 21:00:00,30.782,32.7,30.0,0.0,0.9382599587397586,0.0
2024-06-23 22:00:00,30.551,32.7,30.0,0.0,0.0,0.0
2024-06-23 23:00:00,30.511,32.7,30.0,0.0,0.0,0.0
2024-06-24 00:00:00,30.549,32.7,30.0,0.0,0.0,0.0
2024-06-24 01:00:00,30.605,32.7,30.0,0.0,0.0,0.0
2024-06-24 02:00:00,30.614,32.7,30.0,0.0,0.0,0.0
2024-06-24 03:00:00,30.605,32.7,30.0,0.0,0.0,0.0
2024-06-24 04:00:00,30.587,32.7,30.0,0.0,0.0,0.0
2024-06-24 05:00:00,30.565,32.7,30.0,0.0,0.0,0.0
2024-06-24 06:00:00,30.578,32.7,30.0,0.0,0.0,1.0014685323700356
2024-06-24 07:00:00,30.606,32.7,30.0,1.9781494273955509,0.07192234870520811,0.5983251675860104
2024-06-24 08:00:00,30.631,32.7,30.0,0.0,0.0,0.0
2024-06-24 09:00:00,30.659,32.7,30.0,0.0,0.0,0.0
2024-06-24 10:00:00,30.673,32.7,30.0,0.0,0.0,0.0
2024-06-24 11:00:00,30.693,32.7,30.0,0.0,0.0,0.0
2024-06-24 12:00:00,30.705,32.7,30.0,0.0,0.0,0.0
2024-06-24 13:00:00,30.717,32.7,30.0,0.0,0.0,0.0
2024-06-24 14:00:00,30.693,32.7,30.0,0.21602465590737424,9.492357622491419,6.661146543084203
2024-06-24 15:00:00,30.641,32.7,30.0,0.0,0.0,0.0
2024-06-24 16:00:00,30.615,32.7,30.0,0.0,0.0,0.0
2024-06-24 17:00:00,30.619,32.7,30.0,3.203655063828337,1.3121866219486853,0.8292071529456922
2024-06-24 18:00:00,30.632,32.7,30.0,0.0,0.0,0.0
2024-06-24 19:00:00,30.674,32.7,30.0,0.0,0.0,0.0
2024-06-24 20:00:00,30.707,32.7,30.0,0.0,0.0,0.0
2024-06-24 21:00:00,30.722,32.7,30.0,0.0,0.0,0.0
2024-06-24 22:00:00,30.743,32.7,30.0,0.0,0.0,0.0
2024-06-24 23:00:00,30.752,32.7,30.0,0.0,0.0,0.0
2024-06-25 00:00:00,30.764,32.7,30.0,0.0,0.0,0.0
2024-06-25 01:00:00,30.769,32.7,30.0,0.0,0.0,0.0
2024-06-25 02:00:00,30.77,32.7,30.0,0.0,0.0,0.0
2024-06-25 03:00:00,30.767,32.7,30.0,0.0,0.0,0.0
2024-06-25 04:00:00,30.776,32.7,30.0,0.0,0.0,0.0
2024-06-25 05:00:00,30.781,32.7,30.0,0.0,0.0,0.0
2024-06-25 06:00:00,30.784,32.7,30.0,0.0,0.0,0.0
2024-06-25 07:00:00,30.768,32.7,30.0,0.0,0.0,0.0
2024-06-25 08:00:00,30.764,32.7,30.0,0.0,0.0,0.0
2024-06-25 09:00:00,30.744,32.7,30.0,0.0,0.0,0.0
2024-06-25 10:00:00,30.743,32.7,30.0,0.0,0.0,0.0
2024-06-25 11:00:00,30.744,32.7,30.0,0.1565167824592469,17.701770187442488,1.858398267205167
2024-06-25 12:00:00,30.758,32.7,30.0,3.4365574227575446,9.155385521921323,4.508292479341478
2024-06-25 13:00:00,30.767,32.7,30.0,0.0,0.0,0.0
2024-06-25 14:00:00,30.788,32.7,30.0,0.0,0.0,0.0
2024-06-25 15:00:00,30.808,32.7,30.0,0.0,0.0,0.0
2024-06-25 16:00:00,30.813,32.7,30.0,0.0,0.0,0.0
2024-06-25 17:00:00,30.828,32.7,30.0,0.0,0.0,0.0
2024-06-25 18:00:00,30.833,32.7,30.0,0.5461114662425804,0.0,0.0
2024-06-25 19:00:00,30.837,32.7,30.0,0.0,0.0,0.0
2024-06-25 20:00:00,30.842,32.7,30.0,0.1511408471315116,0.9099224965082735,0.39711320385888127
2024-06-25 21:00:00,30.853,32.7,30.0,0.32572529121775645,0.39129591517245277,2.6795209246753875
2024-06-25 22:00:00,30.839,32.7,30.0,0.0,0.0,0.0
2024-06-25 23:00:00,30.79,32.7,30.0,6.174828830237325,1.924139366971147,1.335415448517132
2024-06-26 00:00:00,30.807,32.7,30.0,3.306710167400987,2.3239816851780786,1.7150180121560077
2024-06-26 01:00:00,30.823,32.7,30.0,7.786849821132428,2.8079873695757054,8.12165479689131
2024-06-26 02:00:00,30.835,32.7,30.0,0.0,0.0,0.0
2024-06-26 03:00:00,30.825,32.7,30.0,0.0,0.0,0.0
2024-06-26 04:00:00,30.821,32.7,30.0,1.3454078044476792,0.5243670021654716,1.655808692333041
2024-06-26 05:00:00,30.808,32.7,30.0,12.921918219636773,3.3464309243072723,0.8373485771772984
2024-06-26 06:00:00,30.773,32.7,30.0,0.0,0.0,0.0
2024-06-26 07:00:00,30.755,32.7,30.0,0.0,0.0,0.0
2024-06-26 08:00:00,30.766,32.7,30.0,2.366044709265708,1.000862011004411,1.0060006449804761
2024-06-26 09:00:00,30.78,32.7,30.0,0.0,8.802968353511146,0.0
2024-06-26 10:00:00,30.794,32.7,30.0,0.0,0.0,0.0
2024-06-26 11:00:00,30.8,32.7,30.0,0.0,0.0,2.4304576145505834
2024-06-26 12:00:00,30.807,32.7,30.0,0.0,0.0,0.0
2024-06-26 13:00:00,30.824,32.7,30.0,0.0,0.0,0.0
2024-06-26 14:00:00,30.837,32.7,30.0,0.0,0.0,0.0
2024-06-26 15:00:00,30.856,32.7,30.0,0.0,3.3856559074839288,0.0
2024-06-26 16:00:00,30.854,32.7,30.0,0.024168417853592517,7.736580831341811,0.0
2024-06-26 17:00:00,30.861,32.7,30.0,0.0,0.0,0.0
2024-06-26 18:00:00,30.873,32.7,30.0,0.0,8.537608713477542,0.0
2024-06-26 19:00:00,30.871,32.7,30.0,0.0,0.0,0.0
2024-06-26 20:00:00,30.879,32.7,30.0,0.0,0.0,0.0
2024-06-26 21:00:00,30.889,32.7,30.0,0.0,0.0,0.0
2024-06-26 22:00:00,30.883,32.7,30.0,0.0,0.0,0.0
2024-06-26 23:00:00,30.918,32.7,30.0,3.0270271662401793,5.15281468252558,0.2597532953396947
2024-06-27 00:00:00,30.903,32.7,30.0,0.0,0.0,0.0
2024-06-27 01:00:00,30.912,32.7,30.0,0.16968618736977661,0.14914062254311822,3.841401036142436
2024-06-27 02:00:00,30.912,32.7,30.0,0.0,0.0,0.0
2024-06-27 03:00:00,30.911,32.7,30.0,0.0,0.0,0.0
2024-06-27 04:00:00,30.893,32.7,30.0,0.0,0.0,0.0
2024-06-27 05:00:00,30.864,32.7,30.0,1.9985486023868342,0.0,0.0
2024-06-27 06:00:00,30.811,32.7,30.0,0.0,0.0,0.0
2024-06-27 07:00:00,30.745,32.7,30.0,0.0,0.0,0.0
2024-06-27 08:00:00,30.679,32.7,30.0,0.6312577368808729,0.6200266172232337,1.6549631380137058
2024-06-27 09:00:00,30.638,32.7,30.0,0.0,0.0,0.0
2024-06-27 10:00:00,30.632,32.7,30.0,2.596565858396625,5.223600935375178,1.1931016089791675
2024-06-27 11:00:00,30.649,32.7,30.0,0.0,0.0,0.0
2024-06-27 12:00:00,30.65,32.7,30.0,0.0,0.0,0.0
2024-06-27 13:00:00,30.67,32.7,30.0,0.0,0.0,0.0
2024-06-27 14:00:00,30.703,32.7,30.0,0.0,0.0,0.0
2024-06-27 15:00:00,30.726,32.7,30.0,0.0,0.0,0.0
2024-06-27 16:00:00,30.752,32.7,30.0,0.0,0.0,0.0
2024-06-27 17:00:00,30.759,32.7,30.0,0.0,0.0,0.0
2024-06-27 18:00:00,30.768,32.7,30.0,0.0,0.0,0.0
2024-06-27 19:00:00,30.779,32.7,30.0,0.0,0.0,0.0
2024-06-27 20:00:00,30.784,32.7,30.0,0.0,0.0,0.0
2024-06-27 21:00:00,30.792,32.7,30.0,0.7383683513681267,0.4138246804179515,4.7120196691250325
2024-06-27 22:00:00,30.801,32.7,30.0,0.4314260340097463,0.20402408520848977,6.980616965872591
2024-06-27 23:00:00,30.8,32.7,30.0,1.7750417741204574,9.58369355085176,2.5456435878201527
2024-06-28 00:00:00,30.812,32.7,30.0,0.0,0.0,0.0
2024-06-28 01:00:00,30.822,32.7,30.0,0.4899563252536321,6.023490254081278,2.4619153973984904
2024-06-28 02:00:00,30.832,32.7,30.0,6.01977711389503,1.0386256543453054,0.27519877499324463
2024-06-28 03:00:00,30.837,32.7,30.0,4.945146832817796,0.0,0.0
2024-06-28 04:00:00,30.846,32.7,30.0,1.4938385872577138,0.8831866980304327,0.24068067628486406
2024-06-28 05:00:00,30.845,32.7,30.0,0.0,0.0,0.0
2024-06-28 06:00:00,30.858,32.7,30.0,0.0,0.0,0.0
2024-06-28 07:00:00,30.848,32.7,30.0,0.0,0.0,0.0
2024-06-28 08:00:00,30.847,32.7,30.0,0.0,0.0,1.6324939892184807
2024-06-28 09:00:00,30.823,32.7,30.0,0.0,0.0,0.0
2024-06-28 10:00:00,30.808,32.7,30.0,0.0,0.0,0.0
2024-06-28 11:00:00,30.786,32.7,30.0,0.0,0.0,0.0
2024-06-28 12:00:00,30.799,32.7,30.0,0.07160633571919038,0.0,0.0
2024-06-28 13:00:00,30.802,32.7,30.0,0.0,0.0,0.0
2024-06-28 14:00:00,30.819,32.7,30.0,0.0,0.0,0.0
2024-06-28 15:00:00,30.814,32.7,30.0,21.82586777287637,1.7673502917764004,9.422958221526988
2024-06-28 16:00:00,30.816,32.7,30.0,0.0,0.0,0.0
2024-06-28 17:00:00,30.83,32.7,30.0,0.5719667813325738,1.7500723361794333,0.37769620589816977
2024-06-28 18:00:00,30.842,32.7,30.0,0.0,0.0,0.0
2024-06-28 19:00:00,30.851,32.7,30.0,0.9181618307266854,0.0,0.0
2024-06-28 20:00:00,30.859,32.7,30.0,0.0,0.0,0.0
2024-06-28 21:00:00,30.867,32.7,30.0,0.0,0.0,15.994590768831241
2024-06-28 22:00:00,30.867,32.7,30.0,0.0,0.0,0.0
2024-06-28 23:00:00,30.879,32.7,30.0,0.023228559054595713,22.810486910301776,0.06682253996250699
2024-06-29 00:00:00,30.881,32.7,30.0,7.577600147277731,0.3365409153868349,7.94282137795841
2024-06-29 01:00:00,30.885,32.7,30.0,0.0,0.0,0.0
2024-06-29 02:00:00,30.887,32.7,30.0,1.639547914788942,2.6705943784395547,2.766789882220748
2024-06-29 03:00:00,30.881,32.7,30.0,0.0,0.0,0.0
2024-06-29 04:00:00,30.872,32.7,30.0,3.756345154473908,0.01195342839939624,0.5549012470804143
2024-06-29 05:00:00,30.856,32.7,30.0,0.0,0.0,0.0
2024-06-29 06:00:00,30.813,32.7,30.0,0.0,0.0,0.37347545492428874
2024-06-29 07:00:00,30.742,32.7,30.0,0.0,0.0,0.0
2024-06-29 08:00:00,30.624,32.7,30.0,0.5200221938221065,0.842311289331633,0.47867478240303146
2024-06-29 09:00:00,30.398,32.7,30.0,0.0,0.0,0.0
2024-06-29 10:00:00,30.058,32.7,30.0,0.0,0.0,0.0
2024-06-29 11:00:00,29.687,32.7,30.0,0.7223289435911707,0.0,0.0
2024-06-29 12:00:00,29.326,32.7,30.0,0.0,0.0,0.0
2024-06-29 13:00:00,29.165,32.7,30.0,0.0,0.0,0.0
2024-06-29 14:00:00,29.095,32.7,30.0,0.0,0.0,0.0
2024-06-29 15:00:00,29.207,32.7,30.0,0.0,0.0,0.0
2024-06-29 16:00:00,29.199,32.7,30.0,0.0,0.0,0.0
2024-06-29 17:00:00,29.331,32.7,30.0,0.37294808110530464,8.629481578281391,7.290018839057106
2024-06-29 18:00:00,29.449,32.7,30.0,0.0,0.0,0.0
2024-06-29 19:00:00,29.571,32.7,30.0,0.0,0.0,0.0
2024-06-29 20:00:00,29.624,32.7,30.0,0.0,0.0,0.0
2024-06-29 21:00:00,29.641,32.7,30.0,0.0,0.0,0.0
2024-06-29 22:00:00,29.682,32.7,30.0,0.0,0.0,0.0
2024-06-29 23:00:00,29.631,32.7,30.0,0.0,0.0,0.0
2024-06-30 00:00:00,29.391,32.7,30.0,1.1728147543639087,0.5881308611179555,0.007165494838493906
2024-06-30 01:00:00,29.315,32.7,30.0,0.0,0.0,0.0
2024-06-30 02:00:00,29.346,32.7,30.0,0.0,0.0,0.0
2024-06-30 03:00:00,29.408,32.7,30.0,0.0,0.0,0.0
2024-06-30 04:00:00,29.456,32.7,30.0,0.06051738639319822,0.0,1.0214093378915243
2024-06-30 05:00:00,29.447,32.7,30.0,0.6438594608911304,1.2270417583355324,4.953902462497805
2024-06-30 06:00:00,29.389,32.7,30.0,0.0,0.0,0.0
2024-06-30 07:00:00,29.393,32.7,30.0,0.0,0.0,0.0
2024-06-30 08:00:00,29.241,32.7,30.0,0.0,0.0,0.0
2024-06-30 09:00:00,29.111,32.7,30.0,0.09616866039329769,2.8880903394501645,6.6458780749568875
2024-06-30 10:00:00,29.099,32.7,30.0,0.0,0.0,0.0
2024-06-30 11:00:00,29.114,32.7,30.0,4.369597035567315,0.7500627096090413,2.1448504975696707
2024-06-30 12:00:00,29.133,32.7,30.0,0.0,0.0,0.0
2024-06-30 13:00:00,29.149,32.7,30.0,0.0,0.0,0.0
2024-06-30 14:00:00,29.247,32.7,30.0,0.0,1.2536327133092708,0.0
2024-06-30 15:00:00,29.303,32.7,30.0,0.6524288399276122,2.367692579501452,2.3287263040343498
2024-06-30 16:00:00,29.397,32.7,30.0,0.0,0.0,0.0
2024-06-30 17:00:00,29.449,32.7,30.0,0.01645795156311107,3.0681815388333162,0.4209001336534079
2024-06-30 18:00:00,29.506,32.7,30.0,0.0,0.0,0.0
2024-06-30 19:00:00,29.55,32.7,30.0,0.0,0.0,1.224055798759982
2024-06-30 20:00:00,29.592,32.7,30.0,1.0833534752573295,2.2314334769551403,0.15745788689827972
2024-06-30 21:00:00,29.51,32.7,30.0,0.0,0.0,0.0
2024-06-30 22:00:00,29.47,32.7,30.0,0.0,0.0,0.0
2024-06-30 23:00:00,29.194,32.7,30.0,0.0,0.0,0.0
2024-07-01 00:00:00,28.826,32.7,30.0,1.612794475530929,0.0,0.0
2024-07-01 01:00:00,28.468,32.7,30.0,0.0,0.0,0.0
2024-07-01 02:00:00,28.177,32.7,30.0,0.0,0.0,0.0
2024-07-01 03:00:00,28.104,32.7,30.0,0.0,0.0,0.0
2024-07-01 04:00:00,28.254,32.7,30.0,0.0,0.0,0.0
2024-07-01 05:00:00,28.437,32.7,30.0,0.0,0.0,0.0
2024-07-01 06:00:00,28.625,32.7,30.0,4.33460294451715,1.3361810412639288,2.3236749845333433
2024-07-01 07:00:00,28.764,32.7,30.0,0.0,0.0,0.0
2024-07-01 08:00:00,28.846,32.7,30.0,0.0,0.0,0.0
2024-07-01 09:00:00,28.939,32.7,30.0,0.0,0.0,0.0
2024-07-01 10:00:00,29.032,32.7,30.0,6.208693120430128,1.8825204449211623,1.0102238737866245
2024-07-01 11:00:00,29.003,32.7,30.0,0.0,0.0,0.0
2024-07-01 12:00:00,28.899,32.7,30.0,0.0,0.0,0.0
2024-07-01 13:00:00,28.897,32.7,30.0,0.0,0.0,0.0
2024-07-01 14:00:00,29.089,32.7,30.0,0.0,0.0,0.0
2024-07-01 15:00:00,28.936,32.7,30.0,0.0,0.0,0.0
2024-07-01 16:00:00,28.864,32.7,30.0,2.491101596372239,0.762660097701903,17.22699201194542
2024-07-01 17:00:00,28.94,32.7,30.0,0.0,0.0,0.0
2024-07-01 18:00:00,28.992,32.7,30.0,0.6093611582219138,0.35826617048428755,8.54670993147616
2024-07-01 19:00:00,29.093,32.7,30.0,0.0,0.0,0.0
2024-07-01 20:00:00,28.96,32.7,30.0,0.0,0.0,0.0
2024-07-01 21:00:00,28.885,32.7,30.0,0.0,0.0,0.0
2024-07-01 22:00:00,28.877,32.7,30.0,0.0,0.0,0.0
2024-07-01 23:00:00,28.927,32.7,30.0,3.3205321568544655,0.917982376118949,0.19929275350739825
2024-07-02 00:00:00,29.102,32.7,30.0,5.27426108131615,1.9586889907108913,11.152793788316671
2024-07-02 01:00:00,29.186,32.7,30.0,0.6327681668332171,0.44372922906098666,5.380025572895957
2024-07-02 02:00:00,29.217,32.7,30.0,1.3935657073467842,1.9539406639441175,4.452316030186681
2024-07-02 03:00:00,29.294,32.7,30.0,0.0,0.0,0.0
2024-07-02 04:00:00,29.307,32.7,30.0,0.0,0.0,0.0
2024-07-02 05:00:00,29.362,32.7,30.0,6.069278737095835,5.364494680012411,5.005575001873049
2024-07-02 06:00:00,29.462,32.7,30.0,0.0,0.0,0.0
2024-07-02 07:00:00,29.52,32.7,30.0,0.0,0.0,0.0
2024-07-02 08:00:00,29.479,32.7,30.0,7.666448687458705,8.315820912151775,5.188136668698487
2024-07-02 09:00:00,29.471,32.7,30.0,0.0,0.0,0.0
2024-07-02 10:00:00,29.606,32.7,30.0,0.0,0.0,0.0
2024-07-02 11:00:00,29.539,32.7,30.0,0.0,0.0,0.0
2024-07-02 12:00:00,29.592,32.7,30.0,0.0,0.0,0.0
2024-07-02 13:00:00,29.599,32.7,30.0,0.0,0.0,0.0
2024-07-02 14:00:00,29.665,32.7,30.0,0.0,0.0,0.0
2024-07-02 15:00:00,29.564,32.7,30.0,0.0,0.0,0.0
2024-07-02 16:00:00,29.684,32.7,30.0,0.0,0.0,1.224552915572088
2024-07-02 17:00:00,29.619,32.7,30.0,2.0668394600207765,3.4998085751590464,0.09100218222938297
2024-07-02 18:00:00,29.691,32.7,30.0,0.0,0.0,0.0
2024-07-02 19:00:00,29.758,32.7,30.0,4.386262858045759,8.97191221801142,2.8032033570483454
2024-07-02 20:00:00,29.725,32.7,30.0,0.0,0.0,0.0
2024-07-02 21:00:00,29.747,32.7,30.0,0.0,0.0,0.0
2024-07-02 22:00:00,29.78,32.7,30.0,0.0,0.0,0.0
2024-07-02 23:00:00,29.811,32.7,30.0,0.0,0.0,0.0
2024-07-03 00:00:00,29.738,32.7,30.0,0.0,0.0,0.0
2024-07-03 01:00:00,29.704,32.7,30.0,6.537990000431761,2.830849062817243,2.3000070841960163
2024-07-03 02:00:00,29.734,32.7,30.0,0.0,0.0,0.0
2024-07-03 03:00:00,29.736,32.7,30.0,0.0,0.0,0.0
2024-07-03 04:00:00,29.705,32.7,30.0,0.0,0.0,0.0
2024-07-03 05:00:00,29.788,32.7,30.0,1.784345476111685,0.08700145228973237,0.41939148574291407
2024-07-03 06:00:00,29.758,32.7,30.0,0.0,0.0,0.0
2024-07-03 07:00:00,29.778,32.7,30.0,0.0,0.0,0.0
2024-07-03 08:00:00,29.844,32.7,30.0,0.0,0.0,0.0
2024-07-03 09:00:00,29.799,32.7,30.0,11.584922625655832,1.17013067398583,17.117293327443587
2024-07-03 10:00:00,29.891,32.7,30.0,1.5012846020986517,21.77471261159553,1.427193760798149
2024-07-03 11:00:00,29.914,32.7,30.0,0.0,0.0,0.0
2024-07-03 12:00:00,29.971,32.7,30.0,3.2272585720084077,0.0,0.0
2024-07-03 13:00:00,29.971,32.7,30.0,3.078089142603359,0.0,0.0
2024-07-03 14:00:00,29.983,32.7,30.0,3.1347306723348507,0.0,0.0
2024-07-03 15:00:00,29.979,32.7,30.0,5.64569527210762,2.560904521802268,16.352668383761962
2024-07-03 16:00:00,29.955,32.7,30.0,0.0,0.0,0.0
2024-07-03 17:00:00,29.943,32.7,30.0,0.0,0.0,0.0
2024-07-03 18:00:00,30.016,32.7,30.0,0.0,0.0,0.0
2024-07-03 19:00:00,29.998,32.7,30.0,0.0,0.0,0.0
2024-07-03 20:00:00,30.004,32.7,30.0,0.0,0.0,0.0
2024-07-03 21:00:00,30.033,32.7,30.0,1.1146149577697155,1.233155087172376,0.7400957266856777
2024-07-03 22:00:00,29.951,32.7,30.0,3.3021097500837526,3.145517722168085,0.7058581494670683
2024-07-03 23:00:00,29.970200000000002,32.7,30.0,0.0,0.0,0.0
2024-07-04 00:00:00,29.9894,32.7,30.0,8.707148619030486,3.478508452137575,3.9945863605500946
2024-07-04 01:00:00,30.0086,32.7,30.0,0.0,0.0,0.0
2024-07-04 02:00:00,30.0278,32.7,30.0,0.0,0.0,0.0
2024-07-04 03:00:00,30.047,32.7,30.0,0.0,0.0,0.0
2024-07-04 04:00:00,30.056,32.7,30.0,0.0,0.0,0.0
2024-07-04 05:00:00,30.097,32.7,30.0,0.0,0.0,0.0
2024-07-04 06:00:00,30.096,32.7,30.0,2.257367367297207,0.7655057856233031,2.812121227458238
2024-07-04 07:00:00,30.113,32.7,30.0,0.0,0.0,0.0
2024-07-04 08:00:00,30.144,32.7,30.0,1.032361008713297,3.852365210768234,0.45614813145856276
2024-07-04 09:00:00,30.175,32.7,30.0,3.385564901588296,5.284858403384676,0.5258669002903318
2024-07-04 10:00:00,30.189,32.7,30.0,0.0,0.0,2.6631824955828503
2024-07-04 11:00:00,30.191,32.7,30.0,1.3310853923327466,4.797666537900412,0.0031235054171308233
2024-07-04 12:00:00,30.208,32.7,30.0,0.0,0.0,0.0
2024-07-04 13:00:00,30.245,32.7,30.0,19.779952064653077,0.0,0.0
2024-07-04 14:00:00,30.282,32.7,30.0,0.0,0.0,0.0
2024-07-04 15:00:00,30.313,32.7,30.0,1.3344436409484999,0.05228428829521704,0.2408243566979306
2024-07-04 16:00:00,30.365,32.7,30.0,0.0,0.0,0.0
2024-07-04 17:00:00,30.365,32.7,30.0,0.0,0.0,0.0
2024-07-04 18:00:00,30.342,32.7,30.0,0.0,0.0,0.0
2024-07-04 19:00:00,30.328,32.7,30.0,0.0,0.0,0.0
2024-07-04 20:00:00,30.287,32.7,30.0,0.0,0.0,0.0
2024-07-04 21:00:00,30.287,32.7,30.0,0.0,0.0,0.0
2024-07-04 22:00:00,30.188,32.7,30.0,0.0,0.0,0.0
2024-07-04 23:00:00,30.13,32.7,30.0,0.0,5.824439561948447,0.0
2024-07-05 00:00:00,30.071,32.7,30.0,0.0,0.0,0.0
2024-07-05 01:00:00,30.016,32.7,30.0,0.0,0.0,0.0
2024-07-05 02:00:00,30.024,32.7,30.0,0.0,0.0,0.0
2024-07-05 03:00:00,29.926,32.7,30.0,0.0,0.0,0.0
2024-07-05 04:00:00,29.955,32.724000000000004,30.0,6.105683774699058,0.6453398389414211,1.9424213241868502
2024-07-05 05:00:00,29.765,32.7,30.0,0.0,0.0,0.0
2024-07-05 06:00:00,29.563,32.7,30.0,3.2811826081719095,23.04893739255303,2.2663903494181814
2024-07-05 07:00:00,29.319,32.7,30.0,2.606377463058788,0.8810093096116502,1.8894701677082357
2024-07-05 08:00:00,29.4,32.7,30.0,0.9674002853634833,1.5257911704256624,1.0539571948675803
2024-07-05 09:00:00,29.407,32.7,30.0,4.686923621510524,0.8774291695303114,0.23115529275441976
2024-07-05 10:00:00,29.502,32.7,30.0,0.9356149285503355,1.781192200677348,4.206270097239429
2024-07-05 11:00:00,29.5,32.7,30.0,0.0,0.0,0.0
2024-07-05 12:00:00,29.552,32.7,30.0,0.21653511499919406,2.253181707327654,2.590925961861675
2024-07-05 13:00:00,29.632,32.7,30.0,0.0,0.0,0.0
2024-07-05 14:00:00,29.664333333333335,32.7,30.0,0.0,0.0,0.0
2024-07-05 15:00:00,29.696666666666665,32.7,30.0,0.0,0.0,0.0
2024-07-05 16:00:00,29.729,32.7,30.0,0.23300014942669622,4.0932157099266515,4.175905547963237
2024-07-05 17:00:00,29.752,32.7,30.0,0.0,0.0,0.0
2024-07-05 18:00:00,29.778,32.7,30.0,0.0,0.0,0.0
2024-07-05 19:00:00,29.791,32.7,30.0,0.0,0.0,0.0
2024-07-05 20:00:00,29.838,32.7,30.0,0.0,0.0,0.0
2024-07-05 21:00:00,29.896,32.7,30.0,0.0,0.0,0.0
2024-07-05 22:00:00,29.795,32.7,30.0,0.0,0.0,0.0
2024-07-05 23:00:00,29.815,32.7,30.0,5.473740450453812,0.8269620405252678,1.1843323897709095
2024-07-06 00:00:00,29.84,32.7,30.0,0.0,0.0,0.0
2024-07-06 01:00:00,29.818,32.7,30.0,0.10063304361732714,0.14137117598586904,12.445884377313245
2024-07-06 02:00:00,29.825,32.7,30.0,3.717639201922222,1.7544795950151897,5.015321367753096
2024-07-06 03:00:00,29.84,32.7,30.0,0.0,0.0,0.0
2024-07-06 04:00:00,29.852,32.7,30.0,4.559855971589135,0.5756018835113575,0.22298427945113072
2024-07-06 05:00:00,29.826,32.7,30.0,0.0,0.0,0.0
2024-07-06 06:00:00,29.809,32.7,30.0,0.0,0.0,0.0
2024-07-06 07:00:00,29.811,32.7,30.0,0.0,0.0,0.0
2024-07-06 08:00:00,29.828,32.7,30.0,9.763577628083095,3.1230939037343712,7.920723298609669
2024-07-06 09:00:00,29.809,32.7,30.0,0.0,0.0,0.0
2024-07-06 10:00:00,29.816,32.7,30.0,0.0,0.0,0.0
2024-07-06 11:00:00,29.83,32.7,30.0,0.0,0.0,0.0
2024-07-06 12:00:00,29.824,32.7,30.0,0.1878967497230124,0.830933407279819,0.3590099143330364
2024-07-06 13:00:00,29.702,32.7,30.0,2.4084247972118504,7.186764994845403,6.90618853009727
2024-07-06 14:00:00,29.545,32.7,30.0,0.0,0.0,0.0
2024-07-06 15:00:00,29.561,32.7,30.0,0.0,0.0,0.0
2024-07-06 16:00:00,29.652,32.7,30.0,0.0,0.0,0.0
2024-07-06 17:00:00,29.701,32.7,30.0,0.0,0.0,0.0
2024-07-06 18:00:00,29.719,32.7,30.0,0.4088635252857809,0.0,0.0
2024-07-06 19:00:00,29.762,32.7,30.0,0.0,0.0,0.17378568475955586
2024-07-06 20:00:00,29.711,32.7,30.0,0.0,0.0,0.0
2024-07-06 21:00:00,29.744,32.7,30.0,0.0,0.0,0.0
2024-07-06 22:00:00,29.72,32.7,30.0,0.0,0.0,0.0
2024-07-06 23:00:00,29.781,32.7,30.0,0.0,0.0,0.0
2024-07-07 00:00:00,29.762,32.7,30.0,0.0,0.0,0.0
2024-07-07 01:00:00,29.809,32.7,30.0,0.0,0.0,0.0
2024-07-07 02:00:00,29.811,32.7,30.0,0.09753121825184462,2.8672582668959623,1.6456189198525075
2024-07-07 03:00:00,29.855,32.7,30.0,0.0,0.0,0.0
2024-07-07 04:00:00,29.914,32.7,30.0,0.0,0.0,0.0
2024-07-07 05:00:00,29.859,32.7,30.0,10.681679445468005,0.074061683692751,1.693931120717447
2024-07-07 06:00:00,29.887,32.7,30.0,0.0,0.0,0.0
2024-07-07 07:00:00,29.876,32.7,30.0,0.0,0.0,0.0
2024-07-07 08:00:00,29.937,32.7,30.0,0.0,0.0,0.0
2024-07-07 09:00:00,29.969,32.7,30.0,0.0,0.0,0.0
2024-07-07 10:00:00,29.96,32.7,30.0,2.9997657049057573,1.928636319040341,26.663768696504455
2024-07-07 11:00:00,29.967,32.7,30.0,0.0,0.0,0.0
2024-07-07 12:00:00,29.986,32.7,30.0,0.0,0.0,0.0
2024-07-07 13:00:00,29.99,32.7,30.0,0.0,0.0,0.0
2024-07-07 14:00:00,30.034,32.7,30.0,0.0,0.0,0.0
2024-07-07 15:00:00,30.027,32.7,30.0,0.007641005050989641,3.7300945789289637,0.3390536101972049
2024-07-07 16:00:00,29.988,32.7,30.0,0.0,0.0,0.0
2024-07-07 17:00:00,29.987,32.7,30.0,0.0,0.0,0.0
2024-07-07 18:00:00,29.959,32.7,30.0,0.0,0.0,0.0
2024-07-07 19:00:00,30.004,32.7,30.0,0.0,0.0,0.0
2024-07-07 20:00:00,30.003,32.7,30.0,0.2206877899833865,0.0025466538476791624,1.214663401391846
2024-07-07 21:00:00,30.059,32.7,30.0,0.0,0.0,0.0
2024-07-07 22:00:00,30.083,32.7,30.0,0.0,0.0,0.0
2024-07-07 23:00:00,30.084,32.7,30.0,1.0561100769286509,1.3004108122883435,0.5543758532062356
2024-07-08 00:00:00,30.087,32.7,30.0,0.4185844492723584,19.49261182604806,1.4464396972838616
2024-07-08 01:00:00,30.088,32.7,30.0,0.0,0.0,0.0
2024-07-08 02:00:00,30.102,32.7,30.0,0.8192676529360704,1.3607249839850262,1.9634712530246723
2024-07-08 03:00:00,30.09,32.7,30.0,0.1489013336929902,9.459474777260052,2.1803785569870016
2024-07-08 04:00:00,30.068,32.7,30.0,0.0,0.0,0.0
2024-07-08 05:00:00,30.089,32.7,30.0,2.9662312266536732,8.86791690631007,1.9060740365703972
2024-07-08 06:00:00,30.086,32.7,30.0,0.0,0.0,0.0
2024-07-08 07:00:00,30.09,32.7,30.0,0.47325001471951156,0.047753510263476635,0.5117658863385897
2024-07-08 08:00:00,30.105,32.7,30.0,0.0,0.0,0.0
2024-07-08 09:00:00,30.097,32.7,30.0,0.0,0.0,0.47275479149923283
2024-07-08 10:00:00,30.058,32.7,30.0,0.0,0.0,0.0
2024-07-08 11:00:00,30.053,32.7,30.0,0.0,0.0,0.0
2024-07-08 12:00:00,30.053,32.7,30.0,0.0,0.0,0.0
2024-07-08 13:00:00,30.135,32.7,30.0,1.038960566693575,8.340060240767782,3.7107189078172187
2024-07-08 14:00:00,30.129,32.7,30.0,0.0,0.0,0.0
2024-07-08 15:00:00,30.13,32.7,30.0,0.0,0.0,0.0
2024-07-08 16:00:00,30.134,32.7,30.0,4.774604002540391,25.205483606185222,0.3365173472575281
2024-07-08 17:00:00,30.134500000000003,32.7,30.0,5.373020383749089,1.078164008179441,1.1689106156170255
2024-07-08 18:00:00,30.135,32.7,30.0,1.6132855666919501,1.2676795494302022,0.0395410421086071
2024-07-08 19:00:00,30.182,32.7,30.0,0.0,0.0,0.0
2024-07-08 20:00:00,30.153,32.7,30.0,0.0,0.0,0.0
2024-07-08 21:00:00,30.184,32.7,30.0,0.0,0.0,0.0
2024-07-08 22:00:00,30.182,32.7,30.0,1.8549436994880928,0.0,0.0
2024-07-08 23:00:00,30.19,32.7,30.0,0.0,0.0,0.0
2024-07-09 00:00:00,30.185,32.7,30.0,0.0,0.0,0.0
2024-07-09 01:00:00,30.181,32.7,30.0,0.0,0.0,0.0
2024-07-09 02:00:00,30.232,32.7,30.0,0.0,0.0,0.0
2024-07-09 03:00:00,30.238,32.7,30.0,0.48797495940014335,0.31683295639187525,0.01240996284617504
2024-07-09 04:00:00,30.196,32.7,30.0,0.0,0.0,0.0
2024-07-09 05:00:00,30.168,32.7,30.0,0.0,0.0,0.0
2024-07-09 06:00:00,30.241,32.7,30.0,2.223231276517792,0.8391990874667736,2.7307914605435815
2024-07-09 07:00:00,30.233,32.7,30.0,0.0,0.0,0.0
2024-07-09 08:00:00,30.195,32.7,30.0,3.3509107033527648,3.368635019866051,1.2906187744766553
2024-07-09 09:00:00,30.194,32.7,30.0,0.0,0.0,0.0
2024-07-09 10:00:00,30.152,32.7,30.0,0.39140542385475363,0.08465970224018912,6.656699795821408
2024-07-09 11:00:00,30.163,32.7,30.0,1.8370034762342837,9.226639363438123,6.0810778360712865
2024-07-09 12:00:00,30.175,32.7,30.0,0.28162837627466347,0.0,0.0
2024-07-09 13:00:00,30.109,32.7,30.0,0.0,0.0,0.0
2024-07-09 14:00:00,30.138,32.7,30.0,0.0,0.0,0.0
2024-07-09 15:00:00,30.112,32.7,30.0,0.0,0.0,0.0
2024-07-09 16:00:00,30.115,32.7,30.0,0.0,0.0,0.0
2024-07-09 17:00:00,30.116,32.7,30.0,0.9791508993899647,0.0,0.0
2024-07-09 18:00:00,30.141,32.7,30.0,0.0,0.0,0.0
2024-07-09 19:00:00,30.124,32.7,30.0,2.1872173648466147,3.9333042142485852,2.5273692492787907
2024-07-09 20:00:00,30.169,32.7,30.0,0.0,0.0,0.0
2024-07-09 21:00:00,30.137,32.7,30.0,0.0,0.0,0.0
2024-07-09 22:00:00,30.14,32.7,30.0,0.0,0.0,0.0
2024-07-09 23:00:00,30.129,32.7,30.0,0.0,0.0,0.0
2024-07-10 00:00:00,30.156,32.7,30.0,0.0,0.0,0.0
2024-07-10 01:00:00,30.136,32.7,30.0,2.098621484779997,1.1063212943582734,2.657231800677093
2024-07-10 02:00:00,30.158,32.7,30.0,0.0,0.0,0.0
2024-07-10 03:00:00,30.161,32.7,30.0,0.0,0.0,0.0
2024-07-10 04:00:00,30.149,32.7,30.0,0.25446729646395577,10.977396547362488,2.701408998234582
2024-07-10 05:00:00,30.176,32.7,30.0,0.0,0.0,0.0
2024-07-10 06:00:00,30.175,32.7,30.0,0.0,0.0,0.0
2024-07-10 07:00:00,30.186,32.7,30.0,0.0,0.0,0.0
2024-07-10 08:00:00,30.19,32.7,30.0,0.0,0.0,0.0
2024-07-10 09:00:00,30.225,32.7,30.0,0.0,0.0,0.0
2024-07-10 10:00:00,30.19,32.7,30.0,0.0,0.0,0.0
2024-07-10 11:00:00,30.191,32.7,30.0,0.0,0.0,0.0
2024-07-10 12:00:00,30.245,32.7,30.0,0.0,0.0,0.0
2024-07-10 13:00:00,30.218,32.7,30.0,0.0,0.0,0.0
2024-07-10 14:00:00,30.216,32.7,30.0,0.0,0.0,0.0
2024-07-10 15:00:00,30.238,32.7,30.0,0.0,0.0,0.0
2024-07-10 16:00:00,30.235,32.7,30.0,0.0,0.0,0.0
2024-07-10 17:00:00,30.225,32.7,30.0,0.0,0.0,0.0
2024-07-10 18:00:00,30.23,32.7,30.0,0.0,0.0,0.0
2024-07-10 19:00:00,30.265,32.7,30.0,7.731655525055842,1.1582169069136201,2.454136741696269
2024-07-10 20:00:00,30.253,32.7,30.0,5.26534999936395,1.891799626881221,1.8325557493299074
2024-07-10 21:00:00,30.245,32.7,30.0,0.0,0.0,0.0
2024-07-10 22:00:00,30.248,32.7,30.0,1.842438543417848,13.318491944563762,2.514204419811834
2024-07-10 23:00:00,30.263,32.7,30.0,2.1715976756592434,3.476466202223037,0.13624839065267694
2024-07-11 00:00:00,30.272,32.7,30.0,3.357230435298478,9.861915331622392,3.768300287646632
2024-07-11 01:00:00,30.293,32.7,30.0,0.0,0.0,0.0
2024-07-11 02:00:00,30.269,32.7,30.0,0.0,0.0,0.0
2024-07-11 03:00:00,30.277,32.7,30.0,11.395619763184957,1.2462349511577422,8.374273884270405
2024-07-11 04:00:00,30.278,32.7,30.0,3.0520856634798488,5.6987274534359456,3.252405723929653
2024-07-11 05:00:00,30.284,32.7,30.0,0.0,0.0,0.0
2024-07-11 06:00:00,30.272,32.7,30.0,0.0,2.293546848084845,0.0
2024-07-11 07:00:00,30.292,32.7,30.0,5.707075812957148,1.2513626032672172,1.550931425885043
2024-07-11 08:00:00,30.299,32.7,30.0,0.0,0.0,0.0
2024-07-11 09:00:00,30.245,32.7,30.0,0.0,0.0,1.0075762210307684
2024-07-11 10:00:00,30.236,32.7,30.0,0.0,0.0,0.0
2024-07-11 11:00:00,30.226,32.7,30.0,8.373045835980673,2.6921385655456844,2.047476145162447
2024-07-11 12:00:00,30.25,32.7,30.0,0.0,0.0,0.0
2024-07-11 13:00:00,30.25375,32.7,30.0,0.920057941674145,2.705283488784336,1.3375179133999622
2024-07-11 14:00:00,30.2575,32.7,30.0,0.0,0.0,0.0
2024-07-11 15:00:00,30.26125,32.7,30.0,0.0,0.0,0.0
2024-07-11 16:00:00,30.265,32.7,30.0,0.0,0.0,0.0
2024-07-11 17:00:00,30.26875,32.7,30.0,0.0,0.0,0.0
2024-07-11 18:00:00,30.2725,32.7,30.0,0.0,0.0,0.0
2024-07-11 19:00:00,30.27625,32.7,30.0,0.0,0.0,0.0
2024-07-11 20:00:00,30.28,32.7,30.0,0.0,0.0,0.0
2024-07-11 21:00:00,30.28375,32.7,30.0,0.0,0.0,0.0
2024-07-11 22:00:00,30.2875,32.7,30.0,0.0,0.0,0.0
2024-07-11 23:00:00,30.29125,32.7,30.0,0.5921365070569876,2.1447674221134694,1.606524507876005
2024-07-12 00:00:00,30.295,32.7,30.0,0.0,0.0,0.0
2024-07-12 01:00:00,30.28,32.7,30.0,0.0,0.0,2.319109863791831
2024-07-12 02:00:00,30.308,32.7,30.0,0.0,0.0,0.0
2024-07-12 03:00:00,30.293,32.7,30.0,0.0,0.0,0.0
2024-07-12 04:00:00,30.278,32.7,30.0,0.0,0.0,0.0
2024-07-12 05:00:00,30.281,32.7,30.0,8.991457460052809,4.336822398992961,1.6469914341469765
2024-07-12 06:00:00,30.284,32.7,30.0,0.0,0.0,0.0
2024-07-12 07:00:00,30.272,32.7,30.0,0.0,0.0,0.0
2024-07-12 08:00:00,30.27133333333333,32.7,30.0,0.0,0.0,0.0
2024-07-12 09:00:00,30.270666666666667,32.7,30.0,0.29315917107862777,1.3907828720163453,0.21209222958389085
2024-07-12 10:00:00,30.27,32.7,30.0,0.0,0.0,1.4298083949969767
2024-07-12 11:00:00,30.257,32.7,30.0,6.837327533743527,0.6075738286414922,4.472713210308893
2024-07-12 12:00:00,30.268500000000003,32.7,30.0,0.812748438736772,3.7412117181837723,18.46099156958535
2024-07-12 13:00:00,30.28,32.7,30.0,0.0,0.0,0.0
2024-07-12 14:00:00,30.277,32.7,30.0,0.0,0.0,0.0
2024-07-12 15:00:00,30.295,32.7,30.0,2.4206284895242636,1.3963308493440025,0.21753121868640285
2024-07-12 16:00:00,30.297,32.7,30.0,0.0,0.0,0.0
2024-07-12 17:00:00,30.304,32.7,30.0,4.851240390537336,8.357749085680423,3.7588048369468368
2024-07-12 18:00:00,30.304,32.7,30.0,3.915341718582802,2.156952924009696,0.03806200493796087
2024-07-12 19:00:00,30.299,32.7,30.0,1.8775723110053835,0.0,0.0
2024-07-12 20:00:00,30.291,32.7,30.0,0.0,0.0,0.0
2024-07-12 21:00:00,30.297,32.7,30.0,0.0,0.0,0.0
2024-07-12 22:00:00,30.306,32.7,30.0,0.0,0.0,0.0
2024-07-12 23:00:00,30.305,32.7,30.0,0.0,0.0,0.0
2024-07-13 00:00:00,30.303,32.7,30.0,0.0,0.0,0.0
2024-07-13 01:00:00,30.295,32.7,30.0,0.0,0.0,0.0
2024-07-13 02:00:00,30.308,32.7,30.0,1.0737951103946126,0.0,0.0
2024-07-13 03:00:00,30.3,32.7,30.0,10.940996576994756,0.0,0.0
2024-07-13 04:00:00,30.313,32.7,30.0,0.0,0.0,0.0
2024-07-13 05:00:00,30.316,32.7,30.0,0.0,0.0,3.2148498997666346
2024-07-13 06:00:00,30.312,32.7,30.0,4.861564529993693,0.10578102861902534,2.108964959456826
2024-07-13 07:00:00,30.305,32.7,30.0,0.0,0.0,0.0
2024-07-13 08:00:00,30.325,32.7,30.0,39.46687854913091,3.3456700247763114,0.1254415368992968
2024-07-13 09:00:00,30.353,32.7,30.0,0.0,0.0,0.0
2024-07-13 10:00:00,30.35,32.7,30.0,2.585366006647722,2.636486136997257,0.055275989463332564
2024-07-13 11:00:00,30.357,32.7,30.0,0.0,0.0,0.0
2024-07-13 12:00:00,30.347,32.7,30.0,0.0,0.0,0.0
2024-07-13 13:00:00,30.361,32.7,30.0,0.0,0.0,0.0
2024-07-13 14:00:00,30.355,32.7,30.0,0.0,0.0,0.0
2024-07-13 15:00:00,30.373,32.7,30.0,0.0,0.0,0.0
2024-07-13 16:00:00,30.364,32.7,30.0,0.0,0.0,0.0
2024-07-13 17:00:00,30.374,32.7,30.0,4.619189647282415,0.0,0.0
2024-07-13 18:00:00,30.387,32.7,30.0,0.0,0.0,0.0
2024-07-13 19:00:00,30.387,32.7,30.0,0.0,0.0,0.0
2024-07-13 20:00:00,30.375,32.7,30.0,0.0,0.0,0.0
2024-07-13 21:00:00,30.379,32.7,30.0,0.0,0.0,0.0
2024-07-13 22:00:00,30.363,32.7,30.0,1.0040539042456726,0.871541511046598,2.806212384394431
2024-07-13 23:00:00,30.337,32.7,30.0,0.0,0.0,0.0
2024-07-14 00:00:00,30.315,32.7,30.0,0.0,0.0,0.0
2024-07-14 01:00:00,30.322,32.7,30.0,0.06814702782148521,4.4606710440305655,0.7294699550393006
2024-07-14 02:00:00,30.316,32.7,30.0,0.0,0.0,0.0
2024-07-14 03:00:00,30.324,32.7,30.0,0.0,0.0,0.0
2024-07-14 04:00:00,30.323,32.7,30.0,0.11047238526586825,3.058775269559638,6.178046177364931
2024-07-14 05:00:00,30.269,32.7,30.0,0.0,0.0,0.0
2024-07-14 06:00:00,30.227,32.7,30.0,5.647954708723535,10.051686229373686,0.22390168421265666
2024-07-14 07:00:00,30.234,32.7,30.0,0.0,0.0,0.0
2024-07-14 08:00:00,30.27,32.7,30.0,15.51787095415538,1.8108672742728773,0.7341445000823956
2024-07-14 09:00:00,30.303,32.7,30.0,2.4075359309497775,4.022456313177735,5.85827868879996
2024-07-14 10:00:00,30.321,32.7,30.0,1.2838327719172598,5.712519795519589,3.0439377172394053
2024-07-14 11:00:00,30.353,32.7,30.0,2.2899767353510385,0.645209450656094,1.6086254641550273
2024-07-14 12:00:00,30.366,32.7,30.0,0.0,0.0,0.0
2024-07-14 13:00:00,30.37,32.7,30.0,0.0,0.0,0.0
2024-07-14 14:00:00,30.394,32.7,30.0,28.679836868312766,1.4125363392368249,11.313005311746071
2024-07-14 15:00:00,30.391,32.7,30.0,0.0,0.0,0.0
2024-07-14 16:00:00,30.381,32.7,30.0,8.695838093485522,6.153007076069285,5.036765071576329
2024-07-14 17:00:00,30.402,32.7,30.0,0.0,1.9410064181441167,0.0
2024-07-14 18:00:00,30.396,32.7,30.0,1.6413806466320082,14.115161794101159,1.141264585989711
2024-07-14 19:00:00,30.407,32.7,30.0,0.0,0.0,0.0
2024-07-14 20:00:00,30.42,32.7,30.0,0.0,0.0,0.0
2024-07-14 21:00:00,30.403,32.7,30.0,0.0,0.0,0.0
2024-07-14 22:00:00,30.429,32.7,30.0,10.64142771438182,1.574762373901388,2.753503555808812
2024-07-14 23:00:00,30.438,32.7,30.0,0.0,0.0,0.0
2024-07-15 00:00:00,30.431,32.7,30.0,0.0,0.0,2.192532923375875
2024-07-15 01:00:00,30.445,32.7,30.0,0.0,0.0,0.0
2024-07-15 02:00:00,30.45,32.7,30.0,4.477143321161085,0.7700772443447296,11.119955969140738
2024-07-15 03:00:00,30.462,32.7,30.0,0.0,0.0,0.2974252861919277
2024-07-15 04:00:00,30.449,32.7,30.0,0.0,0.0,0.0
2024-07-15 05:00:00,30.464,32.7,30.0,8.634523855997745,0.0,0.0
2024-07-15 06:00:00,30.465,32.7,30.0,1.4106014043167285,0.7271365773662982,4.641442756286141
2024-07-15 07:00:00,30.47,32.7,30.0,0.0,0.0,0.0
2024-07-15 08:00:00,30.454,32.7,30.0,0.0,0.0,0.0
2024-07-15 09:00:00,30.465,32.7,30.0,0.05842840901060177,0.0,0.0
2024-07-15 10:00:00,30.479,32.7,30.0,11.075846856815645,2.030088883841801,1.6642009345885875
2024-07-15 11:00:00,30.47,32.7,30.0,0.0,0.0,0.0
2024-07-15 12:00:00,30.465,32.7,30.0,0.0,0.0,0.0
2024-07-15 13:00:00,30.457,32.7,30.0,0.1584216290599475,3.2102526187683966,1.7568608369235752
2024-07-15 14:00:00,30.491,32.7,30.0,3.0945319305154193,0.030812815385595608,1.6576249353163368
2024-07-15 15:00:00,30.47,32.7,30.0,0.0,0.0,0.0
2024-07-15 16:00:00,30.467,32.7,30.0,0.0,0.0,0.0
2024-07-15 17:00:00,30.478,32.7,30.0,0.0,0.0,0.0
2024-07-15 18:00:00,30.493,32.7,30.0,0.0,0.0,0.0
2024-07-15 19:00:00,30.479,32.7,30.0,7.784312029731773,0.4431707946477461,9.272784429320614
2024-07-15 20:00:00,30.476,32.7,30.0,0.0,0.0,0.0
2024-07-15 21:00:00,30.482,32.7,30.0,0.10819143305860905,0.0,0.0
2024-07-15 22:00:00,30.489,32.7,30.0,1.3841021872002897,0.7061813040508415,3.4200903643720317
2024-07-15 23:00:00,30.484,32.7,30.0,3.991595640838664,1.3808134000875392,3.0148453384148337
2024-07-16 00:00:00,30.492,32.7,30.0,0.29337227522734793,7.457436933411702,1.037867473469527
2024-07-16 01:00:00,30.486,32.7,30.0,0.0,0.0,0.0
2024-07-16 02:00:00,30.467,32.7,30.0,0.0,0.0,0.0
2024-07-16 03:00:00,30.481,32.7,30.0,0.017854654316325387,1.0112993957050276,2.3581065482576444
2024-07-16 04:00:00,30.481,32.7,30.0,0.0,0.0,0.0
2024-07-16 05:00:00,30.475,32.7,30.0,0.0,0.0,0.0
2024-07-16 06:00:00,30.451,32.7,30.0,6.005528243619263,0.17104098515086447,5.1703163288860985
2024-07-16 07:00:00,30.264,32.7,30.0,0.0,0.0,0.0
2024-07-16 08:00:00,30.12,32.7,30.0,0.0,0.0,0.0
2024-07-16 09:00:00,30.215,32.7,30.0,1.2314584279296252,1.1217037873114555,0.286732307141872
2024-07-16 10:00:00,30.3,32.7,30.0,0.0,0.0,0.0
2024-07-16 11:00:00,30.356,32.7,30.0,5.928893246643334,7.706486975897658,6.672259691366392
2024-07-16 12:00:00,30.374,99.71799999999999,30.0,0.21772730659886866,0.21767010470500087,8.035815394687265
2024-07-16 13:00:00,30.389,66.209,30.0,12.751297042694395,0.3074240454424198,0.22381261189510296
2024-07-16 14:00:00,30.412,32.7,30.0,0.0,0.0,0.0
2024-07-16 15:00:00,30.417,32.7,30.0,0.937074367458368,0.050923888140315544,4.869644036680667
2024-07-16 16:00:00,30.427,32.7,30.0,5.421544190209706,0.03158527871638999,1.3846891353675304
2024-07-16 17:00:00,30.447,32.7,30.0,0.0,0.0,0.0
2024-07-16 18:00:00,30.427,32.7,30.0,3.369661643387746,0.8661408086302179,0.07674626079018765
2024-07-16 19:00:00,30.419,32.7,30.0,0.0,0.0,0.0
2024-07-16 20:00:00,30.366,32.7,30.0,6.084529457505893,1.9950798938269938,20.58036967882486
2024-07-16 21:00:00,30.352,32.7,30.0,0.04332383625927834,0.019318508319106024,0.6075037601697502
2024-07-16 22:00:00,30.337,32.7,30.0,0.0,0.0,0.0
2024-07-16 23:00:00,30.347,32.7,30.0,0.0,0.0,0.0
2024-07-17 00:00:00,30.331,32.7,30.0,0.0,0.0,0.0
2024-07-17 01:00:00,30.356,32.7,30.0,0.12636771181715126,0.7799415871938498,0.9434334133163222
2024-07-17 02:00:00,30.378,32.7,30.0,0.0,0.0,0.0
2024-07-17 03:00:00,30.378,32.7,30.0,0.0,0.0,0.0
2024-07-17 04:00:00,30.392,32.7,30.0,0.0,0.0,0.0
2024-07-17 05:00:00,30.365,32.7,30.0,0.0,0.0,0.0
2024-07-17 06:00:00,30.25,32.7,30.0,0.0,0.0,0.0
2024-07-17 07:00:00,30.131,32.7,30.0,0.0,0.029202985773335504,0.9620321342880807
2024-07-17 08:00:00,30.124,32.7,30.0,0.0,0.0,0.0
2024-07-17 09:00:00,30.198,32.7,30.0,0.0,0.0,0.0
2024-07-17 10:00:00,30.266,32.7,30.0,0.16355880188402636,6.263212970968269,3.149220513912114
2024-07-17 11:00:00,30.298,32.7,30.0,0.5912017684387212,3.565786877772559,3.1116881431661305
2024-07-17 12:00:00,30.304,32.7,30.0,0.0,0.0,0.0
2024-07-17 13:00:00,30.326,32.7,30.0,0.45539768506601896,0.19379317562348897,5.774265598138565
2024-07-17 14:00:00,30.317,32.7,30.0,0.0,0.0,0.0
2024-07-17 15:00:00,30.328,32.7,30.0,0.20748195691944535,8.035543913969164,5.19783241868829
2024-07-17 16:00:00,30.296,32.7,30.0,4.118406889590953,3.9667977027877983,1.7583430318173203
2024-07-17 17:00:00,30.185,32.7,30.0,0.0,0.2543553692575566,0.0
2024-07-17 18:00:00,30.113,32.7,30.0,0.0,0.0,0.0
2024-07-17 19:00:00,30.176,32.7,30.0,0.0,0.0,3.1975189902523895
2024-07-17 20:00:00,30.227,32.7,30.0,0.0,0.0,0.0
2024-07-17 21:00:00,30.285,32.7,30.0,0.0,0.0,0.0
2024-07-17 22:00:00,30.294,32.7,30.0,4.555251555231649,0.6132346952741285,3.962516769406935
2024-07-17 23:00:00,30.309,32.7,30.0,0.0,0.0,0.0
2024-07-18 00:00:00,30.332,32.7,30.0,1.803597364024117,0.6463914622149054,1.8852043079530416
2024-07-18 01:00:00,30.325,32.7,30.0,0.0,0.0,0.0
2024-07-18 02:00:00,30.298,32.7,30.0,0.0,0.0,0.0
2024-07-18 03:00:00,30.19,32.7,30.0,0.9895654767117006,1.5380812053089847,4.172844215994628
2024-07-18 04:00:00,29.458,32.7,30.0,0.0,0.0,0.0
2024-07-18 05:00:00,29.007,32.7,30.0,3.742543397243206,0.3279656918038131,0.37640683465447244
2024-07-18 06:00:00,28.621,32.7,30.0,0.0,0.0,0.0
2024-07-18 07:00:00,28.986,32.7,30.0,0.0,0.0,0.0
2024-07-18 08:00:00,29.347,32.7,30.0,0.0,0.0,0.0
2024-07-18 09:00:00,29.609,32.7,30.0,0.0,0.0,0.0
2024-07-18 10:00:00,29.702,32.7,30.0,0.0,0.17103123374810977,0.0
2024-07-18 11:00:00,29.878,32.7,30.0,0.0,0.0,0.0
2024-07-18 12:00:00,29.994,32.7,30.0,0.0,0.0,0.0
2024-07-18 13:00:00,30.039,32.7,30.0,3.561426914798747,0.22540427186820988,1.0693167893479592
2024-07-18 14:00:00,30.121,32.7,30.0,0.0,0.0,0.0
2024-07-18 15:00:00,30.152,32.7,30.0,0.0,0.0,0.0
2024-07-18 16:00:00,30.161,32.7,30.0,0.0,0.0,0.0
2024-07-18 17:00:00,30.169,32.7,30.0,1.874480122809346,0.0,0.0
2024-07-18 18:00:00,30.206,32.7,30.0,0.0,0.0,0.0
2024-07-18 19:00:00,30.235,32.7,30.0,1.784177699834208,5.461354905618261,4.456854947267749
2024-07-18 20:00:00,30.239,32.7,30.0,1.2695084406794508,0.05225684284736072,6.0011594308516205
2024-07-18 21:00:00,30.273,32.7,30.0,0.0,0.0,0.0
2024-07-18 22:00:00,30.273,32.7,30.0,0.0,0.0,0.0
2024-07-18 23:00:00,30.289,32.7,30.0,7.725852814605252,4.460152759211213,1.9272337885587358
2024-07-19 00:00:00,30.303,32.7,30.0,0.0,0.0,0.0
2024-07-19 01:00:00,30.294,32.7,30.0,0.0,0.0,0.0
2024-07-19 02:00:00,30.336,32.7,30.0,0.0,0.0,0.0
2024-07-19 03:00:00,30.335,32.7,30.0,5.6449666937396366,1.723377398544887,2.999691466865826
2024-07-19 04:00:00,30.314,32.7,30.0,0.0,0.0,0.0
2024-07-19 05:00:00,30.275,32.7,30.0,6.146623461771961,0.8942525332236061,7.152822834830662
2024-07-19 06:00:00,30.25,32.7,30.0,0.0,0.0,0.0
2024-07-19 07:00:00,30.143,32.7,30.0,25.656454264105484,4.665128462736102,3.6405668583581132
2024-07-19 08:00:00,30.198,32.7,30.0,0.0,0.0,0.0
2024-07-19 09:00:00,30.214,32.7,30.0,0.0,0.0,0.0
2024-07-19 10:00:00,30.223,32.7,30.0,0.0,0.0,0.0
2024-07-19 11:00:00,30.293,32.7,30.0,0.0,0.0,0.0
2024-07-19 12:00:00,30.319,32.7,30.0,0.0,0.0,0.0
2024-07-19 13:00:00,30.345,32.7,30.0,6.058787049099784,0.8531847622460712,0.034121896246845945
2024-07-19 14:00:00,30.34,32.7,30.0,0.0,0.0,0.0
2024-07-19 15:00:00,30.343,32.7,30.0,0.0,0.0,0.0
2024-07-19 16:00:00,30.306,32.7,30.0,0.0,0.0,0.0
2024-07-19 17:00:00,30.325,32.7,30.0,0.21673218580767234,0.20741299048654033,1.9800628403570233
2024-07-19 18:00:00,30.329,32.7,30.0,0.0,0.0,0.0
2024-07-19 19:00:00,30.305,32.7,30.0,0.0,0.0,0.0
2024-07-19 20:00:00,30.336,32.7,30.0,0.0,0.0,0.0
2024-07-19 21:00:00,30.314,32.7,30.0,0.21183388170140355,1.0865064707717849,2.9162694867522627
2024-07-19 22:00:00,30.351,32.7,30.0,2.6542439559510926,0.4654182103508073,0.11311494722160018
2024-07-19 23:00:00,30.323,32.7,30.0,2.1633697075202685,0.571997166286601,12.108947734476025
2024-07-20 00:00:00,30.308,32.7,30.0,0.0,0.0,0.0
2024-07-20 01:00:00,30.33,32.7,30.0,0.30238952068540503,0.7080240278955718,0.936974265123317
2024-07-20 02:00:00,30.266,32.7,30.0,0.9460755268797642,0.0,0.0
2024-07-20 03:00:00,30.193,32.7,30.0,0.0,0.0,0.0
2024-07-20 04:00:00,30.238,32.7,30.0,0.0,0.0,0.0
2024-07-20 05:00:00,30.285,32.7,30.0,0.0,0.0,0.0
2024-07-20 06:00:00,30.279,32.7,30.0,0.0,0.0,0.0
2024-07-20 07:00:00,30.279,32.7,30.0,0.5548497891327812,2.497269384479351,1.6002909160555674
2024-07-20 08:00:00,30.322,32.7,30.0,0.0,0.0,0.0
2024-07-20 09:00:00,30.354,32.7,30.0,0.0,0.0,0.0
2024-07-20 10:00:00,30.343,32.7,30.0,0.0,0.0,0.0
2024-07-20 11:00:00,30.364,32.7,30.0,0.0,0.0,0.0
2024-07-20 12:00:00,30.36,32.7,30.0,1.1040115865247375,2.7111965048130053,0.19819268294982662
2024-07-20 13:00:00,30.378,32.7,30.0,0.0,0.0,0.0
2024-07-20 14:00:00,30.375,32.7,30.0,0.0,0.0,0.0
2024-07-20 15:00:00,30.388,32.7,30.0,0.0,0.0,0.0
2024-07-20 16:00:00,30.384,32.7,30.0,0.0,0.0,0.0
2024-07-20 17:00:00,30.421,32.7,30.0,0.05807057308073498,0.04657239195467612,0.26537709925864816
2024-07-20 18:00:00,30.416,32.7,30.0,0.49630757033555245,0.19359680862523915,0.08491236061200307
2024-07-20 19:00:00,30.416,32.7,30.0,0.38613926150429767,2.1974990498121163,5.15766402847604
2024-07-20 20:00:00,30.409,32.7,30.0,20.46673328721816,0.19250919181507367,6.839948368010482
2024-07-20 21:00:00,30.413,32.7,30.0,0.0,0.0,0.0
2024-07-20 22:00:00,30.43,32.7,30.0,9.216523087188303,13.609406698834253,3.1792715772104923
2024-07-20 23:00:00,30.36,32.7,30.0,1.288563974813549,1.4819220823881396,0.1514580342693001
2024-07-21 00:00:00,30.347,32.7,30.0,0.0,0.0,0.0
2024-07-21 01:00:00,30.353,32.7,30.0,2.866008196402753,6.686753520247272,1.834845187330438
2024-07-21 02:00:00,30.39,32.7,30.0,0.0,2.1642489771605464,0.0
2024-07-21 03:00:00,30.41,32.7,30.0,4.530476740785769,0.0,0.0
2024-07-21 04:00:00,30.365,32.7,30.0,4.3129597064508465,1.4459797784339559,14.014413037991865
2024-07-21 05:00:00,30.336,32.7,30.0,0.0,0.0,0.0
2024-07-21 06:00:00,30.303,32.7,30.0,0.0,0.0,0.0
2024-07-21 07:00:00,30.353,32.7,30.0,0.0,0.8786626525162734,0.0
2024-07-21 08:00:00,30.326,32.7,30.0,0.0,0.0,0.0
2024-07-21 09:00:00,30.309,32.7,30.0,0.0,0.0,0.0
2024-07-21 10:00:00,30.299,32.7,30.0,0.0,0.0,0.0
2024-07-21 11:00:00,30.242,32.7,30.0,0.0,0.0,0.0
2024-07-21 12:00:00,30.272,32.7,30.0,0.5847571538242252,0.15987339022898564,2.1465824014304467
2024-07-21 13:00:00,30.322,32.7,30.0,0.0,0.0,0.0
2024-07-21 14:00:00,30.299,32.7,30.0,1.367413688334822,1.7595949681827867,1.6053155115352296
2024-07-21 15:00:00,30.292,32.7,30.0,0.0,0.0,0.0
2024-07-21 16:00:00,30.316,32.7,30.0,0.0,0.0,0.0
2024-07-21 17:00:00,30.316,32.7,30.0,7.514828882797925,0.4009207555102611,0.8981431338545984
2024-07-21 18:00:00,30.302,32.7,30.0,0.0,0.0,0.0
2024-07-21 19:00:00,30.299,32.7,30.0,0.0,0.0,0.0
2024-07-21 20:00:00,30.309,32.7,30.0,0.0,0.0,0.0
2024-07-21 21:00:00,30.312,32.7,30.0,0.8538331837696282,7.365272675378475,3.491554443022132
2024-07-21 22:00:00,30.302,32.7,30.0,0.0,0.0,0.0
2024-07-21 23:00:00,30.307,32.7,30.0,0.0,0.0,0.0
2024-07-22 00:00:00,30.311,32.7,30.0,0.0,0.0,0.0
2024-07-22 01:00:00,30.323,32.7,30.0,0.0,0.0,0.0
2024-07-22 02:00:00,30.294,32.7,30.0,0.0,0.0,0.0
2024-07-22 03:00:00,30.078,32.7,30.0,0.0,0.0,0.0
2024-07-22 04:00:00,29.572,32.7,30.0,0.0,0.0,0.0
2024-07-22 05:00:00,29.062,32.7,30.0,0.0,0.0,0.0
2024-07-22 06:00:00,28.953,32.7,30.0,3.0453879452465875,9.427506444742386,0.11129408099889582
2024-07-22 07:00:00,28.977,32.7,30.0,1.5934843702514214,0.19354528191608578,0.8159519770999141
2024-07-22 08:00:00,29.274,32.7,30.0,0.09754165118644839,12.939645145959574,0.4727241727740241
2024-07-22 09:00:00,29.234,32.7,30.0,0.0,0.0,0.0
2024-07-22 10:00:00,29.415,32.7,30.0,0.0,0.0,0.0
2024-07-22 11:00:00,29.469,32.7,30.0,0.0,0.0,0.0
2024-07-22 12:00:00,29.676,32.7,30.0,0.0,0.0,0.0
2024-07-22 13:00:00,29.781,32.7,30.0,0.006916465614875636,1.5770610876612958,3.6214937725818874
2024-07-22 14:00:00,29.825,32.7,30.0,0.0,0.0,0.0
2024-07-22 15:00:00,29.9,32.7,30.0,0.0,0.0,0.0
2024-07-22 16:00:00,29.989,32.7,30.0,0.0,0.0,0.0
2024-07-22 17:00:00,30.059,32.7,30.0,1.2685214724526055,2.7928449217944395,0.24427612481424413
2024-07-22 18:00:00,30.121,32.7,30.0,0.0,0.0,0.0
2024-07-22 19:00:00,30.151,32.7,30.0,7.976748549200621,7.204436131983099,4.492738533610017
2024-07-22 20:00:00,30.184,32.7,30.0,0.0,0.0,0.0
2024-07-22 21:00:00,30.242,32.7,30.0,0.0,0.0,0.0
2024-07-22 22:00:00,30.244,32.7,30.0,0.1974048155880512,0.2780611526999176,6.773803655365686
2024-07-22 23:00:00,30.105,32.7,30.0,0.0,0.0,0.0
2024-07-23 00:00:00,29.497,32.7,30.0,0.0,0.0,0.0
2024-07-23 01:00:00,29.634,32.7,30.0,0.0,0.0,0.0
2024-07-23 02:00:00,29.851,32.7,30.0,0.0,0.0,0.0
2024-07-23 03:00:00,29.831,32.7,30.0,0.0,5.694880524057652,0.0
2024-07-23 04:00:00,29.788,32.7,30.0,0.0,0.0,0.0
2024-07-23 05:00:00,29.691,32.7,30.0,0.0,0.0,0.0
2024-07-23 06:00:00,29.66,32.7,30.0,1.6412442688613291,0.050325523887908494,0.8714952027875564
2024-07-23 07:00:00,29.772,32.7,30.0,0.0,0.0,0.0
2024-07-23 08:00:00,29.906,32.7,30.0,0.0,0.0,0.0
2024-07-23 09:00:00,29.922,32.7,30.0,1.74011548434419,0.4981040065946559,19.359818300141963
2024-07-23 10:00:00,30.001,32.7,30.0,0.0,0.0,0.0
2024-07-23 11:00:00,29.982,32.7,30.0,0.0,0.0,0.0
2024-07-23 12:00:00,29.981,32.7,30.0,0.0,0.0,0.0
2024-07-23 13:00:00,30.036,32.7,30.0,1.2952894581580117,10.293455522656311,2.642848933163294
2024-07-23 14:00:00,30.03,32.7,30.0,0.0,0.0,0.0
2024-07-23 15:00:00,30.102,32.7,30.0,0.0,0.0,0.0
2024-07-23 16:00:00,30.127,32.7,30.0,0.0,0.0,0.00435956980813901
2024-07-23 17:00:00,30.165,32.7,30.0,0.0,0.0,0.0
2024-07-23 18:00:00,30.164,32.7,30.0,1.1530197942485119,0.6771150142306409,6.337348280181493
2024-07-23 19:00:00,30.208,32.7,30.0,2.971176145768191,5.683476139153665,0.4224830567804464
2024-07-23 20:00:00,30.227,32.7,30.0,0.0,0.0,0.0
2024-07-23 21:00:00,30.214,32.7,30.0,0.0,0.0,0.0
2024-07-23 22:00:00,30.199,32.7,30.0,0.0,0.0,0.0
2024-07-23 23:00:00,30.128,32.7,30.0,0.829915732438593,7.068629325257897,1.1903500321505005
2024-07-24 00:00:00,30.082,32.7,30.0,2.0066936892782006,5.983116497958477,0.41219913554072984
2024-07-24 01:00:00,30.11,32.7,30.0,0.0,0.0,0.0
2024-07-24 02:00:00,30.135,32.7,30.0,0.035877359778039186,0.0,0.0
2024-07-24 03:00:00,30.126,32.7,30.0,0.0,0.0,0.0
2024-07-24 04:00:00,30.123,32.7,30.0,0.0,0.0,0.0
2024-07-24 05:00:00,30.181,32.7,30.0,0.9824440734572398,0.3209632682055753,8.731503120913679
2024-07-24 06:00:00,30.163,32.7,30.0,0.0,0.0,0.0
2024-07-24 07:00:00,30.201,32.7,30.0,0.8381115111080073,4.572366273454512,0.5781263145296429
2024-07-24 08:00:00,30.204,32.7,30.0,0.0,0.0,0.0
2024-07-24 09:00:00,30.215,32.7,30.0,0.0,0.0,0.0
2024-07-24 10:00:00,30.239,32.7,30.0,3.7640739908456347,0.16416514023603776,1.2747017715189364
2024-07-24 11:00:00,30.253,32.7,30.0,11.280450785515931,1.7691744433786107,2.673496493343547
2024-07-24 12:00:00,30.25,32.7,30.0,0.0,0.0,0.0
2024-07-24 13:00:00,30.281,32.7,30.0,0.0,0.0,0.0
2024-07-24 14:00:00,30.265,32.7,30.0,0.0,0.0,0.0
2024-07-24 15:00:00,30.277,32.7,30.0,13.678544938585414,1.3012347413353806,5.226421459054621
2024-07-24 16:00:00,30.272,32.7,30.0,0.0,0.0,0.0
2024-07-24 17:00:00,30.272,32.7,30.0,0.0,0.0,0.0
2024-07-24 18:00:00,30.264,32.7,30.0,0.0935800670416388,10.048266683777065,2.034848711402705
2024-07-24 19:00:00,30.31,32.7,30.0,0.0,0.0,0.0
2024-07-24 20:00:00,30.309,32.7,30.0,0.0,0.0,0.0
2024-07-24 21:00:00,30.319,32.7,30.0,0.0,0.0,0.0
2024-07-24 22:00:00,30.351,32.7,30.0,0.040851577790817016,5.3643044983277,4.707169693148471
2024-07-24 23:00:00,30.337,32.7,30.0,3.2662683812376554,6.1670582527038675,1.9142439642410716
2024-07-25 00:00:00,30.303,32.7,30.0,1.2205880957284612,0.31914678044878786,2.8766497440123744
2024-07-25 01:00:00,30.344,32.7,30.0,3.3288837096652797,12.404778153020455,12.483814452697631
2024-07-25 02:00:00,30.321,32.7,30.0,0.0,0.0,0.0
2024-07-25 03:00:00,30.255,32.7,30.0,0.0,0.0,0.0
2024-07-25 04:00:00,30.302,32.7,30.0,0.0,0.0071360031626262095,0.0
2024-07-25 05:00:00,30.276,32.7,30.0,0.0,0.0,0.0
2024-07-25 06:00:00,30.275,32.7,30.0,0.0,2.802325209906442,0.0
2024-07-25 07:00:00,30.254,32.7,30.0,0.788994380403504,2.406953006631907,5.274112178668616
2024-07-25 08:00:00,30.233,32.7,30.0,0.0,0.0,0.0
2024-07-25 09:00:00,30.217,32.7,30.0,0.510635673046874,0.2778066342182372,8.395273014315642
2024-07-25 10:00:00,30.238,32.7,30.0,0.0,0.0,0.0
2024-07-25 11:00:00,30.258,32.7,30.0,0.0,0.0,0.0
2024-07-25 12:00:00,30.279,32.7,30.0,0.0,0.0,0.0
2024-07-25 13:00:00,30.232,32.7,30.0,0.0,0.0,0.0
2024-07-25 14:00:00,30.253,32.7,30.0,0.0,0.0,0.0
2024-07-25 15:00:00,30.266,32.7,30.0,0.0,0.0,0.0
2024-07-25 16:00:00,30.243,32.7,30.0,4.0612014547783435,0.0,0.0
2024-07-25 17:00:00,30.253,32.7,30.0,1.4454562947212657,4.961926879204993,1.6307011766484265
2024-07-25 18:00:00,30.266,32.7,30.0,0.0,0.0,0.0
2024-07-25 19:00:00,30.247,32.7,30.0,0.7543841177723639,1.4446997261045889,0.8885650929007471
2024-07-25 20:00:00,30.267,32.7,30.0,0.0,0.0,0.0
2024-07-25 21:00:00,30.281,32.7,30.0,0.0,0.0,0.0
2024-07-25 22:00:00,30.276,32.7,30.0,0.0,0.0,0.0
2024-07-25 23:00:00,30.266,32.7,30.0,0.0,0.0,0.0
2024-07-26 00:00:00,30.274,32.7,30.0,0.30610546685606366,10.239801869777521,5.041462655450523
2024-07-26 01:00:00,30.251,32.7,30.0,0.3679574410233062,0.3959729241281028,0.9193370140842665
2024-07-26 02:00:00,30.086,32.7,30.0,0.0,0.0,0.0
2024-07-26 03:00:00,30.037,32.7,30.0,3.988797246730907,2.1368557804060524,0.1355312074357103
2024-07-26 04:00:00,30.089,32.7,30.0,0.0,0.0,0.0
2024-07-26 05:00:00,30.129,32.7,30.0,0.0,0.0,0.0
2024-07-26 06:00:00,30.16,32.7,30.0,0.0,0.0,0.0
2024-07-26 07:00:00,30.202,32.7,30.0,0.0,0.0,0.0
2024-07-26 08:00:00,30.217,32.7,30.0,0.6149221475147648,4.327126911929918,1.0444542684560638
2024-07-26 09:00:00,30.194,32.7,30.0,0.19226262792432997,11.131614127554961,0.7280723295909772
2024-07-26 10:00:00,30.207,32.7,30.0,0.0,0.0,0.0
2024-07-26 11:00:00,30.215,32.7,30.0,0.19479983670736006,5.24352370775079,1.566502221924714
2024-07-26 12:00:00,30.227,32.7,30.0,2.356148452050771,0.5883853897456559,1.5498272566498825
2024-07-26 13:00:00,30.246,32.7,30.0,2.269923865078453,3.7274140994890903,5.669156376833694
2024-07-26 14:00:00,30.244,32.7,30.0,0.0,0.0,0.0
2024-07-26 15:00:00,30.252,32.7,30.0,0.0,0.0,0.0
2024-07-26 16:00:00,30.27,32.7,30.0,0.0,0.0,0.0
2024-07-26 17:00:00,30.253,32.7,30.0,0.843632435734304,1.9497701545360024,0.8496810744688945
2024-07-26 18:00:00,30.275,32.7,30.0,0.0,0.0,0.0
2024-07-26 19:00:00,30.284,32.7,30.0,0.0,0.0,0.0
2024-07-26 20:00:00,30.294,32.7,30.0,0.0,0.0,0.0
2024-07-26 21:00:00,30.317,32.7,30.0,0.0,0.0,0.0
2024-07-26 22:00:00,30.339,32.7,30.0,0.0,0.0,0.5831926001269037
2024-07-26 23:00:00,30.313,32.7,30.0,7.090818948591945,0.0,0.0
2024-07-27 00:00:00,30.32,32.7,30.0,2.360728935348918,0.21548463673700932,0.2563861660851357
2024-07-27 01:00:00,30.346,32.7,30.0,0.01105237141622327,7.142430232013806,4.353192011989573
2024-07-27 02:00:00,30.348,32.7,30.0,0.0,0.0,0.0
2024-07-27 03:00:00,30.333,32.7,30.0,0.0,0.0,0.0
2024-07-27 04:00:00,30.343,32.7,30.0,0.0,0.0,0.0
2024-07-27 05:00:00,30.151,32.7,30.0,0.0,0.0,0.0
2024-07-27 06:00:00,30.109,32.7,30.0,0.0,0.0,0.0
2024-07-27 07:00:00,30.233,32.7,30.0,0.0,0.0,0.0
2024-07-27 08:00:00,30.24,32.7,30.0,0.8542969668596038,0.0,0.0
2024-07-27 09:00:00,30.255,32.7,30.0,0.0,0.0,0.0
2024-07-27 10:00:00,30.198,32.7,30.0,0.0,0.0,0.0
2024-07-27 11:00:00,30.208,32.7,30.0,0.0,0.0,0.0
2024-07-27 12:00:00,30.238,32.7,30.0,0.0,0.0,0.0
2024-07-27 13:00:00,30.293,32.7,30.0,0.0,0.0,0.0
2024-07-27 14:00:00,30.292,32.7,30.0,0.0,0.0,0.0
2024-07-27 15:00:00,30.318,32.7,30.0,0.0,0.0,0.0
2024-07-27 16:00:00,30.309,32.7,30.0,0.0,0.0,0.0
2024-07-27 17:00:00,30.324,32.7,30.0,0.0,0.0,0.0
2024-07-27 18:00:00,30.357,32.7,30.0,0.0,0.0,0.0
2024-07-27 19:00:00,30.347,32.7,30.0,0.0,0.0,0.0
2024-07-27 20:00:00,30.341,32.7,30.0,0.0,0.0,0.0
2024-07-27 21:00:00,30.357,32.7,30.0,7.248000283366892,0.9580025757999447,0.1874904696315287
2024-07-27 22:00:00,30.368,32.7,30.0,0.0,0.0,0.0
2024-07-27 23:00:00,30.372,32.7,30.0,0.0,0.0,0.0
2024-07-28 00:00:00,30.359,32.7,30.0,0.0,0.0,0.0
2024-07-28 01:00:00,30.332,32.7,30.0,0.0,0.0,0.0
2024-07-28 02:00:00,30.345,32.7,30.0,0.0,0.0,0.0
2024-07-28 03:00:00,30.312,32.7,30.0,9.039708654504336,3.5313418462721033,1.4783789834902417
2024-07-28 04:00:00,30.36,32.7,30.0,0.0,0.0,0.0
2024-07-28 05:00:00,30.339,32.7,30.0,0.0,0.0,0.0
2024-07-28 06:00:00,30.378,32.7,30.0,3.6741534083900937,0.0,0.0
2024-07-28 07:00:00,30.358,32.7,30.0,2.104176932292124,0.6108698957382643,1.7156002845644158
2024-07-28 08:00:00,30.37,32.7,30.0,0.0,0.0,0.0
2024-07-28 09:00:00,30.379,32.7,30.0,2.222975011627269,1.741926276152995,0.7672576113873449
2024-07-28 10:00:00,30.384,32.7,30.0,0.0,0.0,0.0
2024-07-28 11:00:00,30.392,32.7,30.0,0.0,0.0,0.0
2024-07-28 12:00:00,30.396,32.7,30.0,0.0,0.0,0.0
2024-07-28 13:00:00,30.396,32.7,30.0,0.557539575258124,1.893336661469884,3.6101219304023653
2024-07-28 14:00:00,30.415,32.7,30.0,0.0,0.0,0.0
2024-07-28 15:00:00,30.423,32.7,30.0,0.0,0.0,0.0
2024-07-28 16:00:00,30.42,32.7,30.0,2.1370342844421284,0.0,0.0
2024-07-28 17:00:00,30.423,32.7,30.0,6.520767225073811,1.893438700541605,2.7070743065623732
2024-07-28 18:00:00,30.414,32.7,30.0,0.0,0.0,0.0
2024-07-28 19:00:00,30.404,32.7,30.0,0.0,0.0,0.0
2024-07-28 20:00:00,30.411,32.7,30.0,0.0,0.0,0.0
2024-07-28 21:00:00,30.424,32.7,30.0,0.0,0.0,0.0
2024-07-28 22:00:00,30.43,32.7,30.0,0.6636022239118518,3.361807219440584,0.33620420056022093
2024-07-28 23:00:00,30.404,32.7,30.0,0.0,0.0,0.0
2024-07-29 00:00:00,30.413,32.7,30.0,0.0,0.0,0.0
2024-07-29 01:00:00,30.437,32.7,30.0,0.0,0.0,0.0
2024-07-29 02:00:00,30.429,32.7,30.0,2.734618446475579,0.7785019234919016,1.6767435982360248
2024-07-29 03:00:00,30.438,32.688,30.0,0.09461761538885102,0.7896559643544321,6.384069429915776
2024-07-29 04:00:00,30.439,32.7,30.0,5.467084641520167,0.0,1.1147168759596033
2024-07-29 05:00:00,30.43,32.7,30.0,0.0,0.0,0.0
2024-07-29 06:00:00,30.424,32.7,30.0,0.0,0.0,0.0
2024-07-29 07:00:00,30.436,32.7,30.0,0.0,0.0,0.0
2024-07-29 08:00:00,30.406,32.7,30.0,0.0,0.0,0.0
2024-07-29 09:00:00,30.434,32.7,30.0,0.0,0.0,0.0
2024-07-29 10:00:00,30.431,32.7,30.0,0.0,0.0,0.0
2024-07-29 11:00:00,30.411,32.7,30.0,0.0,0.0,0.0
2024-07-29 12:00:00,30.344,32.7,30.0,3.0987749684740242,4.770186301444405,9.456037623417313
2024-07-29 13:00:00,30.347,32.7,30.0,0.0,0.0,0.0
2024-07-29 14:00:00,30.371,32.7,30.0,0.0,0.0,0.0
2024-07-29 15:00:00,30.383,32.7,30.0,0.0,0.0,0.0
2024-07-29 16:00:00,30.399,32.7,30.0,0.0,0.0,0.0
2024-07-29 17:00:00,30.387,32.7,30.0,0.0,0.0,0.0
2024-07-29 18:00:00,30.424,32.7,30.0,0.0,0.0,0.0
2024-07-29 19:00:00,30.413,32.7,30.0,0.0,0.0,0.0
2024-07-29 20:00:00,30.415,32.7,30.0,0.0,0.0,0.0
2024-07-29 21:00:00,30.435,32.7,30.0,0.0,0.0,0.0
2024-07-29 22:00:00,30.426,32.7,30.0,0.0,0.0,0.0
2024-07-29 23:00:00,30.426,32.7,30.0,7.953880679064794,4.753866817527714,0.2898324278847333
2024-07-30 00:00:00,30.428,32.7,30.0,0.0,0.0,0.0
2024-07-30 01:00:00,30.418,32.7,30.0,0.24507474547759034,2.719207605398281,2.9482088843686585
2024-07-30 02:00:00,30.419,32.7,30.0,0.0,0.0,0.0
2024-07-30 03:00:00,30.423,32.7,30.0,2.9363090906555414,3.5558147974985688,3.725813932813298
2024-07-30 04:00:00,30.421,32.7,30.0,4.38664091935297,0.0,0.0
2024-07-30 05:00:00,30.422,32.7,30.0,0.0,0.0,0.0
2024-07-30 06:00:00,30.408,32.7,30.0,0.0,0.0,0.0
2024-07-30 07:00:00,30.409,32.7,30.0,0.0,0.0,0.0
2024-07-30 08:00:00,30.412,32.7,30.0,0.0,0.35916823512702967,0.0
2024-07-30 09:00:00,30.41,32.7,30.0,0.0,0.0,0.0
2024-07-30 10:00:00,30.402,32.7,30.0,0.0,0.0,0.0
2024-07-30 11:00:00,30.367,32.7,30.0,0.0,0.0,0.0
2024-07-30 12:00:00,30.356,32.7,30.0,0.0,0.0,0.0
2024-07-30 13:00:00,30.28,32.7,30.0,0.0,0.0,0.0
2024-07-30 14:00:00,30.285,32.7,30.0,0.008607715555132274,11.118687329122581,0.26722182798162664
2024-07-30 15:00:00,30.303,32.7,30.0,0.0,0.0,0.0
2024-07-30 16:00:00,30.365,32.7,30.0,6.540616801066686,2.9806490648754624,5.008076465581935
2024-07-30 17:00:00,30.389,32.7,30.0,0.0,0.0,0.0
2024-07-30 18:00:00,30.406,32.7,30.0,0.0,0.0,0.0
2024-07-30 19:00:00,30.397,32.7,30.0,0.0,0.0,0.0
2024-07-30 20:00:00,30.416,32.7,30.0,0.0,0.0,0.0
2024-07-30 21:00:00,30.402,32.7,30.0,0.0,0.4819527510671812,0.0
2024-07-30 22:00:00,30.411,32.7,30.0,5.280938730890193,0.488806098472152,1.7881770809779112
2024-07-30 23:00:00,30.391,32.7,30.0,0.0,0.0,0.0
2024-07-31 00:00:00,30.353,32.7,30.0,0.0,0.0,0.0
2024-07-31 01:00:00,30.325,32.7,30.0,0.0,0.0,0.0
2024-07-31 02:00:00,30.304,32.7,30.0,0.0,0.0,0.0
2024-07-31 03:00:00,30.288,32.7,30.0,0.0,0.0,0.0
2024-07-31 04:00:00,30.335,32.7,30.0,0.1749126245249698,0.9594150393153847,1.282319980903305
2024-07-31 05:00:00,30.344,32.7,30.0,0.0,0.0,0.0
2024-07-31 06:00:00,30.345,32.7,30.0,0.0,0.0,0.0
2024-07-31 07:00:00,30.342,32.7,30.0,0.0,0.0,0.0
2024-07-31 08:00:00,30.322,32.7,30.0,0.0,0.0,0.0
2024-07-31 09:00:00,30.311,32.7,30.0,0.0,0.0,0.0
2024-07-31 10:00:00,30.314,32.7,30.0,0.0,0.0,0.0
2024-07-31 11:00:00,30.318,32.3605,30.0,0.0,0.0,0.0
2024-07-31 12:00:00,30.336,32.7,30.0,0.0,0.0,0.0
2024-07-31 13:00:00,30.348,32.7,30.0,0.5240451222452472,2.8711679838556234,0.4798613289436035
2024-07-31 14:00:00,30.344,32.7,30.0,0.31585761675165014,0.0,0.0
2024-07-31 15:00:00,30.342,32.7,30.0,5.315799906120433,0.6389238297265527,0.8390717460444741
2024-07-31 16:00:00,30.356,32.7,30.0,0.0,0.0,0.0
2024-07-31 17:00:00,30.373,32.7,30.0,0.0,0.0,0.0
2024-07-31 18:00:00,30.377,32.7,30.0,1.2025324683862306,3.6797621062643113,4.329383160509541
2024-07-31 19:00:00,30.38,32.7,30.0,0.4750952127753939,1.2399927096733137,0.10423932841073903
2024-07-31 20:00:00,30.396,32.7,30.0,0.0,0.0,0.0
2024-07-31 21:00:00,30.407,32.7,30.0,0.3317054295434692,1.3485102558171815,0.43962149619887647
2024-07-31 22:00:00,30.408,32.7,30.0,3.4924606902994526,3.2485212606052127,0.24472225108508497
2024-07-31 23:00:00,30.414,32.7,30.0,0.0,0.0,0.0
2024-08-01 00:00:00,30.412,32.7,30.0,13.198603930338448,4.773378233259904,0.46870331144008126
2024-08-01 01:00:00,30.425,32.7,30.0,3.6787469957045937,1.0626674098858604,3.681371262406314
2024-08-01 02:00:00,30.424,32.7,30.0,0.0,0.0,0.0
2024-08-01 03:00:00,30.429,32.7,30.0,0.0,0.0,0.0
2024-08-01 04:00:00,30.423,32.7,30.0,0.12857804826587177,6.305408592250763,0.6206937960146371
2024-08-01 05:00:00,30.433,32.7,30.0,2.598270984669716,18.51787268758617,0.06661174385244138
2024-08-01 06:00:00,30.446,32.7,30.0,0.0,0.0,0.0
2024-08-01 07:00:00,30.438,32.7,30.0,0.0,0.0,0.0
2024-08-01 08:00:00,30.453,32.7,30.0,1.0307574740797811,4.490651152693549,0.16336800479797153
2024-08-01 09:00:00,30.444,32.7,30.0,0.0,0.0,0.0
2024-08-01 10:00:00,30.446,32.7,30.0,0.0,0.0,0.0
2024-08-01 11:00:00,30.455,32.7,30.0,0.0,0.0,0.0
2024-08-01 12:00:00,30.27,32.7,30.0,0.0,0.0,0.0
2024-08-01 13:00:00,30.072,32.7,30.0,0.0,0.0,0.0
2024-08-01 14:00:00,30.145,32.7,30.0,0.0,0.0,0.0
2024-08-01 15:00:00,30.249,32.7,30.0,0.2608794164842702,1.5229252880228028,6.404575319098634
2024-08-01 16:00:00,30.331,32.7,30.0,0.0,0.0,0.0
2024-08-01 17:00:00,30.374,32.7,30.0,0.0,0.0,0.0
2024-08-01 18:00:00,30.387,32.7,30.0,0.0,0.0,0.0
2024-08-01 19:00:00,30.407,32.7,30.0,0.0,0.0,0.0
2024-08-01 20:00:00,30.422,32.7,30.0,0.0,0.0,0.0
2024-08-01 21:00:00,30.421,32.7,30.0,0.0,0.0,0.0
2024-08-01 22:00:00,30.439,32.7,30.0,0.0,0.0,0.0
2024-08-01 23:00:00,30.444,32.7,30.0,0.0,0.0,0.0
2024-08-02 00:00:00,30.447,32.7,30.0,0.0,0.0,0.0
2024-08-02 01:00:00,30.456,32.7,30.0,0.0,0.0,0.0
2024-08-02 02:00:00,30.473,32.7,30.0,0.0,0.0,0.0
2024-08-02 03:00:00,30.495,32.7,30.0,0.0,0.0,6.565417597305428
2024-08-02 04:00:00,30.492,32.7,30.0,0.0,0.0,0.0
2024-08-02 05:00:00,30.493,32.7,30.0,0.06924417536979009,2.5950689187775096,1.9176702563908976
2024-08-02 06:00:00,30.491,32.7,30.0,2.333860801566982,2.200974695436355,0.28320114648852623
2024-08-02 07:00:00,30.514,32.7,30.0,0.0,0.0,0.0
2024-08-02 08:00:00,30.507,32.7,30.0,0.0,0.0,0.0
2024-08-02 09:00:00,30.513,32.7,30.0,0.0,0.0,14.843827119714714
2024-08-02 10:00:00,30.512,32.7,30.0,0.0,0.0,0.0
2024-08-02 11:00:00,30.524,32.7,30.0,0.0,1.752498625631862,0.0
2024-08-02 12:00:00,30.531,32.7,30.0,0.0,0.0,0.0
2024-08-02 13:00:00,30.544,32.7,30.0,0.18264998160757767,1.8408724222900283,2.002697663789914
2024-08-02 14:00:00,30.537,32.7,30.0,0.017991604087865043,10.733919642322244,0.18873201451645674
2024-08-02 15:00:00,30.529,32.7,30.0,0.0,0.0,0.0
2024-08-02 16:00:00,30.536,32.7,30.0,3.0669537897162633,1.7086125503022205,1.1478981883486252
2024-08-02 17:00:00,30.536,32.7,30.0,0.0,0.0,0.0
2024-08-02 18:00:00,30.537,32.7,30.0,0.0,0.0,0.0
2024-08-02 19:00:00,30.545,32.7,30.0,0.0,0.0,0.0
2024-08-02 20:00:00,30.542,32.7,30.0,0.0,0.0,0.0
2024-08-02 21:00:00,30.553,32.7,30.0,0.0,0.0,0.0
2024-08-02 22:00:00,30.549,32.7,30.0,0.0,0.0,0.0
2024-08-02 23:00:00,30.56,32.7,30.0,0.0,0.0,0.0
2024-08-03 00:00:00,30.552,32.7,30.0,0.0,0.0,0.0
2024-08-03 01:00:00,30.562,32.7,30.0,0.0,0.0,0.0
2024-08-03 02:00:00,30.532,32.7,30.0,0.0,0.0,0.0
2024-08-03 03:00:00,30.519,32.7,30.0,0.40898412293843206,2.2858168356431428,1.1912205680404497
2024-08-03 04:00:00,30.519,32.7,30.0,1.0775043340676806,2.670712380107154,13.235635778973903
2024-08-03 05:00:00,30.516,32.7,30.0,0.0,0.0,0.0
2024-08-03 06:00:00,30.519,32.7,30.0,0.0,0.0,0.0
2024-08-03 07:00:00,30.52,32.7,30.0,0.0,0.0,0.0
2024-08-03 08:00:00,30.51,32.7,30.0,0.0,0.0,0.0
2024-08-03 09:00:00,30.531,32.7,30.0,0.0,0.0,0.0
2024-08-03 10:00:00,30.508,32.7,30.0,0.0,0.0,0.0
2024-08-03 11:00:00,30.47,32.7,30.0,0.0,0.0,0.0
2024-08-03 12:00:00,30.436,32.7,30.0,0.0,0.0,0.0
2024-08-03 13:00:00,30.384,32.7,30.0,0.0,0.0,0.0
2024-08-03 14:00:00,30.364,32.7,30.0,0.0,0.0,0.0
2024-08-03 15:00:00,30.365,32.7,30.0,0.0,0.0,0.0
2024-08-03 16:00:00,30.384,32.7,30.0,0.0,0.0,0.0
2024-08-03 17:00:00,30.419,32.7,30.0,0.0,0.0,0.0
2024-08-03 18:00:00,30.444,32.7,30.0,0.06527101730872284,2.5444423193029326,2.783322901436419
2024-08-03 19:00:00,30.441,32.7,30.0,0.0,0.0,0.0
2024-08-03 20:00:00,30.453,32.7,30.0,0.0,0.0,0.0
2024-08-03 21:00:00,30.447,32.7,30.0,0.0,0.0,0.0
2024-08-03 22:00:00,30.468,32.7,30.0,0.0,0.0,0.0
2024-08-03 23:00:00,30.465,32.7,30.0,0.0,0.0,0.0
2024-08-04 00:00:00,30.479,32.7,30.0,9.670778937354106,0.7139674018781473,0.4943990372559393
2024-08-04 01:00:00,30.467,32.7,30.0,0.0,0.0,0.0
2024-08-04 02:00:00,30.49,32.7,30.0,0.0,0.0,0.0
2024-08-04 03:00:00,30.489,32.7,30.0,0.0,0.0,0.0
2024-08-04 04:00:00,30.508,32.7,30.0,0.0,0.0,0.0
2024-08-04 05:00:00,30.499,32.7,30.0,6.820414581728482,0.952812624855692,9.865440023504616
2024-08-04 06:00:00,30.513,32.7,30.0,0.0,0.0,0.0
2024-08-04 07:00:00,30.505,32.7,30.0,0.0,0.0,0.0
2024-08-04 08:00:00,30.499,32.7,30.0,0.0,0.0,0.0
2024-08-04 09:00:00,30.504,32.7,30.0,0.0,0.0,0.0
2024-08-04 10:00:00,30.51,32.7,30.0,0.0,0.0,0.0
2024-08-04 11:00:00,30.532,32.7,30.0,3.0389422145478884,1.1205769335394906,2.100449797638091
2024-08-04 12:00:00,30.545,32.7,30.0,0.0,0.0,0.0
2024-08-04 13:00:00,30.547,32.7,30.0,0.0,0.0,0.0
2024-08-04 14:00:00,30.55,32.7,30.0,2.435186765148422,0.8791638089084506,12.37726927410713
2024-08-04 15:00:00,30.544,32.7,30.0,1.406624958567074,1.5428005810738115,5.156546027470851
2024-08-04 16:00:00,30.542,32.7,30.0,2.016663233667198,0.0,0.0
2024-08-04 17:00:00,30.544,32.7,30.0,0.8615558493239754,0.7951282868081737,0.36505539860491953
2024-08-04 18:00:00,30.549,32.7,30.0,0.0,0.0,0.0
2024-08-04 19:00:00,30.558,32.7,30.0,4.171297961892591,0.4377683062282115,5.992104090392909
2024-08-04 20:00:00,30.565,32.7,30.0,0.0,0.0,0.0
2024-08-04 21:00:00,30.557,32.7,30.0,0.0,0.0,0.0
2024-08-04 22:00:00,30.571,32.7,30.0,6.155003488849357,7.895014091848204,5.565239023486909
2024-08-04 23:00:00,30.568,32.7,30.0,0.0,0.0,0.0
2024-08-05 00:00:00,30.129,32.7,30.0,0.0,0.0,0.0
2024-08-05 01:00:00,29.947,32.7,30.0,0.0,0.0,0.0
2024-08-05 02:00:00,30.043,32.7,30.0,0.0,0.0,0.0
2024-08-05 03:00:00,30.129,32.7,30.0,0.0,0.0,0.5075771484017357
2024-08-05 04:00:00,30.207,32.7,30.0,0.0,0.0,0.0
2024-08-05 05:00:00,30.278,32.7,30.0,0.0,0.0,0.0
2024-08-05 06:00:00,30.278,32.7,30.0,0.0,0.0,0.0
2024-08-05 07:00:00,30.299,32.7,30.0,0.0,0.0,0.0
2024-08-05 08:00:00,30.332,32.7,30.0,6.94131481484453,15.820233088162006,0.8137329832359556
2024-08-05 09:00:00,30.319,32.7,30.021907775768536,0.0,0.0,0.0
2024-08-05 10:00:00,30.321,32.7,30.04381555153707,0.0,0.0,0.0
2024-08-05 11:00:00,30.343,32.7,30.065723327305605,0.0,0.0,0.0
2024-08-05 12:00:00,30.367,32.7,30.08763110307414,0.0,1.2815736859408333,0.0
2024-08-05 13:00:00,30.311,32.7,30.109538878842677,0.0,0.0,0.0
2024-08-05 14:00:00,30.312,32.7,30.13144665461121,0.0,0.0,0.09684001464115649
2024-08-05 15:00:00,30.306,32.7,30.153354430379746,0.0,0.0,0.0
2024-08-05 16:00:00,30.254,32.7,30.175262206148282,0.0,0.0,0.0
2024-08-05 17:00:00,30.197,32.7,30.19716998191682,0.0,0.0,0.0
2024-08-05 18:00:00,30.08,32.7,30.21907775768535,1.0722320374679883,0.0,0.0
2024-08-05 19:00:00,30.09,32.7,30.240985533453888,0.0,0.0,0.0
2024-08-05 20:00:00,30.137,32.7,30.262893309222424,0.0,0.7612517123666596,0.0
2024-08-05 21:00:00,30.178,32.7,30.28480108499096,0.0,0.0,0.0
2024-08-05 22:00:00,30.22,32.7,30.306708860759493,2.0924447836864712,11.584073174190653,2.7455578938816116
2024-08-05 23:00:00,30.141,32.7,30.32861663652803,9.193903256730705,5.695810065793715,8.42039432027887
2024-08-06 00:00:00,30.034,32.7,30.350524412296565,14.60510035545012,6.485143227749038,0.5829560367071317
2024-08-06 01:00:00,29.897,32.7,30.3724321880651,0.28403038162975863,0.7172823480725692,5.290164172696219
2024-08-06 02:00:00,29.868,32.7,30.394339963833634,0.0,0.0,0.0
2024-08-06 03:00:00,29.946,32.7,30.41624773960217,0.0,0.0,0.0
2024-08-06 04:00:00,30.011,32.7,30.438155515370706,0.0,0.0,0.0
2024-08-06 05:00:00,30.087,32.668000000000006,30.46006329113924,0.0,0.0,0.0
2024-08-06 06:00:00,30.079,32.7,30.481971066907775,0.0,0.0,0.0
2024-08-06 07:00:00,30.083,32.7,30.50387884267631,0.0,7.189072720204679,0.0
2024-08-06 08:00:00,30.081,32.7,30.525786618444847,0.0,0.0,0.0
2024-08-06 09:00:00,30.068,32.7,30.525786618444847,0.0,0.0,0.0
2024-08-06 10:00:00,29.955,32.7,30.525786618444847,0.0,0.0,0.0
2024-08-06 11:00:00,29.823,32.7,30.547714437924057,9.704739138928193,3.9296302932982563,1.8516227144212858
2024-08-06 12:00:00,29.836,32.7,30.56964225740327,4.717476002199354,3.809381942740781,1.4789218581478156
2024-08-06 13:00:00,29.832,32.7,30.59157007688248,0.0,0.0,0.0
2024-08-06 14:00:00,29.8,32.7,30.61349789636169,0.0,0.0,0.0
2024-08-06 15:00:00,29.817,32.7,30.635425715840903,0.0,0.0,0.0
2024-08-06 16:00:00,29.736,32.7,30.657353535320112,0.0,0.0,0.0
2024-08-06 17:00:00,29.759,32.700500000000005,30.679281354799325,0.0,0.0,0.0
2024-08-06 18:00:00,29.89,32.7,30.701209174278535,0.0,0.0,0.0
2024-08-06 19:00:00,29.882,32.7,30.723136993757745,0.0,0.0,0.0
2024-08-06 20:00:00,29.896,32.7,30.745064813236958,16.933461755055887,2.697395580063851,0.897525326584223
2024-08-06 21:00:00,30.014,32.7,30.766992632716168,0.0,0.0,0.0
2024-08-06 22:00:00,29.931,32.7,30.788920452195377,3.839737181836816,0.3680681013129562,1.5400108588173334
2024-08-06 23:00:00,29.884,32.7,30.81084827167459,0.0,0.0,0.0
2024-08-07 00:00:00,29.885,32.7,30.8327760911538,0.0,0.0,0.0
2024-08-07 01:00:00,30.005,32.7,30.854703910633013,0.0,0.0,0.0
2024-08-07 02:00:00,30.052,32.7,30.876631730112223,0.0,0.0,0.0
2024-08-07 03:00:00,30.057,32.7,30.898559549591432,0.9451356707643681,0.4950078380692101,1.6974578504588915
2024-08-07 04:00:00,30.082,32.7,30.920487369070646,0.0,0.0,0.0
2024-08-07 05:00:00,30.081,32.7,30.942415188549855,0.0,22.081449141453042,0.0
2024-08-07 06:00:00,30.124,32.7,30.964343008029065,0.0,0.0,0.0
2024-08-07 07:00:00,30.123,32.7,30.986270827508278,0.0,0.0,0.0
2024-08-07 08:00:00,30.142,32.7,31.008198646987488,0.0,0.0,0.0
2024-08-07 09:00:00,30.149,32.7,31.0301264664667,0.0,0.0,0.0
2024-08-07 10:00:00,30.16225,32.7,31.05205428594591,0.0,0.0,0.0
2024-08-07 11:00:00,30.1755,32.7,31.05205428594591,0.0,0.0,0.0
2024-08-07 12:00:00,30.188750000000002,32.7,31.05205428594591,0.0,0.0,0.0
2024-08-07 13:00:00,30.202,32.7,31.05205428594591,0.0,0.0,0.0
2024-08-07 14:00:00,30.222,32.7,31.05205428594591,2.8383782256876118,1.2665979492192811,0.7082304904472168
2024-08-07 15:00:00,30.23,32.7,31.05205428594591,0.0,0.0,0.0
2024-08-07 16:00:00,30.247,32.7,31.05205428594591,0.0,0.0,1.197879462969025
2024-08-07 17:00:00,30.245,32.7,31.05205428594591,0.0,0.0,0.0
2024-08-07 18:00:00,30.199,32.7,31.05205428594591,0.0,0.0,0.0
2024-08-07 19:00:00,30.195,32.7,31.05205428594591,0.13627768753114075,3.3161798550282287,0.15920784750652076
2024-08-07 20:00:00,30.205,32.7,31.05205428594591,0.0,0.0,0.0
2024-08-07 21:00:00,30.213,32.7,31.05205428594591,0.0,0.0,0.0
2024-08-07 22:00:00,30.232,32.7,31.05205428594591,0.06060396412187054,1.1089170335800047,3.735227820590037
2024-08-07 23:00:00,30.24,32.7,31.05205428594591,0.0,0.0,0.0
2024-08-08 00:00:00,30.172,32.7,31.05205428594591,0.0,0.0,0.0
2024-08-08 01:00:00,30.077,32.7,31.05205428594591,0.0,0.0,0.0
2024-08-08 02:00:00,30.086,32.7,31.05205428594591,0.6398000858783239,0.21206405422092237,0.0343657927932912
2024-08-08 03:00:00,30.064,32.7,31.05205428594591,0.0,0.0,0.0
2024-08-08 04:00:00,30.104,32.7,31.05205428594591,0.0,0.0,0.0
2024-08-08 05:00:00,30.149,32.7,31.05205428594591,0.0,0.0,0.0
2024-08-08 06:00:00,30.195,32.7,31.05205428594591,0.0,0.0,0.17051103843487833
2024-08-08 07:00:00,30.208,32.7,31.05205428594591,0.6694619928838023,0.5698504597054814,0.8970873909522263
2024-08-08 08:00:00,30.214,32.7,31.05205428594591,0.0,0.0,0.0
2024-08-08 09:00:00,30.252,32.7,31.05205428594591,6.589275111775182,1.2654162735353538,10.716400735910776
2024-08-08 10:00:00,30.271,32.7,31.05205428594591,0.0,0.0,0.0
2024-08-08 11:00:00,30.278,32.7,31.05205428594591,0.0,0.0,0.0
2024-08-08 12:00:00,30.299,32.7,31.05205428594591,0.5744448064911658,3.3831804171511637,2.4519566712961716
2024-08-08 13:00:00,30.293,32.7,31.05205428594591,2.041768526024034,0.07357482552056933,1.620231288230211
2024-08-08 14:00:00,30.3,32.7,31.05205428594591,0.0,0.0,0.0
2024-08-08 15:00:00,30.255,32.7,31.05205428594591,0.0,0.0,0.0
2024-08-08 16:00:00,30.17,32.7,31.05205428594591,0.0,0.0,0.0
2024-08-08 17:00:00,30.222,32.7,31.05205428594591,12.933051494920019,2.2546791855013697,7.459075526784169
2024-08-08 18:00:00,30.093,32.7,31.05205428594591,0.0,0.13124720791981573,0.0
2024-08-08 19:00:00,29.919,32.7,31.05205428594591,1.6819394589993408,0.9509109279538307,0.9700662018119899
2024-08-08 20:00:00,29.985,32.7,31.05205428594591,0.0,0.0,0.0
2024-08-08 21:00:00,30.05,32.7,31.05205428594591,0.0,0.0,0.0
2024-08-08 22:00:00,30.075,32.7,31.05205428594591,0.0,0.0,0.0
2024-08-08 23:00:00,29.963,32.7,31.05205428594591,0.0,0.0,0.0
2024-08-09 00:00:00,29.925,32.7,31.05205428594591,0.0,0.0,0.0
2024-08-09 01:00:00,29.977,32.7,31.05205428594591,0.0,0.0,0.0
2024-08-09 02:00:00,30.033,32.7,31.05205428594591,1.2083266154548498,1.2257013923693787,11.015769831434069
2024-08-09 03:00:00,30.074,32.7,31.05205428594591,0.0,0.0,0.0
2024-08-09 04:00:00,30.086,32.7,31.05205428594591,0.6652721606828571,0.0,0.0
2024-08-09 05:00:00,30.125,32.7,31.05205428594591,0.9038431797327202,0.9636004984651259,14.681648640923095
2024-08-09 06:00:00,30.141,32.7,31.05205428594591,0.0,0.0,0.08896497271031367
2024-08-09 07:00:00,30.152,32.7,31.05205428594591,0.0,0.0,0.0
2024-08-09 08:00:00,30.164,32.7,31.05205428594591,0.0,0.0,0.0
2024-08-09 09:00:00,30.173,32.7,31.05205428594591,0.0,0.0,0.0
2024-08-09 10:00:00,30.193,32.7,31.05205428594591,0.0,0.0,0.0
2024-11-03 12:00:00,30.827142857142857,32.7,78.46,0.0,0.0,0.0
2024-11-03 13:00:00,30.825714285714284,32.7,78.46,0.0,0.0,0.0
2024-11-03 14:00:00,30.82428571428571,32.7,78.46,0.0,7.978185633293912,0.0
2024-11-03 15:00:00,30.822857142857142,32.7,78.46,0.0,0.0,0.0
2024-11-03 16:00:00,30.82142857142857,32.7,78.46,0.0,0.0,0.0
2024-11-03 17:00:00,30.82,32.7,78.46,0.0,0.0,0.0
2024-11-03 18:00:00,30.818571428571428,32.7,78.46,0.0,0.0,0.0
2024-11-03 19:00:00,30.817142857142855,32.7,78.46,0.0,0.0,0.0
2024-11-03 20:00:00,30.815714285714286,32.7,78.46,0.0,0.0,0.0
2024-11-03 21:00:00,30.814285714285713,32.7,78.46,0.0,0.0,0.0
2024-11-03 22:00:00,30.81285714285714,32.7,78.46,0.0,0.0,0.0
2024-11-03 23:00:00,30.81142857142857,32.7,78.46,0.0,0.0,0.0
2024-11-04 00:00:00,30.81,32.7,78.46,0.0,0.0,0.0
2024-11-04 01:00:00,30.81083333333333,32.7,78.46,0.0,0.0,0.0
2024-11-04 02:00:00,30.811666666666667,32.7,78.46,0.0,0.0,0.0
2024-11-04 03:00:00,30.8125,32.7,78.46,0.0,0.0,0.0
2024-11-04 04:00:00,30.813333333333333,32.7,78.46,0.0,0.0,0.0
2024-11-04 05:00:00,30.81416666666667,32.7,78.46,1.5046723555774428,2.863797254142953,1.0949627479463824
2024-11-04 06:00:00,30.815,32.7,78.46,0.0,0.0,0.0
2024-11-04 07:00:00,30.819,32.7,78.46,0.0,0.0,0.0
2024-11-04 08:00:00,30.819,32.7,78.46,0.0,0.0,0.0
2024-11-04 09:00:00,30.819,32.7,78.46,0.0,0.0,0.0
2024-11-04 10:00:00,30.819,32.7,78.46,2.445597941714686,0.0,0.0
2024-11-04 11:00:00,30.819,32.7,78.46,0.0,0.0,0.0
2024-11-04 12:00:00,30.819,32.7,78.46,0.0,0.0,0.0
2024-11-04 13:00:00,30.819,32.7,78.46,0.0,0.0,0.0
2024-11-04 14:00:00,30.818,32.7,78.46,0.0,3.6428394120599856,0.0
2024-11-04 15:00:00,30.819333333333333,32.7,78.46,0.0,1.7799709215886592,0.0
2024-11-04 16:00:00,30.820666666666668,32.7,78.46,0.0,0.0,0.0
2024-11-04 17:00:00,30.822000000000003,32.7,78.46,0.0,0.0,0.0
2024-11-04 18:00:00,30.823333333333334,32.7,78.46,0.0,0.0,0.0
2024-11-04 19:00:00,30.824666666666666,32.7,78.46,0.09579706047383912,0.0,0.0
2024-11-04 20:00:00,30.826,32.7,78.46,1.1333103708426675,14.325733302730915,1.4584464468120373
2024-11-04 21:00:00,30.824,32.7,78.46,0.0,0.0,0.0
2024-11-04 22:00:00,30.824278301886793,32.7,78.46,80.0,0.0,0.0
2024-11-04 23:00:00,30.824556603773587,32.7,78.46,0.0,0.0,0.0
2024-11-05 00:00:00,30.824834905660378,32.7,78.46,0.061367909877171806,0.5251712795495225,1.0809843889169648
2024-11-05 01:00:00,30.825113207547172,32.7,78.46,0.0,0.0,0.0
2024-11-05 02:00:00,30.825391509433963,32.7,78.46,0.0,0.0,0.0
2024-11-05 03:00:00,30.825669811320758,32.7,78.46,0.0,0.0,0.0
2024-11-05 04:00:00,30.82594811320755,32.7,78.46,0.3774026263743994,15.012777486736788,10.056669234846861
2024-11-05 05:00:00,30.82622641509434,32.7,78.46,0.0,0.0,0.0
2024-11-05 06:00:00,30.826504716981134,32.7,78.46,0.0,0.0,0.0
2024-11-05 07:00:00,30.826783018867925,32.7,78.46,0.0,0.0,0.0
2024-11-05 08:00:00,30.82706132075472,32.7,78.46,0.3575440995188524,0.8568563375651255,2.99778319649803
2024-11-05 09:00:00,30.82733962264151,32.7,78.46,0.0,0.0,0.0
2024-11-05 10:00:00,30.827617924528305,32.7,78.46,0.0,0.0,0.0
2024-11-05 11:00:00,30.827896226415096,32.7,78.46,0.0,0.0,0.0
2024-11-05 12:00:00,30.82817452830189,32.7,78.46,0.0,0.0,0.0
2024-11-05 13:00:00,30.82845283018868,32.7,78.41624999999999,0.0,0.0,0.0
2024-11-05 14:00:00,30.828731132075472,32.7,78.3725,0.0,0.0,0.0
2024-11-05 15:00:00,30.829009433962266,32.7,78.32875,0.0,0.0,0.0
2024-11-05 16:00:00,30.829287735849057,32.7,78.285,0.0,0.0,0.0
2024-11-05 17:00:00,30.82956603773585,32.7,78.285,0.0,0.0,0.0
2024-11-05 18:00:00,30.829844339622642,32.7,78.285,0.0,0.0,0.0
2024-11-05 19:00:00,30.830122641509437,32.7,78.285,0.0,0.0,0.0
2024-11-05 20:00:00,30.830400943396228,32.7,78.285,0.0,0.0,0.0
2024-11-05 21:00:00,30.83067924528302,32.7,78.285,0.6954249417958429,0.0,0.0
2024-11-05 22:00:00,30.83067924528302,32.7,78.285,0.0,0.0,0.0
2024-11-05 23:00:00,30.83067924528302,32.7,78.285,0.0,0.0,0.0
2024-11-06 00:00:00,30.83095792892823,32.7,78.285,0.0,0.0,0.0
2024-11-06 01:00:00,30.83123661257344,32.7,78.285,0.0,0.0,0.0
2024-11-06 02:00:00,30.83151529621865,32.7,78.285,2.9636345594569327,0.9427292530865581,1.1317629923903114
2024-11-06 03:00:00,30.83179397986386,32.7,78.285,1.374868966197181,3.190490852425216,4.193276818510738
2024-11-06 04:00:00,30.83207266350907,32.7,78.285,0.0,0.0,0.0
2024-11-06 05:00:00,30.832351347154283,32.7,78.285,0.0,0.0,0.0
2024-11-06 06:00:00,30.832630030799493,32.7,78.285,0.0,0.0,0.0
2024-11-06 07:00:00,30.832908714444702,32.7,78.285,0.0,0.0,0.0
2024-11-06 08:00:00,30.833187398089915,32.7,78.285,4.3589947765247565,3.395415302557618,4.056204918902951
2024-11-06 09:00:00,30.833466081735125,32.7,78.285,0.0,0.0,0.0
2024-11-06 10:00:00,30.833744765380334,32.7,78.285,0.0,0.0,0.0
2024-11-06 11:00:00,30.834023449025544,32.7,78.285,0.0,0.0,0.0
2024-11-06 12:00:00,30.834302132670757,32.7,78.285,0.0,0.0,0.0
2024-11-06 13:00:00,30.834580816315967,32.7,78.285,0.0,0.0,0.0
2024-11-06 14:00:00,30.834859499961176,32.7,78.285,0.0,0.0,0.0
2024-11-06 15:00:00,30.835138183606386,32.7,78.285,0.0,0.0,0.0
2024-11-06 16:00:00,30.8354168672516,32.7,78.285,0.0,0.0,0.0
2024-11-06 17:00:00,30.83569555089681,32.7,78.285,0.0,0.0,0.0
2024-11-06 18:00:00,30.835974234542018,32.7,78.285,0.0,0.0,0.0
2024-11-06 19:00:00,30.83625291818723,32.7,78.285,0.0,0.0,0.6920451684008688
2024-11-06 20:00:00,30.83653160183244,32.7,78.285,0.0,0.0,0.0
2024-11-06 21:00:00,30.83681028547765,32.7,78.285,0.0,0.0,0.0
2024-11-06 22:00:00,30.83708896912286,32.7,78.285,0.0,0.0,0.0
2024-11-06 23:00:00,30.837367652768073,32.7,78.285,0.0,0.0,0.0
2024-11-07 00:00:00,30.837367652768073,32.7,78.285,0.0,0.0,0.0
2024-11-07 01:00:00,30.837367652768073,32.7,78.285,3.3753117774263,0.893489883151028,3.306974596326545
2024-11-07 02:00:00,30.837367652768073,32.7,78.285,0.0,0.0,0.0
2024-11-07 03:00:00,30.837367652768073,32.7,78.285,0.0,0.0,0.0
2024-11-07 04:00:00,30.837367652768073,32.7,78.285,0.0,0.0,0.0
2024-11-07 05:00:00,30.837367652768073,32.7,78.285,0.0,0.0,0.0
2024-11-07 06:00:00,30.837367652768073,32.7,78.285,0.0,0.0,0.0
2024-11-07 07:00:00,30.837367652768073,32.7,78.285,0.0,0.0,0.0
2024-11-07 08:00:00,30.837367652768073,32.7,78.285,0.0,0.0,0.0
2024-11-07 09:00:00,30.837367652768073,32.7,78.285,0.0,0.0,0.0
2024-11-07 10:00:00,30.837367652768073,32.7,78.285,0.0,0.0,0.0
2024-11-07 11:00:00,30.837367652768073,32.7,78.285,0.0,0.0,0.0
2024-11-07 12:00:00,30.837367652768073,32.7,78.285,3.345359676307027,3.0862237105677988,12.03351805247296
2024-11-07 13:00:00,30.837367652768073,32.7,78.285,0.0,0.0,0.0
2024-11-07 14:00:00,30.837367652768073,32.7,78.285,0.0,0.0,0.0
2024-11-07 15:00:00,30.837367652768073,32.7,78.285,0.0,0.0,0.0
2024-11-07 16:00:00,30.837367652768073,32.7,78.285,0.0,0.0,0.0
2024-11-07 17:00:00,30.837367652768073,32.7,78.285,0.0,0.0,0.0
2024-11-07 18:00:00,30.837367652768073,32.7,78.285,0.0,0.0,0.0
2024-11-07 19:00:00,30.837367652768073,32.7,78.285,0.0,0.0,0.0
2024-11-07 20:00:00,30.837367652768073,32.7,78.285,0.0,0.0,0.0
2024-11-07 21:00:00,30.837367652768073,32.7,78.285,0.0,0.0,0.0
2024-11-07 22:00:00,30.837367652768073,32.7,78.285,0.0,0.0,0.0
2024-11-07 23:00:00,30.837367652768073,32.7,78.285,0.0,0.0,0.0
2024-11-08 00:00:00,30.837367652768073,32.7,78.285,0.0,0.0,0.0
2024-11-08 01:00:00,30.837367652768073,32.7,78.285,0.0,0.0,0.0
2024-11-08 02:00:00,30.837367652768073,32.7,78.285,0.0,0.0,0.0
2024-11-08 03:00:00,30.837367652768073,32.7,78.285,0.0,0.0,0.0
2024-11-08 04:00:00,30.837367652768073,32.7,78.285,0.0,0.0,0.0
2024-11-08 05:00:00,30.837367652768073,32.7,78.285,0.0,0.0,0.0
2024-11-08 06:00:00,30.837367652768073,32.7,78.285,0.0,0.0,0.0
2024-11-08 07:00:00,30.837367652768073,32.7,78.285,0.0,0.0,0.0
2024-11-08 08:00:00,30.837367652768073,32.7,78.285,0.0,0.0,0.0
2024-11-08 09:00:00,30.837367652768073,32.7,78.285,0.0,0.0,0.0
2024-11-08 10:00:00,30.837367652768073,32.7,78.285,0.0,0.0,0.0
2024-11-08 11:00:00,30.837367652768073,32.7,78.285,0.0,0.0,0.0
2024-11-08 12:00:00,30.837367652768073,32.7,78.285,0.0,0.0,0.0
2024-11-08 13:00:00,30.837367652768073,32.7,78.285,0.0,0.0,0.0
2024-11-08 14:00:00,30.837367652768073,32.7,78.285,0.0,0.0,0.0
2024-11-08 15:00:00,30.837367652768073,32.7,78.285,0.0,0.0,0.0
2024-11-08 16:00:00,30.837367652768073,32.7,78.285,0.8491004390087504,7.400340757021719,5.370557482388269
2024-11-08 17:00:00,30.837367652768073,32.7,78.285,0.0,0.0,0.0
2024-11-08 18:00:00,30.837367652768073,32.7,78.285,2.054990594556389,7.256695843873292,0.05645167991371315
2024-11-08 19:00:00,30.837367652768073,32.7,78.285,0.0,0.0,0.0
2024-11-08 20:00:00,30.837367652768073,32.7,78.285,0.0,0.0,0.0
2024-11-08 21:00:00,30.837367652768073,32.7,78.285,0.0,0.0,0.0
2024-11-08 22:00:00,30.837367652768073,32.7,78.285,0.0,0.0,0.0
2024-11-08 23:00:00,30.837367652768073,32.7,78.285,0.0,0.0,0.0
2025-01-03 17:00:00,31.237,32.7,78.285,2.0314489144510044,0.0,0.0
2025-01-03 18:00:00,31.237,32.7,78.285,0.0,0.0,0.0
2025-01-03 19:00:00,31.237,32.7,78.285,0.0,0.0,0.0
2025-01-03 20:00:00,31.237,32.7,78.285,0.0,0.0,0.18341163424985205
2025-01-03 21:00:00,31.237,32.7,78.285,0.0,0.0,0.0
2025-01-03 22:00:00,31.237,32.7,78.285,0.0,0.0,0.0
2025-01-03 23:00:00,31.237,32.7,78.285,0.0,0.0,0.0
2025-01-04 00:00:00,31.237,32.7,78.285,0.0,0.0,0.0
2025-01-04 01:00:00,31.237,32.7,78.285,0.0,0.0,0.0
2025-01-04 02:00:00,31.237,32.7,78.285,0.0,0.0,0.0
2025-01-04 03:00:00,31.237,32.7,78.285,0.0,0.0,0.0
2025-01-04 04:00:00,31.237,32.7,78.285,0.0,0.0,0.0
2025-01-04 05:00:00,31.237,32.7,78.285,80.0,8.626958788663034,3.266768992323109
2025-01-04 06:00:00,31.237,32.7,78.285,0.0,0.0,0.0
2025-01-04 07:00:00,31.237,32.7,78.285,0.0,0.0,0.0
2025-01-04 08:00:00,31.237,32.7,78.285,0.0,0.05430934774550501,0.0
2025-01-04 09:00:00,31.237,32.7,78.285,3.6746752180564197,1.7681937740482039,0.28670883963720445
2025-01-04 10:00:00,31.237,32.7,78.285,0.0,0.0,0.0
2025-01-04 11:00:00,31.237,32.7,78.285,0.0,0.0,0.0
2025-01-04 12:00:00,31.237,32.7,78.285,0.0,0.0,0.0
2025-01-04 13:00:00,31.237,32.7,78.285,0.0,0.0,0.0
2025-01-04 14:00:00,31.237,32.7,78.285,0.0,0.0,0.0
2025-01-04 15:00:00,31.237,32.7,78.285,0.0,0.0,0.0
2025-01-04 16:00:00,31.237,32.7,78.285,0.0,0.0,0.0
2025-01-04 17:00:00,31.237,32.7,78.285,0.0,0.0,0.0
2025-01-04 18:00:00,31.237,32.7,78.285,0.0,0.0,0.0
2025-01-04 19:00:00,31.237,32.7,78.285,0.0,0.0,0.0
2025-01-04 20:00:00,31.237,32.7,78.285,0.0,0.0,0.0
2025-01-04 21:00:00,31.237,32.7,78.285,0.0,0.0,0.0
2025-01-04 22:00:00,31.237,32.7,78.285,0.0,0.0,0.0
2025-01-04 23:00:00,31.237,32.7,78.285,0.0,0.0,1.6359619354524937
2025-01-05 00:00:00,31.237,32.7,78.285,0.0,0.0,0.0
2025-01-05 01:00:00,31.237,32.7,78.285,0.0,0.0,0.0
2025-01-05 02:00:00,31.237,32.7,78.285,0.0,0.0,0.0
2025-01-05 03:00:00,31.237,32.7,78.285,0.0,0.0,0.0
2025-01-05 04:00:00,31.237,32.7,78.285,0.0,0.0,0.0
2025-01-05 05:00:00,31.237,32.7,78.285,0.0,0.0,0.0
2025-01-05 06:00:00,31.237,32.7,78.285,0.0,2.7931176579070787,0.0
2025-01-05 07:00:00,31.237,32.7,78.285,0.0,0.0,0.0
2025-01-05 08:00:00,31.237,32.7,78.285,0.0,0.0,0.0
2025-01-05 09:00:00,31.237,32.7,78.285,0.0,0.0,0.0
2025-01-05 10:00:00,31.237,32.7,78.285,1.008962015334088,0.8919541174196414,0.8988152030817309
2025-01-05 11:00:00,31.237,32.7,78.285,0.0,0.0,0.0
2025-01-05 12:00:00,31.237,32.7,78.285,0.0,0.0,0.0
2025-01-05 13:00:00,31.237,32.7,78.285,0.0,0.0,0.0
2025-01-05 14:00:00,31.237,32.7,78.285,0.0,0.0,0.0
2025-01-05 15:00:00,31.237,32.7,78.285,0.0,0.0,0.0
2025-01-05 16:00:00,31.237,32.7,78.285,0.0,0.0,0.0
2025-01-05 17:00:00,31.237,32.7,78.285,0.0,0.0,0.0
2025-01-05 18:00:00,31.23596296296296,32.7,78.285,0.7844657706966967,4.248956049043704,1.3287958614677295
2025-01-05 19:00:00,31.234925925925925,32.7,78.285,0.0,0.0,0.0
2025-01-05 20:00:00,31.233888888888888,32.7,78.285,0.0,0.0,0.0
2025-01-05 21:00:00,31.23285185185185,32.7,78.285,0.0,0.0,0.0
2025-01-05 22:00:00,31.231814814814815,32.7,78.285,0.0,0.0,0.0
2025-01-05 23:00:00,31.230777777777778,32.7,78.285,0.0,0.0,0.0
2025-01-06 00:00:00,31.229740740740738,32.7,78.285,0.0,0.0,0.0
2025-01-06 01:00:00,31.2287037037037,32.7,78.285,0.0,0.0,0.0
2025-01-06 02:00:00,31.227666666666664,32.7,78.285,0.0,0.0,0.0
2025-01-06 03:00:00,31.226629629629628,32.7,78.285,0.0,1.775931704304302,0.0
2025-01-06 04:00:00,31.22559259259259,32.7,78.285,0.0,0.0,0.0
2025-01-06 05:00:00,31.224555555555554,32.7,78.285,0.0,0.0,0.0
2025-01-06 06:00:00,31.223518518518517,32.7,78.285,0.0,0.0,0.0
2025-01-06 07:00:00,31.22248148148148,32.7,78.285,0.0,0.0,0.0
2025-01-06 08:00:00,31.221444444444444,32.7,78.285,0.0,0.0,0.0
2025-01-06 09:00:00,31.220407407407407,32.7,78.285,0.0,0.0,0.0
2025-01-06 10:00:00,31.21937037037037,32.7,78.285,0.0,0.0,1.6864394182090516
2025-01-06 11:00:00,31.218333333333334,32.7,78.285,0.0,0.0,0.0
2025-01-06 12:00:00,31.217296296296297,32.7,78.285,0.0,0.0,0.0
2025-01-06 13:00:00,31.21625925925926,32.7,78.285,0.0,0.0,0.0
2025-01-06 14:00:00,31.21522222222222,32.7,78.285,0.0,0.0,0.0
2025-01-06 15:00:00,31.214185185185183,32.7,78.285,0.0,0.0,0.20935544964724886
2025-01-06 16:00:00,31.213148148148147,32.7,78.285,0.0,0.0,0.0
2025-01-06 17:00:00,31.21211111111111,32.7,78.285,0.0,0.0,0.0
2025-01-06 18:00:00,31.21211111111111,32.7,78.285,0.0,0.0,0.0
2025-01-06 19:00:00,31.21211111111111,32.7,78.285,0.0,0.0,0.0
2025-01-06 20:00:00,31.209,32.7,78.285,0.0,0.0,0.0
2025-01-06 21:00:00,31.209238095238096,32.7,78.285,0.0,0.0,0.0
2025-01-06 22:00:00,31.20947619047619,32.7,78.285,0.0,0.7861657497628123,0.0
2025-01-06 23:00:00,31.209714285714284,32.7,78.285,0.0,0.0,0.0
2025-01-07 00:00:00,31.20995238095238,32.7,78.285,0.0,0.0,0.0
2025-01-07 01:00:00,31.210190476190476,32.7,78.285,0.0,0.0,0.0
2025-01-07 02:00:00,31.210428571428572,32.7,78.285,0.0,0.0,0.0
2025-01-07 03:00:00,31.210666666666665,32.7,78.285,0.0,0.0,0.0
2025-01-07 04:00:00,31.21090476190476,32.7,78.285,0.0,0.0,0.0
2025-01-07 05:00:00,31.211142857142857,32.7,78.285,0.0,0.0,0.0
2025-01-07 06:00:00,31.211380952380953,32.7,78.285,0.0,0.0,0.0
2025-01-07 07:00:00,31.211619047619045,32.7,78.285,0.0,0.0,0.0
2025-01-07 08:00:00,31.21185714285714,32.7,78.285,0.0,12.817345579546751,0.0
2025-01-07 09:00:00,31.212095238095237,32.7,78.285,0.0,0.0,0.0
2025-01-07 10:00:00,31.212333333333333,32.7,78.285,0.011566890500545917,0.0,0.0
2025-01-07 11:00:00,31.212571428571426,32.7,78.285,0.0,0.0,0.0
2025-01-07 12:00:00,31.212809523809522,32.7,78.285,0.0,0.0,0.0
2025-01-07 13:00:00,31.213047619047618,32.7,78.285,0.0,0.0,0.0
2025-01-07 14:00:00,31.213285714285714,32.7,78.285,0.0,0.0,0.0
2025-01-07 15:00:00,31.213523809523807,32.7,78.285,0.0,7.161404150862153,0.0
2025-01-07 16:00:00,31.213761904761903,32.7,78.285,0.0,0.0,0.0
2025-01-07 17:00:00,31.214,32.7,78.285,0.0,0.0,0.0
2025-01-07 18:00:00,31.211533333333332,32.7,78.285,0.0,0.0,0.0
2025-01-07 19:00:00,31.209066666666665,32.7,78.285,0.0,0.0,0.0
2025-01-07 20:00:00,31.206599999999998,32.7,78.285,0.0,0.0,0.0
2025-01-07 21:00:00,31.20413333333333,32.7,78.285,0.0,0.0,0.0
2025-01-07 22:00:00,31.201666666666664,32.7,78.285,0.0,0.0,0.0
2025-01-07 23:00:00,31.199199999999998,32.7,78.285,0.0,0.0,0.0
2025-01-08 00:00:00,31.19673333333333,32.7,78.285,0.9452385990802895,0.0,0.6773010881746215
2025-01-08 01:00:00,31.194266666666667,32.7,78.285,0.0,0.0,0.0
2025-01-08 02:00:00,31.1918,32.7,78.285,0.0,0.0,0.0
2025-01-08 03:00:00,31.189333333333334,32.7,78.285,0.0,0.0,0.0
2025-01-08 04:00:00,31.186866666666667,32.7,78.285,0.0,0.0,0.0
2025-01-08 05:00:00,31.1844,32.7,78.285,0.0,0.0,0.0
2025-01-08 06:00:00,31.181933333333333,32.7,78.285,0.0,0.0,0.0
2025-01-08 07:00:00,31.179466666666666,32.7,78.285,0.6250509342947299,0.0,0.0
2025-01-08 08:00:00,31.177,32.7,78.285,0.0,0.0,0.0
2025-01-08 09:00:00,31.1775,32.7,78.285,0.0,0.0,0.0
2025-01-08 10:00:00,31.178,32.7,78.285,0.0,0.0,0.0
2025-01-08 11:00:00,31.1785,32.7,78.285,0.0,0.0,0.0
2025-01-08 12:00:00,31.179,32.7,78.285,0.0,0.0,0.0
2025-01-08 13:00:00,31.1795,32.7,78.285,0.0,4.718363322614182,0.0
2025-01-08 14:00:00,31.18,32.7,78.285,0.0,0.0,0.0
2025-01-08 15:00:00,31.182,32.7,78.285,0.0,0.0,0.0
2025-01-08 16:00:00,31.180999999999997,32.7,78.285,0.0,0.0,0.0
2025-01-08 17:00:00,31.18,32.7,78.285,0.0,0.0,0.0
2025-01-08 18:00:00,31.179,32.7,78.285,0.0,0.0,0.0
2025-01-08 19:00:00,31.177999999999997,32.7,78.285,0.0,0.0,0.0
2025-01-08 20:00:00,31.177,32.7,78.285,0.0,0.0,0.0
2025-01-08 21:00:00,31.176,32.7,78.285,0.0,0.0,0.0
2025-01-08 22:00:00,31.166,32.7,78.285,0.0,0.0,0.0
2025-01-08 23:00:00,31.166,32.7,78.285,0.0,0.0,0.0
2025-01-09 00:00:00,31.166,32.7,78.285,1.1281636153577503,0.09792978515999316,1.217234237350002
2025-01-09 01:00:00,31.166,32.7,78.285,0.0,0.0,0.0
2025-01-09 02:00:00,31.166,32.7,78.285,0.0,0.0,0.0
2025-01-09 03:00:00,31.166,32.7,78.285,0.0,0.0,0.0
2025-01-09 04:00:00,31.166,32.7,78.285,0.0,0.0,0.0
2025-01-09 05:00:00,31.164,32.7,78.285,0.0,0.0,0.0
2025-01-09 06:00:00,31.16414285714286,32.7,78.285,0.0,0.0,0.0
2025-01-09 07:00:00,31.164285714285715,32.7,78.285,0.0,0.0,0.0
2025-01-09 08:00:00,31.164428571428573,32.7,78.285,0.0,0.0,0.0
2025-01-09 09:00:00,31.164571428571428,32.7,78.285,0.0,0.0,0.0
2025-01-09 10:00:00,31.164714285714286,32.7,78.285,0.0,0.0,0.0
2025-01-09 11:00:00,31.16485714285714,32.7,78.285,0.0,0.0,0.0
2025-01-09 12:00:00,31.165,32.7,78.285,0.0,2.4671675576619982,0.0
2025-01-09 13:00:00,31.164833333333334,32.7,78.285,0.0,0.0,0.0
2025-01-09 14:00:00,31.164666666666665,32.7,78.285,0.0,0.0,0.0
2025-01-09 15:00:00,31.1645,32.7,78.285,0.0,0.0,0.0
2025-01-09 16:00:00,31.164333333333335,32.7,78.285,0.0,0.0,0.0
2025-01-09 17:00:00,31.164166666666667,32.7,78.285,0.0,0.0,0.0
2025-01-09 18:00:00,31.164,32.7,78.285,0.0,0.0,0.0
2025-01-09 19:00:00,31.166,32.7,78.285,0.0,0.0,0.0
2025-01-09 20:00:00,31.1705,32.7,78.285,0.0,0.0,0.0
2025-01-09 21:00:00,31.175,32.7,78.285,0.0,0.0,0.0
2025-01-09 22:00:00,31.1795,32.7,78.285,0.0,0.0,0.0
2025-01-09 23:00:00,31.184,32.7,78.285,0.0,0.0,0.0
2025-01-10 00:00:00,31.1885,32.7,78.285,4.726614734417407,0.18663355695797368,0.23293067566838982
2025-01-10 01:00:00,31.193,32.7,78.285,0.0,0.0,0.0
2025-01-10 02:00:00,31.19,32.7,78.285,0.0,0.0,0.0
2025-01-10 03:00:00,31.188833333333335,32.7,78.285,0.0,0.0,0.0
2025-01-10 04:00:00,31.18766666666667,32.7,78.285,0.0,0.0,0.0
2025-01-10 05:00:00,31.186500000000002,32.7,78.285,0.0,4.6513297005210745,0.0
2025-01-10 06:00:00,31.185333333333332,32.7,78.285,0.0,0.0,0.0
2025-01-10 07:00:00,31.184166666666666,32.7,78.285,0.0,0.0,0.0
2025-01-10 08:00:00,31.183,32.7,78.285,0.0,0.0,0.0
2025-01-10 09:00:00,31.177,32.7,78.285,0.0,0.0,0.0
2025-01-10 10:00:00,31.176166666666667,32.7,78.285,0.0,0.0,0.0
2025-01-10 11:00:00,31.175333333333334,32.7,78.285,0.0,0.0,0.0
2025-01-10 12:00:00,31.174500000000002,32.7,78.285,0.0,0.0,0.0
2025-01-10 13:00:00,31.173666666666666,32.7,78.285,0.0,0.0,0.0
2025-01-10 14:00:00,31.172833333333333,32.7,78.285,0.0,0.0,0.0
2025-01-10 15:00:00,31.172,32.7,78.285,0.0,0.0,0.0
2025-01-10 16:00:00,31.174,32.7,78.285,0.0,0.0,0.0
2025-01-10 17:00:00,31.176666666666666,32.7,78.285,0.0,4.7896883019016965,0.0
2025-01-10 18:00:00,31.179333333333332,32.7,78.285,0.0,0.0,5.130127146843325
2025-01-10 19:00:00,31.182000000000002,32.7,78.285,0.0,0.0,0.0
2025-01-10 20:00:00,31.18466666666667,32.7,78.285,0.0,0.0,0.0
2025-01-10 21:00:00,31.187333333333335,32.7,78.285,0.0,0.0,0.0
2025-01-10 22:00:00,31.19,32.7,78.285,0.0,0.0,0.0
2025-01-10 23:00:00,31.19,32.7,78.285,0.0,0.0,3.6478526469252954
2025-01-11 00:00:00,31.188000000000002,32.7,78.285,0.0,0.0,0.0
2025-01-11 01:00:00,31.186,32.7,78.285,0.0,0.0,0.0
2025-01-11 02:00:00,31.184,32.7,78.285,0.0,0.0,0.0
2025-01-11 03:00:00,31.182,32.7,78.285,0.0,0.0,0.0
2025-01-11 04:00:00,31.18,32.7,78.285,0.10049918258052644,0.7072706973710612,1.0040860040634871
2025-01-11 05:00:00,31.177999999999997,32.7,78.285,0.0,0.0,0.0
2025-01-11 06:00:00,31.176,32.7,78.285,0.0,0.0,0.0
2025-01-11 07:00:00,31.175833333333333,32.7,78.285,0.0,0.0,0.0
2025-01-11 08:00:00,31.175666666666665,32.7,78.285,0.0,0.0,0.0
2025-01-11 09:00:00,31.1755,32.7,78.285,0.0,0.0,0.0
2025-01-11 10:00:00,31.175333333333334,32.7,78.285,0.0,0.0,0.0
2025-01-11 11:00:00,31.175166666666666,32.7,78.285,0.0,0.0,0.0
2025-01-11 12:00:00,31.175,32.7,78.285,0.0,0.0,0.0
2025-01-11 13:00:00,31.173,32.7,78.285,0.0,0.058824291318851515,0.0
2025-01-11 14:00:00,31.173166666666667,32.7,78.285,0.0,0.0,0.0
2025-01-11 15:00:00,31.173333333333332,32.7,78.285,0.0,0.0,0.0
2025-01-11 16:00:00,31.173499999999997,32.7,78.285,0.0,0.0,0.0
2025-01-11 17:00:00,31.173666666666666,32.7,78.285,0.0,0.0,0.0
2025-01-11 18:00:00,31.173833333333334,32.7,78.285,0.0,0.0,0.0
2025-01-11 19:00:00,31.174,32.7,78.285,0.0,0.0,0.0
2025-01-11 20:00:00,31.174,32.7,78.285,0.0,0.0,0.0
2025-01-11 21:00:00,31.173333333333332,32.7,78.285,0.0,0.0,0.0
2025-01-11 22:00:00,31.172666666666668,32.7,78.285,1.5327415129281943,0.0,0.0
2025-01-11 23:00:00,31.172,32.7,78.285,0.7926124173646353,8.922455621637743,0.3749441637295553
2025-01-12 00:00:00,31.171333333333333,32.7,78.285,0.0,0.0,0.0
2025-01-12 01:00:00,31.17066666666667,32.7,78.285,0.0,0.0,2.548832541957545
2025-01-12 02:00:00,31.17,32.7,78.285,1.0510829461900169,3.3298598935192527,2.0633195679070586
2025-01-12 03:00:00,31.170285714285715,32.7,78.285,0.0,0.0,0.0
2025-01-12 04:00:00,31.17057142857143,32.7,78.285,0.0,0.0,0.0
2025-01-12 05:00:00,31.170857142857145,32.7,78.285,0.0,0.0,0.0
2025-01-12 06:00:00,31.171142857142858,32.7,78.285,0.0,0.0,0.0
2025-01-12 07:00:00,31.17142857142857,32.7,78.285,0.0,0.0,0.0
2025-01-12 08:00:00,31.171714285714287,32.7,78.285,0.0,0.0,0.0
2025-01-12 09:00:00,31.172,32.7,78.285,0.0,0.0,0.0
2025-01-12 10:00:00,31.17,32.7,78.285,0.0,0.0,0.0
2025-01-12 11:00:00,31.173000000000002,32.7,78.285,0.0,0.0,0.0
2025-01-12 12:00:00,31.176000000000002,32.7,78.285,0.0,0.0,0.0
2025-01-12 13:00:00,31.179000000000002,32.7,78.285,0.0,0.0,0.0
2025-01-12 14:00:00,31.182,32.7,78.285,0.0,0.0,0.0
2025-01-12 15:00:00,31.185,32.7,78.285,0.0,0.0,0.0
2025-01-12 16:00:00,31.188,32.7,78.285,0.9980842485928507,0.20118885819226628,0.844399339748731
2025-01-12 17:00:00,31.187,32.7,78.285,0.0,0.0,0.0
2025-01-12 18:00:00,31.185666666666666,32.7,78.285,0.0,0.0,0.0
2025-01-12 19:00:00,31.184333333333335,32.7,78.285,0.0,0.0,0.0
2025-01-12 20:00:00,31.183,32.7,78.285,5.0120107547390615,5.936713928980496,0.0
2025-01-12 21:00:00,31.181666666666665,32.7,78.285,0.0,0.6382917960708281,0.0
2025-01-12 22:00:00,31.180333333333333,32.7,78.285,0.0,0.0,0.0
2025-01-12 23:00:00,31.179,32.7,78.285,0.0,0.0,0.0
2025-01-13 00:00:00,31.173,32.7,78.285,0.0,0.0,0.0
2025-01-13 01:00:00,31.17233333333333,32.7,78.285,0.0,0.0,0.0
2025-01-13 02:00:00,31.171666666666667,32.7,78.285,0.0,0.0,0.0
2025-01-13 03:00:00,31.171,32.7,78.285,0.0,0.0,0.0
2025-01-13 04:00:00,31.170333333333332,32.7,78.285,0.0,0.0,0.0
2025-01-13 05:00:00,31.169666666666668,32.7,78.285,0.0,0.0,0.0
2025-01-13 06:00:00,31.169,32.7,78.285,0.0,0.0,0.0
2025-01-13 07:00:00,31.169,32.7,78.285,0.0,0.0,0.0
2025-01-13 08:00:00,31.171307692307693,32.7,78.285,0.0,0.0,0.0
2025-01-13 09:00:00,31.173615384615385,32.7,78.285,0.0,0.0,0.0
2025-01-13 10:00:00,31.175923076923077,32.7,78.285,0.0,0.0,0.0
2025-01-13 11:00:00,31.17823076923077,32.7,78.285,0.0,0.0,0.0
2025-01-13 12:00:00,31.18053846153846,32.7,78.285,0.0,0.0,0.0
2025-01-13 13:00:00,31.182846153846153,32.7,78.285,0.0,0.0,0.0
2025-01-13 14:00:00,31.18515384615385,32.7,78.285,0.0,0.0,0.0
2025-01-13 15:00:00,31.18746153846154,32.7,78.285,0.0,0.0,0.0
2025-01-13 16:00:00,31.189769230769233,32.7,78.285,0.0,0.0,0.0
2025-01-13 17:00:00,31.192076923076925,32.7,78.285,0.0,0.0,0.0
2025-01-13 18:00:00,31.194384615384617,32.7,78.285,0.0,0.0,0.0
2025-01-13 19:00:00,31.19669230769231,32.7,78.285,0.0,0.0,0.0
2025-01-13 20:00:00,31.199,32.7,78.285,0.0,0.0,0.0
2025-01-13 21:00:00,31.20057142857143,32.7,78.285,0.0,0.0,0.0
2025-01-13 22:00:00,31.20214285714286,32.7,78.285,0.0,0.0,0.0
2025-01-13 23:00:00,31.203714285714288,32.7,78.285,0.0,0.0,0.0
2025-01-14 00:00:00,31.205285714285715,32.7,78.285,0.0,0.0,0.0
2025-01-14 01:00:00,31.206857142857142,32.7,78.285,0.0,0.029220716450105225,0.0
2025-01-14 02:00:00,31.208428571428573,32.7,78.285,0.0,0.0,0.0
2025-01-14 03:00:00,31.21,32.7,78.285,0.0,0.0,5.5939382236347
2025-01-14 04:00:00,31.206,32.7,78.285,0.0,0.0,0.0
2025-01-14 05:00:00,31.202333333333332,32.7,78.285,0.0,0.0,0.0
2025-01-14 06:00:00,31.198666666666668,32.7,78.285,0.0,0.0,6.974798706228888
2025-01-14 07:00:00,31.195,32.7,78.285,0.0,0.0,0.0
2025-01-14 08:00:00,31.191333333333333,32.7,78.285,0.0,0.0,0.0
2025-01-14 09:00:00,31.18766666666667,32.7,78.285,0.6102175437171019,0.0,0.0
2025-01-14 10:00:00,31.184,32.7,78.285,0.0,0.0,0.0
2025-01-14 11:00:00,31.18,32.7,78.285,0.0,0.0,0.0
2025-01-14 12:00:00,31.181153846153848,32.7,78.285,0.0,0.0,0.0
2025-01-14 13:00:00,31.182307692307692,32.7,78.285,0.0,0.0,0.0
2025-01-14 14:00:00,31.18346153846154,32.7,78.285,0.0,0.0,0.0
2025-01-14 15:00:00,31.184615384615384,32.7,78.285,0.0,0.0,0.0
2025-01-14 16:00:00,31.185769230769232,32.7,78.285,0.0,0.0,0.0
2025-01-14 17:00:00,31.186923076923076,32.7,78.285,0.0,0.0,0.0
2025-01-14 18:00:00,31.188076923076924,32.7,78.285,0.0,0.0,0.0
2025-01-14 19:00:00,31.189230769230768,32.7,78.285,6.504107953071261,0.0,0.0
2025-01-14 20:00:00,31.190384615384616,32.7,78.285,0.0,0.0,0.0
2025-01-14 21:00:00,31.19153846153846,32.7,78.285,0.0,0.0,0.0
2025-01-14 22:00:00,31.192692307692308,32.7,78.285,0.0,0.0,0.0
2025-01-14 23:00:00,31.193846153846152,32.7,78.285,0.0,1.10400465295602,0.0
2025-01-15 00:00:00,31.195,32.7,78.285,0.0,0.0,0.0
2025-01-15 01:00:00,31.192,32.7,78.285,0.0,0.0,3.317156517535942
2025-01-15 02:00:00,31.189333333333334,32.7,78.285,0.0,0.0,0.0
2025-01-15 03:00:00,31.186666666666667,32.7,78.285,0.0,0.0,0.0
2025-01-15 04:00:00,31.183999999999997,32.7,78.285,0.0,0.0,0.0
2025-01-15 05:00:00,31.18133333333333,32.7,78.285,0.1557824457974036,2.4067795655961723,0.062255155457093134
2025-01-15 06:00:00,31.178666666666665,32.7,78.285,0.0,0.0,0.0
2025-01-15 07:00:00,31.176,32.7,78.285,0.0,0.0,0.0
2025-01-15 08:00:00,31.173,32.7,78.285,1.3353884687881268,4.492119960341826,0.6818349458687248
2025-01-15 09:00:00,31.172714285714285,32.7,78.285,0.0,0.0,0.0
2025-01-15 10:00:00,31.17242857142857,32.7,78.285,0.0,0.0,0.0
2025-01-15 11:00:00,31.172142857142855,32.7,78.285,0.0,0.0,0.0
2025-01-15 12:00:00,31.171857142857142,32.7,78.285,0.0,0.0,0.0
2025-01-15 13:00:00,31.17157142857143,32.7,78.285,0.0,0.0,0.0
2025-01-15 14:00:00,31.171285714285712,32.7,78.285,0.0,0.0,0.0
2025-01-15 15:00:00,31.171,32.7,78.285,0.0,0.0,0.0
2025-01-15 16:00:00,31.170714285714286,32.7,78.285,0.0,0.0,0.0
2025-01-15 17:00:00,31.17042857142857,32.7,78.285,0.0,0.0,0.0
2025-01-15 18:00:00,31.170142857142856,32.7,78.285,0.0,0.0,0.0
2025-01-15 19:00:00,31.169857142857143,32.7,78.285,0.0,0.0,0.0
2025-01-15 20:00:00,31.16957142857143,32.7,78.285,0.0,1.3828882289905737,0.0
2025-01-15 21:00:00,31.169285714285714,32.7,78.285,0.0,0.0,0.0
2025-01-15 22:00:00,31.169,32.7,78.285,0.0,0.0,0.0
2025-01-15 23:00:00,31.168714285714287,32.7,78.285,0.0,0.0,0.021566020052607576
2025-01-16 00:00:00,31.16842857142857,32.7,78.285,0.0,0.0,0.0
2025-01-16 01:00:00,31.168142857142858,32.7,78.285,0.0,0.0,0.0
2025-01-16 02:00:00,31.167857142857144,32.7,78.285,0.0,0.0,0.0
2025-01-16 03:00:00,31.16757142857143,32.7,78.285,0.0,0.0,0.0
2025-01-16 04:00:00,31.167285714285715,32.7,78.285,0.0,0.0,0.0
2025-01-16 05:00:00,31.167,32.7,78.285,0.1405692753058967,3.5145449125978865,2.5444615230164613
2025-01-16 06:00:00,31.167333333333335,32.7,78.285,0.0,0.0,0.0
2025-01-16 07:00:00,31.16766666666667,32.7,78.285,0.0,0.0,0.0
2025-01-16 08:00:00,31.168,32.7,78.285,0.0,0.0,0.0
2025-01-16 09:00:00,31.168333333333333,32.7,78.285,0.0,0.0,0.0
2025-01-16 10:00:00,31.168666666666667,32.7,78.285,0.0,0.0,0.0
2025-01-16 11:00:00,31.169,32.7,78.285,0.0,0.0,0.0
2025-01-16 12:00:00,31.166,32.7,78.285,0.0,0.0,0.0
2025-01-16 13:00:00,31.166333333333334,32.7,78.285,0.0,0.0,0.0
2025-01-16 14:00:00,31.166666666666668,32.7,78.285,0.0,0.0,0.0
2025-01-16 15:00:00,31.167,32.7,78.285,0.0,0.0,0.0
2025-01-16 16:00:00,31.167333333333332,32.7,78.285,0.0,0.0,0.0
2025-01-16 17:00:00,31.167666666666666,32.7,78.285,0.0,0.0,0.0
2025-01-16 18:00:00,31.168,32.7,78.285,0.0,0.0,0.0
2025-01-16 19:00:00,31.172,32.7,78.285,0.0,0.0,0.0
2025-01-16 20:00:00,31.174285714285716,32.7,78.285,0.0,0.0,0.0
2025-01-16 21:00:00,31.176571428571428,32.7,78.285,0.0,0.0,0.0
2025-01-16 22:00:00,31.178857142857144,32.7,78.285,0.0,0.0,0.0
2025-01-16 23:00:00,31.181142857142856,32.7,78.285,0.0,0.0,0.0
2025-01-17 00:00:00,31.18342857142857,32.7,78.285,0.0,0.8625997164435573,0.0
2025-01-17 01:00:00,31.185714285714283,32.7,78.285,0.0,0.0,0.0
2025-01-17 02:00:00,31.188,32.7,78.285,14.118824464305868,0.0,0.0
2025-01-17 03:00:00,31.186923076923076,32.7,78.285,0.0,0.0,0.0
2025-01-17 04:00:00,31.185846153846153,32.7,78.285,0.0,0.0,0.0
2025-01-17 05:00:00,31.18476923076923,32.7,78.285,0.0,0.0,0.0
2025-01-17 06:00:00,31.183692307692308,32.7,78.285,0.09343057460469012,0.0,0.0
2025-01-17 07:00:00,31.182615384615385,32.7,78.285,0.0,0.0,0.0
2025-01-17 08:00:00,31.181538461538462,32.7,78.285,0.0,0.0,0.0
2025-01-17 09:00:00,31.180461538461536,32.7,78.285,0.0,0.0,0.0
2025-01-17 10:00:00,31.179384615384613,32.7,78.285,0.0,0.0,0.0
2025-01-17 11:00:00,31.17830769230769,32.7,78.285,0.0,0.0,0.0
2025-01-17 12:00:00,31.177230769230768,32.7,78.285,8.278691828225687,0.0,0.0
2025-01-17 13:00:00,31.176153846153845,32.7,78.285,0.0,0.0,0.0
2025-01-17 14:00:00,31.175076923076922,32.7,78.285,0.0,0.0,0.0
2025-01-17 15:00:00,31.174,32.7,78.285,0.0,0.0,0.0
2025-01-17 16:00:00,31.171,32.7,78.285,3.658812465791009,0.0,0.0
2025-01-17 17:00:00,31.171714285714284,32.7,78.285,0.0,0.0,0.0
2025-01-17 18:00:00,31.172428571428572,32.7,78.285,0.0,0.0,0.0
2025-01-17 19:00:00,31.173142857142857,32.7,78.285,0.0,0.0,0.0
2025-01-17 20:00:00,31.17385714285714,32.7,78.285,0.0,0.0,0.0
2025-01-17 21:00:00,31.174571428571426,32.7,78.285,0.0,0.0,0.0
2025-01-17 22:00:00,31.175285714285714,32.7,78.285,0.0,0.0,0.0
2025-01-17 23:00:00,31.176,32.7,78.285,0.0,0.0,0.0
2025-01-18 00:00:00,31.1725,32.7,78.285,0.0,0.0,0.0
2025-01-18 01:00:00,31.169,32.7,78.285,0.0,0.0,0.15104961563579117
2025-01-18 02:00:00,31.1655,32.7,78.285,0.0,0.0,0.0
2025-01-18 03:00:00,31.162,32.7,78.285,0.0,0.0,0.0
2025-01-18 04:00:00,31.1585,32.7,78.285,0.0,0.0,0.0
2025-01-18 05:00:00,31.155,32.7,78.285,0.0,0.0,0.0
2025-01-18 06:00:00,31.156,32.7,78.285,0.0,0.0,0.0
2025-01-18 07:00:00,31.15533333333333,32.7,78.285,0.0,0.0,0.0
2025-01-18 08:00:00,31.154666666666667,32.7,78.285,0.0,0.0,0.0
2025-01-18 09:00:00,31.154,32.7,78.285,0.0,0.0,0.0
2025-01-18 10:00:00,31.153333333333332,32.7,78.285,0.0,0.0,0.0
2025-01-18 11:00:00,31.15266666666667,32.7,78.285,2.2163483682000167,0.0,0.0
2025-01-18 12:00:00,31.152,32.7,78.285,0.0,0.0,0.0
2025-01-18 13:00:00,31.157,32.7,78.285,5.727180583385923,0.0,0.0
2025-01-18 14:00:00,31.156714285714287,32.7,78.285,0.003545124134313035,1.380289105748151,0.3119033521469386
2025-01-18 15:00:00,31.15642857142857,32.7,78.285,0.0,0.0,0.0
2025-01-18 16:00:00,31.156142857142857,32.7,78.285,0.0,0.0,0.0
2025-01-18 17:00:00,31.155857142857144,32.7,78.285,0.0,0.0,0.0
2025-01-18 18:00:00,31.15557142857143,32.7,78.285,0.0,0.0,0.0
2025-01-18 19:00:00,31.155285714285714,32.7,78.285,0.0,0.0,0.0
2025-01-18 20:00:00,31.155,32.7,78.285,0.0,0.0,0.0
2025-01-18 21:00:00,31.1595,32.7,78.285,0.7262585478975943,2.896344091730325,3.1148003428912387
2025-01-18 22:00:00,31.164,32.7,78.285,0.0,0.0,0.0
2025-01-18 23:00:00,31.168499999999998,32.7,78.285,0.0,0.0,0.0
2025-01-19 00:00:00,31.173,32.7,78.285,0.0,0.0,0.0
2025-01-19 01:00:00,31.1775,32.7,78.285,0.0,0.0,0.0
2025-01-19 02:00:00,31.182,32.7,78.285,0.0,0.0,0.0
2025-01-19 03:00:00,31.181,32.7,78.285,0.3029632513056661,0.0,0.0
2025-01-19 04:00:00,31.178833333333333,32.7,78.285,0.0,0.6439848270706351,0.0
2025-01-19 05:00:00,31.176666666666666,32.7,78.285,0.0,0.0,0.0
2025-01-19 06:00:00,31.174500000000002,32.7,78.285,0.0,0.0,0.0
2025-01-19 07:00:00,31.172333333333334,32.7,78.285,0.0,0.0,0.0
2025-01-19 08:00:00,31.170166666666667,32.7,78.285,0.0,0.0,0.0
2025-01-19 09:00:00,31.168,32.7,78.285,0.0,0.0,0.0
2025-01-19 10:00:00,31.166,32.7,78.285,0.0,0.0,0.0
2025-01-19 11:00:00,31.167,32.7,78.285,0.0,0.0,0.0
2025-01-19 12:00:00,31.168,32.7,78.285,0.0,0.0,0.0
2025-01-19 13:00:00,31.169,32.7,78.285,0.0,0.0,0.0
2025-01-19 14:00:00,31.169999999999998,32.7,78.285,0.0,0.0,0.0
2025-01-19 15:00:00,31.171,32.7,78.285,0.0,0.0,0.0
2025-01-19 16:00:00,31.172,32.7,78.285,0.0,0.0,0.0
2025-01-19 17:00:00,31.173,32.7,78.285,15.22935200000718,5.1684311103380605,1.5470927426721237
2025-01-19 18:00:00,31.174,32.7,78.285,0.0,0.0,0.0
2025-01-19 19:00:00,31.175,32.7,78.285,0.0,0.0,0.0
2025-01-19 20:00:00,31.176,32.7,78.285,0.0,0.0,0.0
2025-01-19 21:00:00,31.177,32.7,78.285,0.0,0.0,1.2854378690877986
2025-01-19 22:00:00,31.177999999999997,32.7,78.285,0.0,0.0,0.0
2025-01-19 23:00:00,31.179,32.7,78.285,0.0,0.0,0.0
2025-01-20 00:00:00,31.19,32.7,78.285,0.0,0.0,0.0
2025-01-20 01:00:00,31.189500000000002,32.7,78.285,0.0,0.0,0.0
2025-01-20 02:00:00,31.189,32.7,78.285,0.0,0.0,0.0
2025-01-20 03:00:00,31.1885,32.7,78.285,0.0,4.549873099795261,0.0
2025-01-20 04:00:00,31.188000000000002,32.7,78.285,0.0,0.0,0.0
2025-01-20 05:00:00,31.1875,32.7,78.285,0.0,0.0,0.0
2025-01-20 06:00:00,31.187,32.7,78.285,0.0,0.0,21.904251677703346
2025-01-20 07:00:00,31.188,32.7,78.285,0.0,0.0,0.0
2025-01-20 08:00:00,31.187833333333334,32.7,78.285,0.0,1.7543652337321556,0.0
2025-01-20 09:00:00,31.187666666666665,32.7,78.285,0.0,0.0,0.0
2025-01-20 10:00:00,31.1875,32.7,78.285,0.0,0.0,0.0
2025-01-20 11:00:00,31.187333333333335,32.7,78.285,0.0,0.0,0.0
2025-01-20 12:00:00,31.187166666666666,32.7,78.285,0.0,0.0,0.0
2025-01-20 13:00:00,31.187,32.7,78.285,0.0,0.0,0.0
2025-01-20 14:00:00,31.186,32.7,78.285,0.0,0.0,0.0
2025-01-20 15:00:00,31.185000000000002,32.7,78.285,0.0,0.0,0.0
2025-01-20 16:00:00,31.184,32.7,78.285,0.0,0.0,0.0
2025-01-20 17:00:00,31.183,32.7,78.285,0.0,0.0,0.0
2025-01-20 18:00:00,31.182,32.7,78.285,0.2307955946366315,0.0,0.0
2025-01-20 19:00:00,31.181,32.7,78.285,0.0,0.0,0.0
2025-01-20 20:00:00,31.18,32.7,78.285,0.0,0.0,0.0
2025-01-20 21:00:00,31.17957142857143,32.7,78.285,0.0,0.37824280578340586,0.0
2025-01-20 22:00:00,31.179142857142857,32.7,78.285,0.0,0.0,0.0
2025-01-20 23:00:00,31.178714285714285,32.7,78.285,0.0,0.0,0.0
2025-01-21 00:00:00,31.178285714285714,32.7,78.285,0.0,0.0,0.0
2025-01-21 01:00:00,31.177857142857142,32.7,78.285,0.0,0.0,0.0
2025-01-21 02:00:00,31.17742857142857,32.7,78.285,0.0,0.0,0.0
2025-01-21 03:00:00,31.177,32.7,78.285,0.28077677599609957,0.0,0.0
2025-01-21 04:00:00,31.174,32.7,78.285,0.0,0.0,0.0
2025-01-21 05:00:00,31.174666666666667,32.7,78.285,0.0,0.0,0.0
2025-01-21 06:00:00,31.175333333333334,32.7,78.285,0.0,0.0,0.0
2025-01-21 07:00:00,31.176000000000002,32.7,78.285,0.0,0.0,0.0
2025-01-21 08:00:00,31.176666666666666,32.7,78.285,0.0,0.0,0.0
2025-01-21 09:00:00,31.177333333333333,32.7,78.285,0.0,0.0,0.0
2025-01-21 10:00:00,31.178,32.7,78.285,0.0,0.0,0.0
2025-01-21 11:00:00,31.18,32.7,78.285,0.0,0.0,0.0
2025-01-21 12:00:00,31.1795,32.7,78.285,0.0,0.0,1.9697493401115693
2025-01-21 13:00:00,31.179,32.7,78.285,0.0,0.0,0.0
2025-01-21 14:00:00,31.1785,32.7,78.285,0.0,1.0624750758368593,0.0
2025-01-21 15:00:00,31.178,32.7,78.285,0.0,0.0,0.0
2025-01-21 16:00:00,31.1775,32.7,78.285,0.0,0.0,0.0
2025-01-21 17:00:00,31.177,32.7,78.285,0.0,0.0,0.17658372414350088
2025-01-21 18:00:00,31.178,32.7,78.285,0.19070104900332194,17.470862400394008,0.2842106984550604
2025-01-21 19:00:00,31.177714285714288,32.7,78.285,0.0,0.0,0.0
2025-01-21 20:00:00,31.17742857142857,32.7,78.285,0.0,0.0,0.0
2025-01-21 21:00:00,31.177142857142858,32.7,78.285,0.0,0.0,0.0
2025-01-21 22:00:00,31.17685714285714,32.7,78.285,0.0,0.0,0.0
2025-01-21 23:00:00,31.176571428571428,32.7,78.285,0.0,0.0,0.0
2025-01-22 00:00:00,31.17628571428571,32.7,78.285,0.0,0.0,0.0
2025-01-22 01:00:00,31.176,32.7,78.285,0.0,0.0,0.0
2025-01-22 02:00:00,31.177833333333332,32.7,78.285,0.0,0.0,0.0
2025-01-22 03:00:00,31.179666666666666,32.7,78.285,0.0,0.0,0.0
2025-01-22 04:00:00,31.1815,32.7,78.285,0.0,0.0,0.0
2025-01-22 05:00:00,31.183333333333334,32.7,78.285,0.0,0.0,0.0
2025-01-22 06:00:00,31.185166666666667,32.7,78.285,0.0,0.0,0.0
2025-01-22 07:00:00,31.187,32.7,78.285,0.0,0.0,0.0
2025-01-22 08:00:00,31.191,32.7,78.285,0.0,0.0,0.0
2025-01-22 09:00:00,31.191333333333333,32.7,78.285,0.0,0.0,0.0
2025-01-22 10:00:00,31.191666666666666,32.7,78.285,0.0,0.0,0.0
2025-01-22 11:00:00,31.192,32.7,78.285,0.0,0.0,0.0
2025-01-22 12:00:00,31.192333333333334,32.7,78.285,0.0,0.0,0.0
2025-01-22 13:00:00,31.192666666666668,32.7,78.285,0.7521375503143857,0.0,0.0
2025-01-22 14:00:00,31.193,32.7,78.285,0.0,0.0,0.0
2025-01-22 15:00:00,31.19214285714286,32.7,78.285,0.0,0.0,0.0
2025-01-22 16:00:00,31.191285714285716,32.7,78.285,0.0,0.0,0.0
2025-01-22 17:00:00,31.190428571428573,32.7,78.285,0.0,0.0,0.0
2025-01-22 18:00:00,31.18957142857143,32.7,78.285,0.0,0.0,0.0
2025-01-22 19:00:00,31.188714285714287,32.7,78.285,1.6310026551760368,12.407396397544167,2.7053069357843835
2025-01-22 20:00:00,31.187857142857144,32.7,78.285,0.0,0.0,0.0
2025-01-22 21:00:00,31.187,32.7,78.285,0.0,0.0,0.0
2025-01-22 22:00:00,31.185857142857145,32.7,78.285,0.0,0.0,0.0
2025-01-22 23:00:00,31.184714285714286,32.7,78.285,0.0,0.0,0.6541665152212265
2025-01-23 00:00:00,31.18357142857143,32.7,78.285,0.0,0.0,0.0
2025-01-23 01:00:00,31.18242857142857,32.7,78.285,0.0,0.0,0.0
2025-01-23 02:00:00,31.181285714285714,32.7,78.285,0.0,0.0,0.0
2025-01-23 03:00:00,31.180142857142854,32.7,78.285,0.0,0.0,0.0
2025-01-23 04:00:00,31.179,32.7,78.285,1.5144549832071927,2.6503397485938573,44.840122497315555
2025-01-23 05:00:00,31.181,32.7,78.285,0.0,0.0,0.0
2025-01-23 06:00:00,31.181,32.7,78.285,0.0,0.0,0.0
2025-01-23 07:00:00,31.181,32.7,78.285,0.0,0.0,0.0
2025-01-23 08:00:00,31.181,32.7,78.285,0.0,0.0,0.0
2025-01-23 09:00:00,31.181,32.7,78.285,0.0,0.0,0.0
2025-01-23 10:00:00,31.181,32.7,78.285,0.0,0.0,0.0
2025-01-23 11:00:00,31.181,32.7,78.285,0.0,0.0,0.0
2025-01-23 12:00:00,31.179,32.7,78.285,0.7319709128670953,0.0,0.0
2025-01-23 13:00:00,31.181833333333334,32.7,78.285,0.0,0.0,0.0
2025-01-23 14:00:00,31.184666666666665,32.7,78.285,0.0,0.0,0.0
2025-01-23 15:00:00,31.1875,32.7,78.285,0.0,0.0,0.0
2025-01-23 16:00:00,31.190333333333335,32.7,78.285,0.0,0.0,0.0
2025-01-23 17:00:00,31.193166666666666,32.7,78.285,11.879673808489981,0.0,0.0
2025-01-23 18:00:00,31.196,32.7,78.285,0.0,0.0,0.0
2025-01-23 19:00:00,31.194,32.7,78.285,0.6758313879138333,3.350717146911727,0.0947623065673186
2025-01-23 20:00:00,31.192666666666668,32.7,78.285,0.0,0.0,0.0
2025-01-23 21:00:00,31.191333333333333,32.7,78.285,0.0,0.0,0.0
2025-01-23 22:00:00,31.189999999999998,32.7,78.285,0.0,0.0,0.0
2025-01-23 23:00:00,31.188666666666666,32.7,78.285,0.5906712659500175,0.0,0.0
2025-01-24 00:00:00,31.187333333333335,32.7,78.285,0.0,0.0,0.0
2025-01-24 01:00:00,31.186,32.7,78.285,0.0,0.0,0.0
2025-01-24 02:00:00,31.185,32.7,78.285,0.0,0.0,0.0
2025-01-24 03:00:00,31.185363636363636,32.7,78.285,0.0,0.0,0.0
2025-01-24 04:00:00,31.18572727272727,32.7,78.285,0.0,0.0,0.0
2025-01-24 05:00:00,31.186090909090908,32.7,78.285,0.0,0.0,0.0
2025-01-24 06:00:00,31.186454545454545,32.7,78.285,0.0,0.0,0.0
2025-01-24 07:00:00,31.18681818181818,32.7,78.285,0.0,0.9311328941107232,0.0
2025-01-24 08:00:00,31.187181818181816,32.7,78.285,0.0,0.0,0.0
2025-01-24 09:00:00,31.187545454545454,32.7,78.285,0.0,0.1580522968578693,0.0
2025-01-24 10:00:00,31.18790909090909,32.7,78.285,0.35301144089969133,0.0,0.0
2025-01-24 11:00:00,31.188272727272725,32.7,78.285,0.0,0.0,1.8978370989574989
2025-01-24 12:00:00,31.188636363636363,32.7,78.285,0.0,0.0,0.0
2025-01-24 13:00:00,31.189,32.7,78.285,0.0,0.0,0.0
2025-01-24 14:00:00,31.189363636363634,32.7,78.285,0.0,0.0,0.0
2025-01-24 15:00:00,31.18972727272727,32.7,78.285,0.0,0.0,0.0
2025-01-24 16:00:00,31.19009090909091,32.7,78.285,0.0,0.0,0.0
2025-01-24 17:00:00,31.190454545454543,32.7,78.285,0.0,0.0,0.0
2025-01-24 18:00:00,31.19081818181818,32.7,78.285,0.0,0.0,6.09025259656317
2025-01-24 19:00:00,31.191181818181818,32.7,78.285,0.0,0.0,0.0
2025-01-24 20:00:00,31.19154545454545,32.7,78.285,0.0,0.0,0.0
2025-01-24 21:00:00,31.19190909090909,32.7,78.285,0.0,0.0,0.0
2025-01-24 22:00:00,31.192272727272726,32.7,78.285,0.0,0.0,0.0
2025-01-24 23:00:00,31.192636363636364,32.7,78.285,0.0,0.0,0.0
2025-01-25 00:00:00,31.192999999999998,32.7,78.285,0.0,0.0,0.0
2025-01-25 01:00:00,31.193363636363635,32.7,78.285,0.0,0.0,0.0
2025-01-25 02:00:00,31.193727272727273,32.7,78.285,0.0,0.0,0.0
2025-01-25 03:00:00,31.193727272727273,32.7,78.285,0.0,0.0,0.0
2025-01-25 04:00:00,31.193727272727273,32.7,78.285,0.0,0.0,0.0
2025-01-25 05:00:00,31.194115987460815,32.7,78.285,0.0,0.0,0.0
2025-01-25 06:00:00,31.194504702194358,32.7,78.285,0.0,0.0,0.0
2025-01-25 07:00:00,31.1948934169279,32.7,78.285,1.870478188906583,0.0,0.0
2025-01-25 08:00:00,31.195282131661443,32.7,78.285,0.0,0.0,0.0
2025-01-25 09:00:00,31.195670846394982,32.7,78.285,0.0,0.0,2.0135529739272515
2025-01-25 10:00:00,31.196059561128525,32.7,78.285,0.0,0.0,0.7283754883316194
2025-01-25 11:00:00,31.196448275862068,32.7,78.285,0.0,0.0,0.0
2025-01-25 12:00:00,31.19683699059561,32.7,78.285,0.0,0.0,0.0
2025-01-25 13:00:00,31.197225705329153,32.7,78.285,0.0,0.0,0.0
2025-01-25 14:00:00,31.197614420062695,32.7,78.285,0.0,0.0,0.0
2025-01-25 15:00:00,31.198003134796238,32.7,78.285,0.0,0.0,0.0
2025-01-25 16:00:00,31.19839184952978,32.7,78.285,0.0,0.0,0.0
2025-01-25 17:00:00,31.198780564263323,32.7,78.285,0.0,0.0,0.0
2025-01-25 18:00:00,31.199169278996866,32.7,78.285,0.9393128436752587,0.0,0.0
2025-01-25 19:00:00,31.199557993730405,32.7,78.285,1.1611801827036743,0.7887432201882287,2.786114475658031
2025-01-25 20:00:00,31.199946708463948,32.7,78.285,0.0,1.5846607585285384,0.0
2025-01-25 21:00:00,31.20033542319749,32.7,78.285,0.0,0.0,0.0
2025-01-25 22:00:00,31.200724137931033,32.7,78.285,0.7863902804103946,1.1902926730665924,2.689107431953538
2025-01-25 23:00:00,31.201112852664576,32.7,78.285,0.0,0.0,0.0
2025-01-26 00:00:00,31.201501567398118,32.7,78.285,0.0,0.0,0.0
2025-01-26 01:00:00,31.20189028213166,32.7,78.285,0.0,0.0,0.0
2025-01-26 02:00:00,31.202278996865203,32.7,78.285,0.0,0.0,0.0
2025-01-26 03:00:00,31.202667711598746,32.7,78.285,0.0,0.0,0.0
2025-01-26 04:00:00,31.20305642633229,32.7,78.285,0.0,0.0,0.0
2025-01-26 05:00:00,31.20305642633229,32.7,78.285,0.0,0.0,0.0
2025-01-26 06:00:00,31.20305642633229,32.7,78.285,0.0,0.0,0.2742505201717597
2025-01-26 07:00:00,31.20305642633229,32.7,78.285,0.0,0.0,0.0
2025-01-26 08:00:00,31.20305642633229,32.7,78.285,0.0,0.0,0.0
2025-01-26 09:00:00,31.205,32.7,78.285,0.0,0.0,0.0
2025-01-26 10:00:00,31.201,32.7,78.285,0.0,0.0,0.0
2025-01-26 11:00:00,31.203500000000002,32.7,78.285,0.0,0.0,0.0
2025-01-26 12:00:00,31.206,32.7,78.285,0.0,0.0,0.0
2025-01-26 13:00:00,31.2085,32.7,78.285,0.0,0.0,0.0
2025-01-26 14:00:00,31.211000000000002,32.7,78.285,0.0,0.0,0.0
2025-01-26 15:00:00,31.2135,32.7,78.285,0.0,0.0,0.0
2025-01-26 16:00:00,31.216,32.7,78.285,0.0,0.0,0.0
2025-01-26 17:00:00,31.212,32.7,78.285,1.9967693625320924,10.821873264653016,0.33734916116013064
2025-01-26 18:00:00,31.208833333333335,32.7,78.285,0.0,0.0,0.0
2025-01-26 19:00:00,31.205666666666666,32.7,78.285,0.0,0.0,0.0
2025-01-26 20:00:00,31.2025,32.7,78.285,0.0,0.0,0.0
2025-01-26 21:00:00,31.199333333333335,32.7,78.285,0.0,0.0,0.0
2025-01-26 22:00:00,31.196166666666667,32.7,78.285,0.0,0.0,0.0
2025-01-26 23:00:00,31.193,32.7,78.285,0.0,0.0,0.0
2025-01-27 00:00:00,31.213,32.7,78.285,0.0,0.0,0.0
2025-01-27 01:00:00,31.212,32.7,78.285,0.0,0.0,0.0
2025-01-27 02:00:00,31.211000000000002,32.7,78.285,0.0,0.0,0.0
2025-01-27 03:00:00,31.21,32.7,78.285,0.0,0.0,0.0
2025-01-27 04:00:00,31.209,32.7,78.285,0.0,0.0,0.0
2025-01-27 05:00:00,31.208000000000002,32.7,78.285,0.0,0.0,0.0
2025-01-27 06:00:00,31.207,32.7,78.285,0.0,0.0,0.0
2025-01-27 07:00:00,31.205,32.7,78.285,0.0,0.0,0.0
2025-01-27 08:00:00,31.20583333333333,32.7,78.285,0.0,0.0,0.0
2025-01-27 09:00:00,31.206666666666667,32.7,78.285,0.0,0.0,0.0
2025-01-27 10:00:00,31.2075,32.7,78.285,0.0,0.0,0.0
2025-01-27 11:00:00,31.208333333333332,32.7,78.285,0.0,0.0,0.0
2025-01-27 12:00:00,31.20916666666667,32.7,78.285,0.0,0.0,0.0
2025-01-27 13:00:00,31.21,32.7,78.285,0.0,0.0,0.0
2025-01-27 14:00:00,31.206,32.7,78.285,0.0,0.0,0.0
2025-01-27 15:00:00,31.208333333333332,32.7,78.285,0.0,0.0,0.0
2025-01-27 16:00:00,31.210666666666665,32.7,78.285,0.0,0.0,0.0
2025-01-27 17:00:00,31.213,32.7,78.285,0.0,0.0,0.0
2025-01-27 18:00:00,31.215333333333334,32.7,78.285,0.0,0.0,0.0
2025-01-27 19:00:00,31.217666666666666,32.7,78.285,0.0,0.0,0.0
2025-01-27 20:00:00,31.22,32.7,78.285,0.0,0.0,0.0
2025-01-27 21:00:00,31.208,32.7,78.285,0.0,0.0,0.0
2025-01-27 22:00:00,31.209,32.7,78.285,0.0,0.0,0.0
2025-01-27 23:00:00,31.209999999999997,32.7,78.285,0.0,0.0,0.0
2025-01-28 00:00:00,31.211,32.7,78.285,0.0,0.0,0.0
2025-01-28 01:00:00,31.212,32.7,78.285,0.0,0.0,0.0
2025-01-28 02:00:00,31.212999999999997,32.7,78.285,0.0,0.0,0.0
2025-01-28 03:00:00,31.214,32.7,78.285,0.0,0.0,0.0
2025-01-28 04:00:00,31.209,32.7,78.285,0.0,0.0,0.0
2025-01-28 05:00:00,31.208,32.7,78.285,0.0,0.0,0.0
2025-01-28 06:00:00,31.207,32.7,78.285,0.0,0.0,0.0
2025-01-28 07:00:00,31.206,32.7,78.285,0.0,0.0,0.0
2025-01-28 08:00:00,31.205,32.7,78.285,0.0,0.0,0.0
2025-01-28 09:00:00,31.204,32.7,78.285,1.7550288253697386,0.5188938338160439,14.489066492251844
2025-01-28 10:00:00,31.203,32.7,78.285,0.0,0.0,0.0
2025-01-28 11:00:00,31.202,32.7,78.285,0.0,0.0,0.7237439439616559
2025-01-28 12:00:00,31.201,32.7,78.285,0.0,0.0,0.0
2025-01-28 13:00:00,31.200000000000003,32.7,78.285,0.0,0.0,0.0
2025-01-28 14:00:00,31.199,32.7,78.285,0.0,0.0,4.216008629397264
2025-01-28 15:00:00,31.198,32.7,78.285,0.0,0.0,0.0
2025-01-28 16:00:00,31.197000000000003,32.7,78.285,0.0,0.0,0.0
2025-01-28 17:00:00,31.196,32.7,78.285,0.0,0.0,0.0
2025-01-28 18:00:00,31.202,32.7,78.285,0.0,0.0,0.0
2025-01-28 19:00:00,31.201500000000003,32.7,78.285,0.0,0.0,0.0
2025-01-28 20:00:00,31.201,32.7,78.285,0.0,0.0,0.0
2025-01-28 21:00:00,31.2005,32.7,78.285,0.0,0.0,0.0
2025-01-28 22:00:00,31.200000000000003,32.7,78.285,0.0,0.0,0.0
2025-01-28 23:00:00,31.1995,32.7,78.285,2.062657445495846,0.0,0.0
2025-01-29 00:00:00,31.199,32.7,78.285,8.83350862155241,0.0,0.0
2025-01-29 01:00:00,31.205,32.7,78.285,0.0,0.0,0.0
2025-01-29 02:00:00,31.204,32.7,78.285,0.0,0.0,0.0
2025-01-29 03:00:00,31.203,32.7,78.285,0.0,0.0,0.0
2025-01-29 04:00:00,31.201999999999998,32.7,78.285,0.0,0.0,0.0
2025-01-29 05:00:00,31.201,32.7,78.285,0.0,0.0,0.0
2025-01-29 06:00:00,31.200000000000003,32.7,78.285,0.0,0.0,0.0
2025-01-29 07:00:00,31.199,32.7,78.285,0.0,0.0,0.0
2025-01-29 08:00:00,31.201,32.7,78.285,0.0,0.0,0.0
2025-01-29 09:00:00,31.2015,32.7,78.285,0.0,0.0,0.0
2025-01-29 10:00:00,31.202,32.7,78.285,0.0,0.0,0.0
2025-01-29 11:00:00,31.2025,32.7,78.285,0.0,0.0,0.0
2025-01-29 12:00:00,31.203,32.7,78.285,0.0,0.0,0.0
2025-01-29 13:00:00,31.203500000000002,32.7,78.285,0.0,0.0,0.0
2025-01-29 14:00:00,31.204,32.7,78.285,3.6400738675205555,0.0,0.0
2025-01-29 15:00:00,31.201,32.7,78.285,0.0,0.0,0.0
2025-01-29 16:00:00,31.203333333333333,32.7,78.285,0.0,0.0,0.0
2025-01-29 17:00:00,31.205666666666666,32.7,78.285,0.0,0.0,0.0
2025-01-29 18:00:00,31.208,32.7,78.285,0.0,0.0,0.0
2025-01-29 19:00:00,31.210333333333335,32.7,78.285,0.0,0.0,0.0
2025-01-29 20:00:00,31.212666666666667,32.7,78.285,0.0,0.0,0.0
2025-01-29 21:00:00,31.215,32.7,78.285,0.0,0.0,0.0
2025-01-29 22:00:00,31.202,32.7,78.285,0.0,0.0,0.0
2025-01-29 23:00:00,31.199166666666667,32.7,78.285,0.0,0.0,0.0
2025-01-30 00:00:00,31.196333333333335,32.7,78.285,0.0,0.0,5.50920103114598
2025-01-30 01:00:00,31.1935,32.7,78.285,0.0,0.0,0.0
2025-01-30 02:00:00,31.190666666666665,32.7,78.285,0.0,0.0,0.0
2025-01-30 03:00:00,31.187833333333334,32.7,78.285,7.819748800155429,0.0,0.0
2025-01-30 04:00:00,31.185,32.7,78.285,0.0,0.0,0.0
2025-01-30 05:00:00,31.186,32.7,78.285,0.0,0.0,0.0
2025-01-30 06:00:00,31.1835,32.7,78.285,0.0,0.0,0.0
2025-01-30 07:00:00,31.181,32.7,78.285,0.0,0.0,0.0
2025-01-30 08:00:00,31.1785,32.7,78.285,0.0,0.0,0.0
2025-01-30 09:00:00,31.176,32.7,78.285,0.0,0.0,0.0
2025-01-30 10:00:00,31.1735,32.7,78.285,0.0,0.0,0.0
2025-01-30 11:00:00,31.171,32.7,78.285,0.0,0.0,0.0
2025-01-30 12:00:00,31.18,32.7,78.285,0.0,0.0,0.0
2025-01-30 13:00:00,31.179333333333332,32.7,78.285,0.0,0.0,0.0
2025-01-30 14:00:00,31.178666666666665,32.7,78.285,0.0,0.0,0.0
2025-01-30 15:00:00,31.177999999999997,32.7,78.285,0.0,0.0,0.0
2025-01-30 16:00:00,31.177333333333333,32.7,78.285,0.0,0.0,0.0
2025-01-30 17:00:00,31.176666666666666,32.7,78.285,0.0,0.0,0.0
2025-01-30 18:00:00,31.176,32.7,78.285,0.0,0.0,0.0
2025-01-30 19:00:00,31.174,32.7,78.285,0.0,2.4174065101563404,0.0
2025-01-30 20:00:00,31.177,32.7,78.285,0.0,0.0,0.0
2025-01-30 21:00:00,31.18,32.7,78.285,0.0,2.2639864223150847,0.0
2025-01-30 22:00:00,31.183,32.7,78.285,0.0,0.0,0.0
2025-01-30 23:00:00,31.186,32.7,78.285,0.0,0.0,0.0
2025-01-31 00:00:00,31.189,32.7,78.285,0.0,0.0,0.0
2025-01-31 01:00:00,31.192,32.7,78.285,0.0,0.0,0.0
2025-01-31 02:00:00,31.191,32.7,78.285,0.0,0.0,0.0
2025-01-31 03:00:00,31.188499999999998,32.7,78.285,0.0,0.0,0.0
2025-01-31 04:00:00,31.186,32.7,167.3225,0.0,0.0,0.0
2025-01-31 05:00:00,31.1835,32.7,122.80375,0.0,0.0,0.0
2025-01-31 06:00:00,31.180999999999997,32.7,78.285,0.0,0.0,0.0
2025-01-31 07:00:00,31.1785,32.7,78.285,0.0,0.0,0.0
2025-01-31 08:00:00,31.176,32.7,78.285,0.0,0.0,0.0
2025-01-31 09:00:00,31.173,32.7,78.285,0.0,2.4902175329123644,0.0
2025-01-31 10:00:00,31.173333333333332,32.7,78.285,0.0,0.0,0.0
2025-01-31 11:00:00,31.173666666666666,32.7,78.285,0.0,0.0,0.0
2025-01-31 12:00:00,31.174,32.7,78.285,0.0,0.0,0.0
2025-01-31 13:00:00,31.174333333333333,32.7,78.285,0.0,0.0,0.0
2025-01-31 14:00:00,31.174666666666667,32.7,78.285,0.0,0.0,0.0
2025-01-31 15:00:00,31.175,32.7,78.285,0.0,0.0,0.0
2025-01-31 16:00:00,31.178,32.7,78.285,0.0,0.0,0.0
2025-01-31 17:00:00,31.17666666666667,32.7,78.285,0.0,0.0,0.0
2025-01-31 18:00:00,31.175333333333334,32.7,78.285,0.0,0.0,0.0
2025-01-31 19:00:00,31.174,32.7,78.285,0.0,0.0,0.0
2025-01-31 20:00:00,31.172666666666668,32.7,78.285,0.0,0.0,1.535186749170818
2025-01-31 21:00:00,31.171333333333337,32.7,78.285,0.0,0.0,0.0
2025-01-31 22:00:00,31.17,32.7,78.285,0.0,0.0,0.0
2025-01-31 23:00:00,31.171,32.7,78.285,0.0,0.0,0.0
2025-02-01 00:00:00,31.1725,32.7,78.285,0.0,0.0,0.0
2025-02-01 01:00:00,31.174,32.7,78.285,0.0,0.0,0.0
2025-02-01 02:00:00,31.1755,32.7,78.285,0.0,0.0,0.0
2025-02-01 03:00:00,31.177,32.7,78.285,0.0,0.0,0.0
2025-02-01 04:00:00,31.1785,32.7,78.285,0.0,0.0,0.0
2025-02-01 05:00:00,31.18,32.7,78.285,0.0,0.0,0.0
2025-02-01 06:00:00,31.179,32.7,78.285,0.0,0.0,0.0
2025-02-01 07:00:00,31.1785,32.7,78.285,0.0,0.0,0.0
2025-02-01 08:00:00,31.177999999999997,32.7,78.285,0.0,0.0,0.0
2025-02-01 09:00:00,31.1775,32.7,78.285,0.0,0.0,0.0
2025-02-01 10:00:00,31.177,32.7,78.285,0.0,0.0,0.0
2025-02-01 11:00:00,31.176499999999997,32.7,78.285,0.0,0.0,0.0
2025-02-01 12:00:00,31.176,32.7,78.285,0.0,0.0,0.0
2025-02-01 13:00:00,31.171,32.7,78.285,0.0,0.0,0.0
2025-02-01 14:00:00,31.166833333333333,32.7,78.285,0.0,0.0,0.0
2025-02-01 15:00:00,31.162666666666667,32.7,78.285,0.0,0.0,0.0
2025-02-01 16:00:00,31.1585,32.7,78.285,0.0,0.0,0.0
2025-02-01 17:00:00,31.154333333333334,32.7,78.285,0.0,0.0,0.0
2025-02-01 18:00:00,31.150166666666667,32.7,78.285,0.0,0.0,0.0
2025-02-01 19:00:00,31.146,32.7,78.285,0.0,0.0,0.0
2025-02-01 20:00:00,31.146,32.7,78.285,0.0,0.0,0.0
2025-02-01 21:00:00,31.143333333333334,32.7,78.285,0.0,0.0,2.0889122439451038
2025-02-01 22:00:00,31.140666666666668,32.7,78.285,0.8878024770282901,0.0,0.0
2025-02-01 23:00:00,31.137999999999998,32.7,78.285,0.0,0.0,0.0
2025-02-02 00:00:00,31.13533333333333,32.7,78.285,0.0,0.0,0.0
2025-02-02 01:00:00,31.132666666666665,32.7,78.285,0.0,0.0,0.0
2025-02-02 02:00:00,31.13,32.7,78.285,0.0,0.0,0.0
2025-02-02 03:00:00,31.132,32.7,78.285,0.0,0.0,0.0
2025-02-02 04:00:00,31.1685,32.7,78.285,0.0,0.0,0.0
2025-02-02 05:00:00,31.205000000000002,32.7,78.285,0.0,0.0,0.0
2025-02-02 06:00:00,31.241500000000002,32.7,78.285,0.0,0.0,0.0
2025-02-02 07:00:00,31.278,32.7,78.285,0.0,0.0,0.0
2025-02-02 08:00:00,31.3145,32.7,78.285,0.0,0.0,0.0
2025-02-02 09:00:00,31.351,32.7,78.285,0.0,0.0,0.0
2025-02-02 10:00:00,31.342,32.7,78.285,0.0,0.0,0.0
2025-02-02 11:00:00,31.326666666666664,32.7,78.285,0.0,0.0,0.0
2025-02-02 12:00:00,31.311333333333334,32.7,78.285,0.32613876170416584,1.6053753177716532,2.234982492884175
2025-02-02 13:00:00,31.296,32.7,78.285,0.0,0.0,0.0
2025-02-02 14:00:00,31.280666666666665,32.7,78.285,0.0,0.0,0.0
2025-02-02 15:00:00,31.265333333333334,32.7,78.285,0.0,0.0,0.9919062361642876
2025-02-02 16:00:00,31.25,32.7,78.285,0.0,0.0,0.0
2025-02-02 17:00:00,31.374,32.7,78.285,0.8879659750298213,0.0,0.0
2025-02-02 18:00:00,31.370833333333334,32.7,78.285,0.0,0.0,0.0
2025-02-02 19:00:00,31.367666666666665,32.7,78.285,0.0,0.0,0.0
2025-02-02 20:00:00,31.3645,32.7,78.285,0.0,0.0,0.0
2025-02-02 21:00:00,31.361333333333334,32.7,78.285,2.725314986160937,0.0,0.0
2025-02-02 22:00:00,31.358166666666666,32.7,78.285,0.0,0.0,0.0
2025-02-02 23:00:00,31.355,32.7,78.285,0.0,0.0,1.8993824488622042
2025-02-03 00:00:00,31.248,32.7,78.285,0.0,0.0,0.0
2025-02-03 01:00:00,31.265666666666668,32.7,78.285,0.0,0.0,0.0
2025-02-03 02:00:00,31.283333333333335,32.7,78.285,8.242981604301612,6.462290655369598,2.271395885617333
2025-02-03 03:00:00,31.301000000000002,32.7,78.285,0.0,0.0,0.0
2025-02-03 04:00:00,31.318666666666665,32.7,78.285,0.0,0.0,0.0
2025-02-03 05:00:00,31.336333333333332,32.7,78.285,0.0,0.0,0.0
2025-02-03 06:00:00,31.354,32.7,78.285,0.0,0.0,0.0
2025-02-03 07:00:00,31.228,32.7,78.285,0.0,0.0,0.0
2025-02-03 08:00:00,31.2285,32.7,78.285,0.0,0.0,0.0
2025-02-03 09:00:00,31.229000000000003,32.7,78.285,0.0,0.0,0.0
2025-02-03 10:00:00,31.2295,32.7,78.285,0.0,0.0,0.0
2025-02-03 11:00:00,31.23,32.7,78.285,0.0,0.0,0.0
2025-02-03 12:00:00,31.230500000000003,32.7,78.285,0.0,0.0,0.0
2025-02-03 13:00:00,31.231,32.7,78.285,0.0,0.0,0.0
2025-02-03 14:00:00,31.229,32.7,78.285,0.0,0.0,0.0
2025-02-03 15:00:00,31.250333333333334,32.7,78.285,0.0,0.0,0.0
2025-02-03 16:00:00,31.271666666666665,32.7,78.285,0.0,0.0,0.0
2025-02-03 17:00:00,31.293,32.7,78.285,0.0,0.0,0.0
2025-02-03 18:00:00,31.314333333333334,32.7,78.285,0.0,0.0,0.0
2025-02-03 19:00:00,31.335666666666665,32.7,78.285,0.0,0.0,0.0
2025-02-03 20:00:00,31.357,32.7,78.285,0.0,0.0,0.0
2025-02-03 21:00:00,31.241,32.7,78.285,0.0,0.0,0.0
2025-02-03 22:00:00,31.2605,32.7,78.285,0.0,0.0,0.0
2025-02-03 23:00:00,31.28,32.7,78.285,0.0,0.0,0.0
2025-02-04 00:00:00,31.299500000000002,32.7,78.285,0.0,0.0,0.0
2025-02-04 01:00:00,31.319,32.7,78.285,0.0,0.0,0.0
2025-02-04 02:00:00,31.3385,32.7,78.285,0.0,0.0,0.0
2025-02-04 03:00:00,31.358,32.7,78.285,0.0,0.0,0.0
2025-02-04 04:00:00,31.359,32.7,78.285,0.0,0.0,0.0
2025-02-04 05:00:00,31.340500000000002,32.7,78.285,0.0,0.0,0.0
2025-02-04 06:00:00,31.322000000000003,32.7,78.285,0.0,0.0,0.0
2025-02-04 07:00:00,31.3035,32.7,78.285,0.0,1.0537107656181868,0.0
2025-02-04 08:00:00,31.285,32.7,78.285,0.0,0.0,0.0
2025-02-04 09:00:00,31.2665,32.7,78.285,0.0,0.0,0.0
2025-02-04 10:00:00,31.248,32.7,78.285,0.0,0.0,0.0
2025-02-04 11:00:00,31.254,32.7,78.285,0.0,0.0,0.0
2025-02-04 12:00:00,31.251833333333334,32.7,78.285,0.0,0.0,0.0
2025-02-04 13:00:00,31.249666666666666,32.7,78.285,0.0,0.0,0.0
2025-02-04 14:00:00,31.247500000000002,32.7,78.285,80.0,1.1872292660553228,2.740410178975243
2025-02-04 15:00:00,31.245333333333335,32.7,78.285,0.0,0.0,0.0
2025-02-04 16:00:00,31.243166666666667,32.7,78.285,0.0,0.0,0.0
2025-02-04 17:00:00,31.241,32.7,78.285,0.0,0.0,0.0
2025-02-04 18:00:00,31.234,32.7,78.285,0.0,0.0,0.0
2025-02-04 19:00:00,31.233666666666668,32.7,78.285,0.0,0.0,0.0
2025-02-04 20:00:00,31.233333333333334,32.7,78.285,0.0,0.0,0.0
2025-02-04 21:00:00,31.233,32.7,78.285,0.0,0.0,0.0
2025-02-04 22:00:00,31.232666666666667,32.7,78.285,0.0,0.0,0.0
2025-02-04 23:00:00,31.232333333333333,32.7,78.285,0.0,0.0,0.0
2025-02-05 00:00:00,31.232,32.7,78.285,0.0,0.0,0.0
2025-02-05 01:00:00,31.234,32.7,78.285,0.0,0.0,0.0
2025-02-05 02:00:00,31.233666666666668,32.7,78.285,0.0,0.0,0.0
2025-02-05 03:00:00,31.233333333333334,32.7,78.285,0.0,0.0,0.0
2025-02-05 04:00:00,31.233,32.7,78.285,0.0,0.0,0.0
2025-02-05 05:00:00,31.232666666666667,32.7,78.285,0.0,0.0,0.0
2025-02-05 06:00:00,31.232333333333333,32.7,78.285,0.0,0.0,0.0
2025-02-05 07:00:00,31.232,32.7,78.285,0.0,0.0,0.0
2025-02-05 08:00:00,31.231,32.7,78.285,0.0,0.0,0.0
2025-02-05 09:00:00,31.2525,32.7,78.285,0.0,0.0,0.0
2025-02-05 10:00:00,31.274,32.7,78.285,0.0,0.0,0.0
2025-02-05 11:00:00,31.2955,32.7,78.285,0.0,0.0,0.0
2025-02-05 12:00:00,31.317,32.7,78.285,2.6125657182458215,0.8617675171264173,1.6267843718966108
2025-02-05 13:00:00,31.3385,32.7,78.285,0.0,0.0,0.0
2025-02-05 14:00:00,31.36,32.7,78.285,0.0,0.0,0.0
2025-02-05 15:00:00,31.357,32.7,78.285,0.0,0.0,0.0
2025-02-05 16:00:00,31.355999999999998,32.7,78.285,0.0,0.0,0.0
2025-02-05 17:00:00,31.355,32.7,78.285,0.0,0.0,0.0
2025-02-05 18:00:00,31.354,32.7,78.285,0.0,0.0,0.0
2025-02-05 19:00:00,31.352999999999998,32.7,78.285,0.0,0.0,0.0
2025-02-05 20:00:00,31.352,32.7,78.285,0.0,0.0,0.0
2025-02-05 21:00:00,31.351,32.7,78.285,0.0,0.0,0.0
2025-02-05 22:00:00,31.351,32.7,78.285,0.0,0.0,0.0
2025-02-05 23:00:00,31.353833333333334,32.7,78.285,0.0,0.0,0.0
2025-02-06 00:00:00,31.356666666666666,32.7,78.285,0.0,0.0,0.0
2025-02-06 01:00:00,31.359499999999997,32.7,78.285,0.0,0.0,0.0
2025-02-06 02:00:00,31.362333333333332,32.7,78.285,0.0,0.0,0.0
2025-02-06 03:00:00,31.365166666666667,32.7,78.285,0.0,0.0,0.0
2025-02-06 04:00:00,31.368,32.7,78.285,0.0,0.0,0.0
2025-02-06 05:00:00,31.364,32.7,78.285,0.0,0.46412778309105873,0.0
2025-02-06 06:00:00,31.36266666666667,32.7,78.285,7.177348319005297,0.0,0.0
2025-02-06 07:00:00,31.361333333333334,32.7,78.285,0.0,0.0,0.0
2025-02-06 08:00:00,31.36,32.7,78.285,0.0,0.0,0.0
2025-02-06 09:00:00,31.358666666666668,32.7,78.285,0.0,0.0,0.0
2025-02-06 10:00:00,31.357333333333337,32.7,78.285,1.4048871904016471,0.0,0.0
2025-02-06 11:00:00,31.356,32.7,78.285,0.0,0.0,0.0
2025-02-06 12:00:00,31.163,32.7,78.285,0.0,0.0,0.0
2025-02-06 13:00:00,31.193833333333334,32.7,78.285,0.0,0.0,0.0
2025-02-06 14:00:00,31.224666666666668,32.7,78.285,0.0,0.0,0.0
2025-02-06 15:00:00,31.255499999999998,32.7,78.285,22.624746878196028,0.0,0.0
2025-02-06 16:00:00,31.28633333333333,32.7,78.285,0.0,0.0,0.0
2025-02-06 17:00:00,31.317166666666665,32.7,78.285,0.0,0.0,0.0
2025-02-06 18:00:00,31.348,32.7,78.285,0.0,0.0,0.0
2025-02-06 19:00:00,31.173,32.7,78.285,0.0,0.0,0.0
2025-02-06 20:00:00,31.203166666666664,32.7,78.285,0.0,0.0,0.0
2025-02-06 21:00:00,31.23333333333333,32.7,78.285,0.0,0.0,0.5878469509092729
2025-02-06 22:00:00,31.2635,32.7,78.285,0.0,0.0,0.5299063495666708
2025-02-06 23:00:00,31.293666666666667,32.7,78.285,0.0,0.0,0.0
2025-02-07 00:00:00,31.323833333333333,32.7,78.285,0.47111573610155894,0.1132947074377663,10.00879049960824
2025-02-07 01:00:00,31.354,32.7,78.285,0.0,0.0,0.0
2025-02-07 02:00:00,31.349,32.7,78.285,0.0,0.0,0.0
2025-02-07 03:00:00,31.351666666666667,32.7,78.285,0.0,0.0,0.0
2025-02-07 04:00:00,31.354333333333333,32.7,78.285,16.466220487227183,1.2165106873233602,0.45129733022784746
2025-02-07 05:00:00,31.357,32.7,78.285,0.0,0.0,0.0
2025-02-07 06:00:00,31.359666666666666,32.7,78.285,0.0,0.0,0.0
2025-02-07 07:00:00,31.362333333333332,32.7,78.285,0.0,0.0,0.0
2025-02-07 08:00:00,31.365,32.7,78.285,0.0,0.0,0.0
2025-02-07 09:00:00,31.363,32.7,78.285,0.0,4.906539478513962,0.0
2025-02-07 10:00:00,31.329666666666668,32.7,78.285,0.0,0.0,0.0
2025-02-07 11:00:00,31.296333333333333,32.7,78.285,0.0,0.0,0.0
2025-02-07 12:00:00,31.262999999999998,32.7,78.285,0.0,0.0,0.0
2025-02-07 13:00:00,31.229666666666667,32.7,78.285,0.0,0.0,0.0
2025-02-07 14:00:00,31.196333333333335,32.7,78.285,0.0,0.0,0.0
2025-02-07 15:00:00,31.163,32.7,78.285,0.0,0.0,0.0
2025-02-07 16:00:00,31.154,32.7,78.285,0.0,0.7895485077943708,0.0
2025-02-07 17:00:00,31.153666666666666,32.7,78.285,0.0,0.0,0.0
2025-02-07 18:00:00,31.153333333333332,32.7,78.285,0.0,0.0,0.0
2025-02-07 19:00:00,31.153,32.7,78.285,0.0,0.0,0.0
2025-02-07 20:00:00,31.15266666666667,32.7,78.285,0.0,0.0,0.0
2025-02-07 21:00:00,31.152333333333335,32.7,78.285,0.0,0.0,8.078611735725902
2025-02-07 22:00:00,31.152,32.7,78.285,0.0,0.0,0.0
2025-02-07 23:00:00,31.154,32.7,78.285,0.0,0.0,0.0
2025-02-08 00:00:00,31.15383333333333,32.7,78.285,0.0,0.0,0.0
2025-02-08 01:00:00,31.153666666666666,32.7,78.285,0.0,0.0,0.4114004213943703
2025-02-08 02:00:00,31.1535,32.7,78.285,0.0,0.0,0.37554181189657043
2025-02-08 03:00:00,31.153333333333332,32.7,78.285,0.0,0.0,0.0
2025-02-08 04:00:00,31.153166666666664,32.7,78.285,0.0,0.0,0.0
2025-02-08 05:00:00,31.153,32.7,78.285,7.848307334449425,0.0,0.0
2025-02-08 06:00:00,31.146,32.7,78.285,0.0,0.0,0.0
2025-02-08 07:00:00,31.151,32.7,78.285,1.0912656895257318,8.659288462645168,0.8986366459317257
2025-02-08 08:00:00,31.156,32.7,78.285,0.0,0.0,0.0
2025-02-08 09:00:00,31.161,32.7,78.285,0.0,0.0,0.0
2025-02-08 10:00:00,31.166,32.7,78.285,0.0,0.0,1.9630644929450838
2025-02-08 11:00:00,31.171,32.7,78.285,0.0,0.0,0.0
2025-02-08 12:00:00,31.176,32.7,78.285,0.0,0.0,0.0
2025-02-08 13:00:00,31.175,32.7,78.285,0.0,8.084066444974152,0.0
2025-02-08 14:00:00,31.174666666666667,32.7,78.285,0.0,0.0,0.0
2025-02-08 15:00:00,31.174333333333333,32.7,78.285,0.0,9.617259243528228,0.0
2025-02-08 16:00:00,31.174,32.7,78.285,0.0,0.0,0.0
2025-02-08 17:00:00,31.173666666666666,32.7,78.285,0.0,0.6522214749149687,0.0
2025-02-08 18:00:00,31.173333333333332,32.7,78.285,0.0,0.0,0.0
2025-02-08 19:00:00,31.173,32.7,78.285,0.0,0.27072428488508316,0.0
2025-02-08 20:00:00,31.175,32.7,78.285,0.0,0.0,0.0
2025-02-08 21:00:00,31.174666666666667,32.7,78.285,0.0,0.0,0.0
2025-02-08 22:00:00,31.174333333333333,32.7,78.285,0.0,0.0,0.0
2025-02-08 23:00:00,31.174,32.7,78.285,0.0,0.0,0.0
2025-02-09 00:00:00,31.173666666666666,32.7,78.285,0.0,0.0,0.0
2025-02-09 01:00:00,31.173333333333332,32.7,78.285,0.0,0.0,0.0
2025-02-09 02:00:00,31.173,32.7,78.285,0.0,3.615022312409827,0.0
2025-02-09 03:00:00,31.176,32.7,78.285,0.0,0.0,0.0
2025-02-09 04:00:00,31.174,32.7,78.285,0.0,0.0,0.0
2025-02-09 05:00:00,31.172,32.7,78.285,0.0,0.0,0.0
2025-02-09 06:00:00,31.17,32.7,78.285,0.0,0.0,0.0
2025-02-09 07:00:00,31.168,32.7,78.285,0.0,0.0,1.9255063966027004
2025-02-09 08:00:00,31.166,32.7,78.285,0.0,0.0,0.0
2025-02-09 09:00:00,31.164,32.7,78.285,0.0,0.0,2.830380949178037
2025-02-09 10:00:00,31.16,32.7,78.285,0.0,0.0,0.0
2025-02-09 11:00:00,31.162,32.7,78.285,0.0,0.0,0.0
2025-02-09 12:00:00,31.164,32.7,78.285,0.0,0.0,0.0
2025-02-09 13:00:00,31.166,32.7,78.285,0.0,0.0,0.0
2025-02-09 14:00:00,31.168,32.7,78.285,0.3908983093132657,0.0,0.0
2025-02-09 15:00:00,31.17,32.7,78.285,0.0,0.0,0.0
2025-02-09 16:00:00,31.172,32.7,78.285,0.0,0.0,0.0
2025-02-09 17:00:00,31.179,32.7,78.285,0.0,0.0,0.0
2025-02-09 18:00:00,31.1775,32.7,78.285,0.0,0.0,0.0
2025-02-09 19:00:00,31.176,32.7,78.285,0.0,0.0,0.0
2025-02-09 20:00:00,31.174500000000002,32.7,78.285,0.0,0.0,0.0
2025-02-09 21:00:00,31.173000000000002,32.7,78.285,0.0,0.0,0.0
2025-02-09 22:00:00,31.1715,32.7,78.285,0.0,0.0,0.0
2025-02-09 23:00:00,31.17,32.7,78.285,3.552349094834956,4.481598387736053,4.391244877642746
2025-02-10 00:00:00,31.163,32.7,78.285,0.0,0.0,0.0
2025-02-10 01:00:00,31.164833333333334,32.7,78.285,0.0,0.0,0.0
2025-02-10 02:00:00,31.166666666666668,32.7,78.285,0.0,0.0,0.0
2025-02-10 03:00:00,31.1685,32.7,78.285,0.0,0.0,0.0
2025-02-10 04:00:00,31.170333333333332,32.7,78.285,4.045333231697522,0.0,0.0
2025-02-10 05:00:00,31.172166666666666,32.7,78.285,0.0,0.0,0.0
2025-02-10 06:00:00,31.174,32.7,78.285,1.4603817764819067,0.0,0.0
2025-02-10 07:00:00,31.182,32.7,78.285,0.0,0.0,0.0
2025-02-10 08:00:00,31.181166666666666,32.7,78.285,0.0,0.0,0.0
2025-02-10 09:00:00,31.180333333333333,32.7,78.285,0.0,0.0,0.0
2025-02-10 10:00:00,31.179499999999997,32.7,78.285,0.0,0.0,0.0
2025-02-10 11:00:00,31.178666666666665,32.7,78.285,0.0,0.0,0.0
2025-02-10 12:00:00,31.177833333333332,32.7,78.285,0.0,0.0,0.0
2025-02-10 13:00:00,31.177,32.7,78.285,0.0,0.0,0.0
2025-02-10 14:00:00,31.175,32.7,78.285,0.0,0.0,0.0
2025-02-10 15:00:00,31.173166666666667,32.7,78.285,0.0,1.61229524334335,0.0
2025-02-10 16:00:00,31.171333333333333,32.7,78.285,0.0,0.0,5.391210202009911
2025-02-10 17:00:00,31.1695,32.7,78.285,0.0,0.0,0.0
2025-02-10 18:00:00,31.16766666666667,32.7,78.285,0.0,0.0,0.0
2025-02-10 19:00:00,31.165833333333335,32.7,78.285,0.0,0.0,0.0
2025-02-10 20:00:00,31.164,32.7,78.285,0.0,0.0,0.0
2025-02-10 21:00:00,31.161,32.7,78.285,0.0,0.0,0.0
2025-02-10 22:00:00,31.16,32.7,78.285,0.0,0.0,0.0
2025-02-10 23:00:00,31.159000000000002,32.7,78.285,0.0,0.0,0.0
2025-02-11 00:00:00,31.158,32.7,78.285,0.0,0.0,0.0
2025-02-11 01:00:00,31.157,32.7,78.285,0.0,0.0,0.0
2025-02-11 02:00:00,31.156000000000002,32.7,78.285,0.0,0.0,0.0
2025-02-11 03:00:00,31.155,32.7,78.285,0.0,0.0,0.0
2025-02-11 04:00:00,31.156,32.7,78.285,0.0,0.0,0.0
2025-02-11 05:00:00,31.160333333333334,32.7,78.285,0.0,0.0,5.360199838012383
2025-02-11 06:00:00,31.164666666666665,32.7,78.285,0.0,0.0,0.0
2025-02-11 07:00:00,31.168999999999997,32.7,78.285,0.0,0.0,0.0
2025-02-11 08:00:00,31.173333333333332,32.7,78.285,0.0,0.0,0.0
2025-02-11 09:00:00,31.177666666666667,32.7,78.285,0.0,0.0,2.282313514633773
2025-02-11 10:00:00,31.182,32.7,78.285,0.0,0.0,0.0
2025-02-11 11:00:00,31.179,32.7,78.285,0.0,0.0,0.0
2025-02-11 12:00:00,31.177666666666667,32.7,78.285,0.0,0.0,0.0
2025-02-11 13:00:00,31.176333333333332,32.7,78.285,0.0,1.7339764484878408,0.0
2025-02-11 14:00:00,31.174999999999997,32.7,78.285,0.0,0.0,0.0
2025-02-11 15:00:00,31.173666666666666,32.7,78.285,0.0,0.0,0.0
2025-02-11 16:00:00,31.172333333333334,32.7,78.285,13.722464817888218,0.0,0.0
2025-02-11 17:00:00,31.171,32.7,78.285,9.173040852983176,0.0,0.0
2025-02-11 18:00:00,31.169,32.7,78.285,0.0,0.0,0.0
2025-02-11 19:00:00,31.171666666666667,32.7,78.285,0.0,0.0,0.0
2025-02-11 20:00:00,31.174333333333333,32.7,78.285,0.0,0.0,0.0
2025-02-11 21:00:00,31.177,32.7,78.285,0.0,0.0,0.0
2025-02-11 22:00:00,31.179666666666666,32.7,78.285,0.0,0.0,0.0
2025-02-11 23:00:00,31.182333333333332,32.7,78.285,0.0,0.0,0.0
2025-02-12 00:00:00,31.185,32.7,78.285,0.0,0.0,0.0
2025-02-12 01:00:00,31.18,32.7,78.285,0.0,0.0,0.0
2025-02-12 02:00:00,31.1775,32.7,78.285,0.0,0.0,0.0
2025-02-12 03:00:00,31.175,32.7,78.285,0.0,0.0,0.0
2025-02-12 04:00:00,31.1725,32.7,78.285,0.0,0.0,0.0
2025-02-12 05:00:00,31.169999999999998,32.7,78.285,0.0,0.0,0.0
2025-02-12 06:00:00,31.1675,32.7,78.285,0.0,0.0,0.0
2025-02-12 07:00:00,31.165,32.7,78.285,0.0,0.0,0.0
2025-02-12 08:00:00,31.159,32.7,78.285,1.3440499267760448,0.0,0.0
2025-02-12 09:00:00,31.157833333333333,32.7,78.285,0.0,0.0,0.0
2025-02-12 10:00:00,31.156666666666666,32.7,78.285,0.0,0.0,0.0
2025-02-12 11:00:00,31.1555,32.7,78.285,0.0,0.0,0.0
2025-02-12 12:00:00,31.154333333333334,32.7,78.285,0.0,0.0,0.0
2025-02-12 13:00:00,31.153166666666667,32.7,78.285,0.0,0.8325976715516896,0.0
2025-02-12 14:00:00,31.152,32.7,78.285,0.0,3.418414879429617,0.0
2025-02-12 15:00:00,31.147,32.7,78.285,0.0,0.0,0.0
2025-02-12 16:00:00,31.149833333333333,32.7,78.285,0.0,0.0,0.0
2025-02-12 17:00:00,31.152666666666665,32.7,78.285,0.0,0.4082981352543888,0.0
2025-02-12 18:00:00,31.1555,32.7,78.285,0.0,0.0,0.0
2025-02-12 19:00:00,31.158333333333335,32.7,78.285,0.0,0.0,0.0
2025-02-12 20:00:00,31.161166666666666,32.7,78.285,0.0,0.0,0.0
2025-02-12 21:00:00,31.164,32.7,78.285,23.89313106844796,7.114233382636952,0.0
2025-02-12 22:00:00,31.169,32.7,78.285,0.0,0.0,0.0
2025-02-12 23:00:00,31.167,32.7,78.285,0.0,0.0,0.0
2025-02-13 00:00:00,31.165,32.7,78.285,0.0,0.0,0.0
2025-02-13 01:00:00,31.163,32.7,78.285,0.0,0.0,0.0
2025-02-13 02:00:00,31.161,32.7,78.285,0.0,0.0,0.0
2025-02-13 03:00:00,31.159,32.7,78.285,0.0,0.0,0.0
2025-02-13 04:00:00,31.157,32.7,78.285,0.0,0.0,0.0
2025-02-13 05:00:00,31.15,32.7,78.285,0.0,0.0,0.0
2025-02-13 06:00:00,31.170166666666667,32.7,78.285,0.0,0.0,0.0
2025-02-13 07:00:00,31.19033333333333,32.7,78.285,0.0,0.0,0.0
2025-02-13 08:00:00,31.2105,32.7,78.285,0.0,0.0,0.0
2025-02-13 09:00:00,31.230666666666668,32.7,78.285,0.0,0.0,0.0
2025-02-13 10:00:00,31.250833333333333,32.7,78.285,0.0,0.0,0.0
2025-02-13 11:00:00,31.271,32.7,78.285,0.0,0.0,0.0
2025-02-13 12:00:00,31.257,32.7,78.285,0.0,0.0,0.0
2025-02-13 13:00:00,31.253833333333333,32.7,78.285,0.0,0.0,0.0
2025-02-13 14:00:00,31.250666666666667,32.7,78.285,0.24864207786570539,0.0,0.0
2025-02-13 15:00:00,31.247500000000002,32.7,78.285,0.0,0.0,0.0
2025-02-13 16:00:00,31.244333333333334,32.7,78.285,0.0,0.0,0.0
2025-02-13 17:00:00,31.241166666666665,32.7,78.285,0.0,0.0,0.0
2025-02-13 18:00:00,31.238,32.7,78.285,0.0,0.0,0.0
2025-02-13 19:00:00,31.234,32.7,78.285,0.0,0.0,0.0
2025-02-13 20:00:00,31.231333333333335,32.7,78.285,0.0,0.0,0.0
2025-02-13 21:00:00,31.22866666666667,32.7,78.285,0.0,0.0,0.0
2025-02-13 22:00:00,31.226,32.7,78.285,0.0,0.0,0.0
2025-02-13 23:00:00,31.223333333333333,32.7,78.285,0.0,0.0,0.0
2025-02-14 00:00:00,31.220666666666666,32.7,78.285,0.0,0.24993929262548736,0.0
2025-02-14 01:00:00,31.218,32.7,78.285,0.0,0.0,0.0
2025-02-14 02:00:00,31.216,32.7,78.285,0.0,0.0,0.0
2025-02-14 03:00:00,31.21666666666667,32.7,78.285,0.0,2.0835159864955703,0.0
2025-02-14 04:00:00,31.217333333333332,32.7,78.285,0.0,0.0,0.0
2025-02-14 05:00:00,31.218,32.7,78.285,0.7940768315515195,0.0,0.0
2025-02-14 06:00:00,31.218666666666667,32.7,78.285,0.0,0.0,0.0
2025-02-14 07:00:00,31.21933333333333,32.7,78.285,0.0,12.031646940450958,0.0
2025-02-14 08:00:00,31.22,32.7,78.285,0.0,0.0,0.0
2025-02-14 09:00:00,31.213,32.7,78.285,0.0,0.0,0.0
2025-02-14 10:00:00,31.212833333333336,32.7,78.285,0.0,0.0,0.0
2025-02-14 11:00:00,31.212666666666667,32.7,78.285,0.0,0.0,0.0
2025-02-14 12:00:00,31.2125,32.7,78.285,0.0,0.0,0.0
2025-02-14 13:00:00,31.212333333333333,32.7,78.285,0.0,0.0,0.0
2025-02-14 14:00:00,31.21216666666667,32.7,78.285,0.0,0.0,0.0
2025-02-14 15:00:00,31.212,32.7,78.285,1.6977870524354606,11.365867492993539,0.19018310422156282
2025-02-14 16:00:00,31.212,32.7,78.285,0.0,0.0,0.0
2025-02-14 17:00:00,31.2135,32.7,78.285,0.0,0.0,0.0
2025-02-14 18:00:00,31.215,32.7,78.285,0.0,0.0,1.8116602157480153
2025-02-14 19:00:00,31.2165,32.7,78.285,0.0,0.0,0.0
2025-02-14 20:00:00,31.218,32.7,78.285,0.0,0.0,0.0
2025-02-14 21:00:00,31.2195,32.7,78.285,0.0,0.0,0.0
2025-02-14 22:00:00,31.221,32.7,78.285,0.0,0.0,0.0
2025-02-14 23:00:00,31.215,32.7,78.285,0.0,0.3120183689356062,0.0
2025-02-15 00:00:00,31.217166666666667,32.7,78.285,0.0,3.4090516003191627,0.0
2025-02-15 01:00:00,31.219333333333335,32.7,78.285,0.0,0.0,0.0
2025-02-15 02:00:00,31.2215,32.7,78.285,0.0,0.0,0.0
2025-02-15 03:00:00,31.223666666666666,32.7,78.285,0.0,0.0,0.0
2025-02-15 04:00:00,31.225833333333334,32.7,78.285,0.0,0.0,0.0
2025-02-15 05:00:00,31.228,32.7,78.285,0.0,0.0,0.0
2025-02-15 06:00:00,31.23,32.7,78.285,3.788235749663151,5.3081388611449665,2.0274175479723966
2025-02-15 07:00:00,31.229166666666668,32.7,78.285,0.0,0.0,0.0
2025-02-15 08:00:00,31.228333333333335,32.7,78.285,0.0,0.0,0.0
2025-02-15 09:00:00,31.2275,32.7,78.285,0.0,0.0,0.0
2025-02-15 10:00:00,31.226666666666667,32.7,78.285,0.0,0.0,0.0
2025-02-15 11:00:00,31.225833333333334,32.7,78.285,0.0,0.0,0.0
2025-02-15 12:00:00,31.225,32.7,78.285,0.0,0.0,0.0
2025-02-15 13:00:00,31.236,32.7,78.285,0.0,0.0,0.023254733234506882
2025-02-15 14:00:00,31.232833333333332,32.7,78.285,0.0,0.0,0.0
2025-02-15 15:00:00,31.229666666666667,32.7,78.285,0.0,0.0,0.0
2025-02-15 16:00:00,31.2265,32.7,78.285,0.0,0.0,0.0
2025-02-15 17:00:00,31.223333333333333,32.7,78.285,0.0,0.0,0.0
2025-02-15 18:00:00,31.220166666666664,32.7,78.285,0.0,0.0,0.0
2025-02-15 19:00:00,31.217,32.7,78.285,0.0,0.0,0.0
2025-02-15 20:00:00,31.213,32.7,78.285,0.0,0.0,0.0
2025-02-15 21:00:00,31.212666666666667,32.7,78.285,0.0,0.0,2.183334731007421
2025-02-15 22:00:00,31.212333333333333,32.7,78.285,0.0,0.0,3.6038057634789897
2025-02-15 23:00:00,31.212,32.7,78.285,0.0,0.0,0.0
2025-02-16 00:00:00,31.211666666666666,32.7,78.285,0.0,0.0,0.0
2025-02-16 01:00:00,31.211333333333332,32.7,78.285,0.0,0.0,0.0
2025-02-16 02:00:00,31.211,32.7,78.285,0.0,0.0,0.0
2025-02-16 03:00:00,31.213,32.7,78.285,0.0,0.0,0.0
2025-02-16 04:00:00,31.212833333333336,32.7,78.285,0.0,0.0,0.0
2025-02-16 05:00:00,31.212666666666667,32.7,78.285,0.0,0.0,0.0
2025-02-16 06:00:00,31.2125,32.7,78.285,0.0,0.0,0.0
2025-02-16 07:00:00,31.212333333333333,32.7,78.285,0.0,0.0,0.0
2025-02-16 08:00:00,31.21216666666667,32.7,78.285,0.0,0.0,0.0
2025-02-16 09:00:00,31.212,32.7,78.285,0.0,0.0,0.0
2025-02-16 10:00:00,31.209,32.7,78.285,0.0,0.0,0.0
2025-02-16 11:00:00,31.209333333333333,32.7,78.285,0.0,0.0,0.0
2025-02-16 12:00:00,31.209666666666667,32.7,78.285,0.0,0.0,0.0
2025-02-16 13:00:00,31.21,32.7,78.285,0.0,0.0,0.0
2025-02-16 14:00:00,31.21033333333333,32.7,78.285,0.0,5.669826356971217,0.0
2025-02-16 15:00:00,31.210666666666665,32.7,78.285,0.0,0.0,0.0
2025-02-16 16:00:00,31.211,32.7,78.285,0.0,0.0,0.0
2025-02-16 17:00:00,31.21,32.7,78.285,0.0,0.007079154308728314,0.0
2025-02-16 18:00:00,31.2105,32.7,78.285,0.0,0.0,0.0
2025-02-16 19:00:00,31.211000000000002,32.7,78.285,0.0,0.0,0.0
2025-02-16 20:00:00,31.2115,32.7,78.285,0.0,0.0,0.0
2025-02-16 21:00:00,31.212,32.7,78.285,0.0,0.0,0.0
2025-02-16 22:00:00,31.212500000000002,32.7,78.285,0.0,0.0,0.0
2025-02-16 23:00:00,31.213,32.7,78.285,0.0,0.7688921935871708,0.0
2025-02-17 00:00:00,31.22,32.7,78.285,0.0,0.0,0.0
2025-02-17 01:00:00,31.221999999999998,32.7,78.285,0.0,0.0,0.0
2025-02-17 02:00:00,31.224,32.7,78.285,0.0,0.0,0.0
2025-02-17 03:00:00,31.226,32.7,78.285,0.0,0.0,0.0
2025-02-17 04:00:00,31.227999999999998,32.7,78.285,0.0,0.0,0.0
2025-02-17 05:00:00,31.23,32.7,78.285,0.0,0.0,0.0
2025-02-17 06:00:00,31.232,32.7,78.285,0.0,0.0,0.0
2025-02-17 07:00:00,31.235,32.7,78.285,0.0,0.0,0.0
2025-02-17 08:00:00,31.233,32.7,78.285,0.0,0.0,0.0
2025-02-17 09:00:00,31.230999999999998,32.7,78.285,0.0,0.0,0.0
2025-02-17 10:00:00,31.229,32.7,78.285,0.0,0.0,0.0
2025-02-17 11:00:00,31.227,32.7,78.285,0.0,0.0,0.0
2025-02-17 12:00:00,31.224999999999998,32.7,78.285,0.0,0.0,0.0
2025-02-17 13:00:00,31.223,32.7,78.285,0.0,0.0,0.0
2025-02-17 14:00:00,31.221,32.7,78.285,0.0,0.0,0.0
2025-02-17 15:00:00,31.218333333333334,32.7,78.285,0.0,0.0,0.0
2025-02-17 16:00:00,31.215666666666667,32.7,78.285,0.0,0.0,0.0
2025-02-17 17:00:00,31.213,32.7,78.285,0.0,0.0,0.0
2025-02-17 18:00:00,31.21033333333333,32.7,78.285,0.0,0.0,0.0
2025-02-17 19:00:00,31.207666666666665,32.7,78.285,0.0,0.0,0.0
2025-02-17 20:00:00,31.205,32.7,78.285,0.0,0.0,0.0
2025-02-17 21:00:00,31.204,32.7,78.285,0.0,0.0,0.0
2025-02-17 22:00:00,31.2045,32.7,78.285,0.0,0.0,0.0
2025-02-17 23:00:00,31.205000000000002,32.7,78.285,0.0,0.0,0.0
2025-02-18 00:00:00,31.2055,32.7,78.285,0.0,0.0,0.0
2025-02-18 01:00:00,31.206,32.7,78.285,0.0,0.0,0.0
2025-02-18 02:00:00,31.206500000000002,32.7,78.285,0.0,0.0,0.0
2025-02-18 03:00:00,31.207,32.7,78.285,0.0,0.0,0.0
2025-02-18 04:00:00,31.201,32.7,78.285,0.0,0.0,0.0
2025-02-18 05:00:00,31.200833333333335,32.7,78.285,4.199378569322243,40.827765446104415,0.802429346426505
2025-02-18 06:00:00,31.200666666666667,32.7,78.285,0.0,0.0,0.0
2025-02-18 07:00:00,31.200499999999998,32.7,78.285,0.6492701369347524,0.0,0.0
2025-02-18 08:00:00,31.200333333333333,32.7,78.285,0.0,0.0,0.0
2025-02-18 09:00:00,31.200166666666668,32.7,78.285,0.0,0.0,0.0
2025-02-18 10:00:00,31.2,32.7,78.285,0.0,0.0,0.0
2025-02-18 11:00:00,31.201,32.7,78.285,0.0,0.0,0.0
2025-02-18 12:00:00,31.201333333333334,32.7,78.285,0.0,0.0,0.0
2025-02-18 13:00:00,31.201666666666668,32.7,78.285,0.0,0.0,0.0
2025-02-18 14:00:00,31.201999999999998,32.7,78.285,0.0,0.0,0.0
2025-02-18 15:00:00,31.202333333333332,32.7,78.285,0.0,0.0,0.0
2025-02-18 16:00:00,31.202666666666666,32.7,78.285,0.0,0.0,0.0
2025-02-18 17:00:00,31.203,32.7,78.285,0.0,0.0,0.0
2025-02-18 18:00:00,31.203,32.7,78.285,0.0,0.0,0.0
2025-02-18 19:00:00,31.203666666666667,32.7,78.285,0.0,0.0,0.0
2025-02-18 20:00:00,31.204333333333334,32.7,78.285,0.0,0.0,0.0
2025-02-18 21:00:00,31.205,32.7,78.285,0.5643360781280891,1.2608767837719996,8.850170222564337
2025-02-18 22:00:00,31.205666666666666,32.7,78.285,0.0,0.0,5.197529604417515
2025-02-18 23:00:00,31.206333333333333,32.7,78.285,0.0,1.6331192267407353,0.0
2025-02-19 00:00:00,31.207,32.7,78.285,0.0,0.0,0.0
2025-02-19 01:00:00,31.208,32.7,78.285,0.0,0.0,0.0
2025-02-19 02:00:00,31.209333333333333,32.7,78.285,0.0,0.0,0.0
2025-02-19 03:00:00,31.210666666666665,32.7,78.285,0.0,0.0,0.0
2025-02-19 04:00:00,31.212,32.7,78.285,1.4477363013858309,1.8050219157944962,0.22875580913332086
2025-02-19 05:00:00,31.213333333333335,32.7,78.285,0.0,0.0,0.0
2025-02-19 06:00:00,31.214666666666666,32.7,78.285,0.0,0.0,0.0
2025-02-19 07:00:00,31.216,32.7,78.285,0.0,0.0,0.0
2025-02-19 08:00:00,31.221,32.7,78.285,0.916712984880439,8.758229428265604,3.1093920353323043
2025-02-19 09:00:00,31.22233333333333,32.7,78.285,0.0,0.0,0.0
2025-02-19 10:00:00,31.223666666666666,32.7,78.285,0.0,0.0,0.0
2025-02-19 11:00:00,31.225,32.7,78.285,0.0,0.0,0.0
2025-02-19 12:00:00,31.226333333333333,32.7,78.285,0.0,0.0,0.0
2025-02-19 13:00:00,31.227666666666664,32.7,78.285,3.194851001976836,9.850863608994477,0.3769552927314862
2025-02-19 14:00:00,31.229,32.7,78.285,0.0,0.0,0.0
2025-02-19 15:00:00,31.225,32.7,78.285,0.0,0.0,0.0
2025-02-19 16:00:00,31.260170014347203,32.7,78.285,0.0,0.0,0.0
2025-02-19 17:00:00,31.295340028694405,32.7,78.285,0.0,0.0,0.0
2025-02-19 18:00:00,31.33051004304161,32.7,78.285,0.0,0.0,0.0
2025-02-19 19:00:00,31.36568005738881,32.7,78.285,0.0,0.0,0.0
2025-02-19 20:00:00,31.400850071736013,32.7,78.285,0.0,0.0,0.0
2025-02-19 21:00:00,31.436020086083214,32.7,78.285,0.0,0.0,0.0
2025-02-19 22:00:00,31.471190100430416,32.7,78.285,0.0,0.0,0.0
2025-02-19 23:00:00,31.50636011477762,32.7,78.285,0.0,0.0,0.0
2025-02-20 00:00:00,31.541530129124823,32.7,78.285,0.0,0.0,0.0
2025-02-20 01:00:00,31.576700143472024,32.7,78.285,0.0,0.0,0.0
2025-02-20 02:00:00,31.611870157819226,32.7,78.285,0.0,0.0,0.0
2025-02-20 03:00:00,31.647040172166427,32.7,78.285,0.0,0.0,0.0
2025-02-20 04:00:00,31.682210186513633,32.7,78.285,0.0,0.0,1.7970001190043279
2025-02-20 05:00:00,31.717380200860834,32.7,78.285,0.0,0.0,0.0
2025-02-20 06:00:00,31.752550215208036,32.7,78.285,0.0,0.0,0.0
2025-02-20 07:00:00,31.787720229555237,32.7,78.285,0.0,0.0,0.0
2025-02-20 08:00:00,31.82289024390244,32.7,78.285,0.0,0.0,0.0
2025-02-20 09:00:00,31.858060258249644,32.7,78.285,0.0,0.0,0.0
2025-02-20 10:00:00,31.893230272596846,32.7,78.285,0.0,0.0,0.0
2025-02-20 11:00:00,31.928400286944047,32.7,78.285,5.241689998649654,0.0,0.0
2025-02-20 12:00:00,31.96357030129125,32.7,78.285,0.0,0.0,0.0
2025-02-20 13:00:00,31.99874031563845,32.7,78.285,0.0,0.0,0.0
2025-02-20 14:00:00,32.03391032998565,32.7,78.285,0.0,0.0,0.0
2025-02-20 15:00:00,32.06908034433285,32.7,78.285,0.0,0.0,0.0
2025-02-20 16:00:00,32.06908034433285,32.7,78.285,0.0,0.0,0.0
2025-02-20 17:00:00,32.06908034433285,32.7,78.285,0.0,0.0,0.0
2025-02-20 18:00:00,32.104301776829686,32.7,78.285,0.0,0.0,0.0
2025-02-20 19:00:00,32.13952320932652,32.7,78.285,0.0,0.0,0.0
2025-02-20 20:00:00,32.17474464182335,32.7,78.285,0.0,0.0,0.0
2025-02-20 21:00:00,32.209966074320185,32.7,78.285,0.47343423090957315,0.0,0.0
2025-02-20 22:00:00,32.24518750681702,32.7,78.285,0.0,0.0,0.0
2025-02-20 23:00:00,32.28040893931385,32.7,78.285,0.0,0.0,3.2649902674397624
2025-02-21 00:00:00,32.315630371810684,32.7,78.285,0.0,0.0,0.0
2025-02-21 01:00:00,32.35085180430752,32.7,78.285,0.0,0.0,0.0
2025-02-21 02:00:00,32.38607323680435,32.7,78.285,0.0,0.0,0.0
2025-02-21 03:00:00,32.42129466930118,32.7,78.285,0.0,0.0,0.0
2025-02-21 04:00:00,32.456516101798016,32.7,78.285,0.0,0.0,0.0
2025-02-21 05:00:00,32.49173753429485,32.7,78.285,0.0,0.0,0.0
2025-02-21 06:00:00,32.52695896679168,32.7,78.285,0.0,0.0,0.0
2025-02-21 07:00:00,32.56218039928851,32.7,78.285,0.0,0.0,0.0
2025-02-21 08:00:00,32.59740183178534,32.7,78.285,0.0,0.0,0.0
2025-02-21 09:00:00,32.632623264282174,32.7,78.285,0.0,0.0,0.0
2025-02-21 10:00:00,32.66784469677901,32.7,78.285,0.0,0.0,0.0
2025-02-21 11:00:00,32.70306612927584,32.7,78.285,0.0,0.0,0.0
2025-02-21 12:00:00,32.73828756177267,32.7,78.285,0.0,0.0,0.0
2025-02-21 13:00:00,32.773508994269505,32.7,78.285,0.0,0.0,0.0
2025-02-21 14:00:00,32.80873042676634,32.7,78.285,0.2038087850396683,0.0,0.0
2025-02-21 15:00:00,32.84395185926317,32.7,78.285,0.0,0.0,0.0
2025-02-21 16:00:00,32.879173291760004,32.7,78.285,0.0,0.0,0.0
2025-02-21 17:00:00,32.91439472425684,32.7,78.285,0.0,0.0,0.0
2025-02-21 18:00:00,32.91439472425684,32.7,78.285,0.0,0.0,0.0
2025-02-21 19:00:00,32.91439472425684,32.7,78.285,0.0,0.0,0.0
2025-02-21 20:00:00,32.91439472425684,32.7,78.285,0.0,0.0,0.18391519674687618
2025-02-21 21:00:00,32.91439472425684,32.7,78.285,0.0,0.0,0.0
2025-02-21 22:00:00,32.91439472425684,32.7,78.285,0.0,0.0,0.0
2025-02-21 23:00:00,32.91439472425684,32.7,78.285,0.0,0.0,0.0
2025-02-22 00:00:00,32.91439472425684,32.7,78.285,0.0,0.0,0.0
2025-02-22 01:00:00,32.91439472425684,32.7,78.285,0.0,0.0,0.0
2025-02-22 02:00:00,32.91439472425684,32.7,78.285,0.0,0.0,0.0
2025-02-22 03:00:00,32.91439472425684,32.7,78.285,0.0,0.0,0.0
2025-02-22 04:00:00,32.91439472425684,32.7,78.285,0.0,0.0,0.0
2025-02-22 05:00:00,32.91439472425684,32.7,78.285,0.0,0.0,0.0
2025-02-22 06:00:00,32.91439472425684,32.7,78.285,0.0,0.0,0.0
2025-02-22 07:00:00,32.91439472425684,32.7,78.285,6.042349994175511,0.0,0.0
2025-02-22 08:00:00,32.91439472425684,32.7,78.285,0.0,0.0,0.0
2025-02-22 09:00:00,32.91439472425684,32.7,78.285,0.0,0.0,0.0
2025-02-22 10:00:00,32.91439472425684,32.7,78.285,0.0,0.0,0.0
2025-02-22 11:00:00,32.91439472425684,32.7,78.285,1.8699134864048372,1.7945287627536013,80.0
2025-02-22 12:00:00,32.91439472425684,32.7,78.285,0.0,0.0,0.0
2025-02-22 13:00:00,32.91439472425684,32.7,78.285,2.3052184914702596,0.837877135014226,5.913131494893579
2025-02-22 14:00:00,32.91439472425684,32.7,78.285,0.0,0.0,0.0
2025-02-22 15:00:00,32.91439472425684,32.7,78.285,0.0,1.2605330015479803,0.0
2025-02-22 16:00:00,32.91439472425684,32.7,78.285,0.0,0.0,0.0
2025-02-22 17:00:00,32.91439472425684,32.7,78.285,0.0,0.0,0.0
2025-02-22 18:00:00,32.91439472425684,32.7,78.285,0.0,0.0,0.0
2025-02-22 19:00:00,32.91439472425684,32.7,78.285,0.0,0.0,0.0
2025-02-22 20:00:00,32.91439472425684,32.7,78.285,0.0,0.0,0.0
2025-02-22 21:00:00,32.91439472425684,32.7,78.285,0.0,0.0,0.0
2025-02-22 22:00:00,32.91439472425684,32.7,78.285,0.0,0.0,0.0
2025-02-22 23:00:00,32.91439472425684,32.7,78.285,0.0,0.0,0.0
2025-02-23 00:00:00,32.91439472425684,32.7,78.285,0.0,0.0,0.0
2025-02-23 01:00:00,32.91439472425684,32.7,78.285,0.0,0.0,0.0
2025-02-23 02:00:00,32.91439472425684,32.7,78.285,0.0,0.0,0.0
2025-02-23 03:00:00,32.91439472425684,32.7,78.285,0.0,0.0,0.0
2025-02-23 04:00:00,32.91439472425684,32.7,78.285,0.0,0.0,0.0
2025-02-23 05:00:00,32.91439472425684,32.7,78.285,0.0,0.0,0.0
2025-02-23 06:00:00,32.91439472425684,32.7,78.285,0.0,0.0,0.0
2025-02-23 07:00:00,32.91439472425684,32.7,78.285,0.0,0.0,0.0
2025-02-23 08:00:00,32.91439472425684,32.7,78.285,0.0,0.0,0.0
2025-02-23 09:00:00,32.91439472425684,32.7,78.285,0.0,0.0,0.0
2025-02-23 10:00:00,32.91439472425684,32.7,78.285,0.0,0.0,0.0
2025-02-23 11:00:00,32.91439472425684,32.7,78.285,0.0,0.0,0.0
2025-02-23 12:00:00,32.91439472425684,32.7,78.285,0.0,0.0,0.0
2025-02-23 13:00:00,32.91439472425684,32.7,78.285,0.0,0.0,0.0
2025-02-23 14:00:00,32.91439472425684,32.7,78.285,0.0,0.0,0.0
2025-02-23 15:00:00,32.91439472425684,32.7,78.285,0.0,0.0,0.0
2025-02-23 16:00:00,32.91439472425684,32.7,78.285,0.0,0.0,0.0
2025-02-23 17:00:00,32.91439472425684,32.7,78.285,0.0,0.0,0.0
